<?xml version="1.0" encoding="utf-8"?>
<COLLADA xmlns="http://www.collada.org/2005/11/COLLADASchema" version="1.4.1" xmlns:xsi="http://www.w3.org/2001/XMLSchema-instance">
  <asset>
    <contributor>
      <author>Blender User</author>
      <authoring_tool>Blender 3.2.1 commit date:2022-07-05, commit time:15:44, hash:a2d59b2dac9e</authoring_tool>
    </contributor>
    <created>2025-07-17T23:44:16</created>
    <modified>2025-07-17T23:44:16</modified>
    <unit name="meter" meter="1"/>
    <up_axis>Z_UP</up_axis>
  </asset>
  <library_cameras>
    <camera id="Camera-camera" name="Camera">
      <optics>
        <technique_common>
          <perspective>
            <xfov sid="xfov">39.59775</xfov>
            <aspect_ratio>1.777778</aspect_ratio>
            <znear sid="znear">0.1</znear>
            <zfar sid="zfar">100</zfar>
          </perspective>
        </technique_common>
      </optics>
      <extra>
        <technique profile="blender">
          <shiftx sid="shiftx" type="float">0</shiftx>
          <shifty sid="shifty" type="float">0</shifty>
          <dof_distance sid="dof_distance" type="float">10</dof_distance>
        </technique>
      </extra>
    </camera>
  </library_cameras>
  <library_lights>
    <light id="Light-light" name="Light">
      <technique_common>
        <point>
          <color sid="color">1000 1000 1000</color>
          <constant_attenuation>1</constant_attenuation>
          <linear_attenuation>0</linear_attenuation>
          <quadratic_attenuation>0.00111109</quadratic_attenuation>
        </point>
      </technique_common>
      <extra>
        <technique profile="blender">
          <type sid="type" type="int">0</type>
          <flag sid="flag" type="int">0</flag>
          <mode sid="mode" type="int">1</mode>
          <gamma sid="blender_gamma" type="float">1</gamma>
          <red sid="red" type="float">1</red>
          <green sid="green" type="float">1</green>
          <blue sid="blue" type="float">1</blue>
          <shadow_r sid="blender_shadow_r" type="float">0</shadow_r>
          <shadow_g sid="blender_shadow_g" type="float">0</shadow_g>
          <shadow_b sid="blender_shadow_b" type="float">0</shadow_b>
          <energy sid="blender_energy" type="float">1000</energy>
          <dist sid="blender_dist" type="float">29.99998</dist>
          <spotsize sid="spotsize" type="float">75</spotsize>
          <spotblend sid="spotblend" type="float">0.15</spotblend>
          <att1 sid="att1" type="float">0</att1>
          <att2 sid="att2" type="float">1</att2>
          <falloff_type sid="falloff_type" type="int">2</falloff_type>
          <clipsta sid="clipsta" type="float">0.04999995</clipsta>
          <clipend sid="clipend" type="float">30.002</clipend>
          <bias sid="bias" type="float">1</bias>
          <soft sid="soft" type="float">3</soft>
          <bufsize sid="bufsize" type="int">2880</bufsize>
          <samp sid="samp" type="int">3</samp>
          <buffers sid="buffers" type="int">1</buffers>
          <area_shape sid="area_shape" type="int">1</area_shape>
          <area_size sid="area_size" type="float">0.1</area_size>
          <area_sizey sid="area_sizey" type="float">0.1</area_sizey>
          <area_sizez sid="area_sizez" type="float">1</area_sizez>
        </technique>
      </extra>
    </light>
  </library_lights>
  <library_effects>
    <effect id="Layer_1_Front_Inflation_Material-effect">
      <profile_COMMON>
        <technique sid="common">
          <lambert>
            <emission>
              <color sid="emission">0 0 0 1</color>
            </emission>
            <diffuse>
              <color sid="diffuse">0.8 0.8 0.8 1</color>
            </diffuse>
            <reflectivity>
              <float sid="specular">0.08</float>
            </reflectivity>
            <index_of_refraction>
              <float sid="ior">1.45</float>
            </index_of_refraction>
          </lambert>
        </technique>
      </profile_COMMON>
    </effect>
    <effect id="Layer_1_Front_Bevel_Material-effect">
      <profile_COMMON>
        <technique sid="common">
          <lambert>
            <emission>
              <color sid="emission">0 0 0 1</color>
            </emission>
            <diffuse>
              <color sid="diffuse">0.8 0.8 0.8 1</color>
            </diffuse>
            <reflectivity>
              <float sid="specular">0.08</float>
            </reflectivity>
            <index_of_refraction>
              <float sid="ior">1.45</float>
            </index_of_refraction>
          </lambert>
        </technique>
      </profile_COMMON>
    </effect>
    <effect id="Layer_1_Extrusion_Material-effect">
      <profile_COMMON>
        <technique sid="common">
          <lambert>
            <emission>
              <color sid="emission">0 0 0 1</color>
            </emission>
            <diffuse>
              <color sid="diffuse">0.8 0.8 0.8 1</color>
            </diffuse>
            <reflectivity>
              <float sid="specular">0.08</float>
            </reflectivity>
            <index_of_refraction>
              <float sid="ior">1.45</float>
            </index_of_refraction>
          </lambert>
        </technique>
      </profile_COMMON>
    </effect>
    <effect id="Layer_1_Back_Bevel_Material-effect">
      <profile_COMMON>
        <technique sid="common">
          <lambert>
            <emission>
              <color sid="emission">0 0 0 1</color>
            </emission>
            <diffuse>
              <color sid="diffuse">0.8 0.8 0.8 1</color>
            </diffuse>
            <reflectivity>
              <float sid="specular">0.08</float>
            </reflectivity>
            <index_of_refraction>
              <float sid="ior">1.45</float>
            </index_of_refraction>
          </lambert>
        </technique>
      </profile_COMMON>
    </effect>
    <effect id="Layer_1_Back_Inflation_Material-effect">
      <profile_COMMON>
        <technique sid="common">
          <lambert>
            <emission>
              <color sid="emission">0 0 0 1</color>
            </emission>
            <diffuse>
              <color sid="diffuse">0.8 0.8 0.8 1</color>
            </diffuse>
            <reflectivity>
              <float sid="specular">0.08</float>
            </reflectivity>
            <index_of_refraction>
              <float sid="ior">1.45</float>
            </index_of_refraction>
          </lambert>
        </technique>
      </profile_COMMON>
    </effect>
  </library_effects>
  <library_images/>
  <library_materials>
    <material id="Layer_1_Front_Inflation_Material-material" name="Layer 1 Front Inflation Material">
      <instance_effect url="#Layer_1_Front_Inflation_Material-effect"/>
    </material>
    <material id="Layer_1_Front_Bevel_Material-material" name="Layer 1 Front Bevel Material">
      <instance_effect url="#Layer_1_Front_Bevel_Material-effect"/>
    </material>
    <material id="Layer_1_Extrusion_Material-material" name="Layer 1 Extrusion Material">
      <instance_effect url="#Layer_1_Extrusion_Material-effect"/>
    </material>
    <material id="Layer_1_Back_Bevel_Material-material" name="Layer 1 Back Bevel Material">
      <instance_effect url="#Layer_1_Back_Bevel_Material-effect"/>
    </material>
    <material id="Layer_1_Back_Inflation_Material-material" name="Layer 1 Back Inflation Material">
      <instance_effect url="#Layer_1_Back_Inflation_Material-effect"/>
    </material>
  </library_materials>
  <library_geometries>
    <geometry id="Layer_1-mesh" name="Layer 1">
      <mesh>
        <source id="Layer_1-mesh-positions">
          <float_array id="Layer_1-mesh-positions-array" count="7989">0.2291564 -0.06800842 0.007781982 0.2284851 -0.06800842 2.44141e-4 0.2189331 -0.06800842 0.008270263 0.2177124 -0.06800842 0.001678466 0.2138061 -0.06800842 0.007080078 0.2126464 -0.06800842 0.002899169 0.2095642 -0.06800842 0.009033203 0.2078247 -0.06800842 0.004455566 0.2056579 -0.06800842 0.01101684 0.2033691 -0.06800842 0.006347656 0.2021484 -0.06800842 0.01309204 0.1992797 -0.06800842 0.008636474 0.198944 -0.06800842 0.01522827 0.1956481 -0.06800842 0.0112915 0.1960144 -0.06800842 0.01748657 0.1924743 -0.06800842 0.01434326 0.1932678 -0.06800842 0.01995849 0.1898803 -0.06800842 0.01779174 0.1909179 -0.06800842 0.02294921 0.1878356 -0.06800842 0.02166748 0.1889953 -0.06800842 0.02655029 0.1864624 -0.06800842 0.02597045 0.185791 -0.06800842 0.03070068 0.188385 -0.06800842 0.02844238 0.1897888 -0.06800842 0.03070068 0.1888122 -0.06800842 0.02706909 0.1909484 -0.06800842 0.02832031 0.1900024 -0.06800842 0.02453613 0.1922912 -0.06800842 0.02633666 0.1914672 -0.06800842 0.02218627 0.1938171 -0.06800842 0.02468872 0.1932678 -0.06800842 0.01998901 0.1955871 -0.06800842 0.02325439 0.1997985 -0.06800842 0.02069091 0.1986389 -0.06800842 0.02954101 0.1947937 -0.06800842 0.02667236 0.1976013 -0.06800842 0.03079223 0.1936035 -0.06800842 0.02844238 0.1966247 -0.06800842 0.03207397 0.1926269 -0.06800842 0.03033447 0.1958312 -0.06800842 0.03326416 0.1919555 -0.06800842 0.03228759 0.1951904 -0.06800842 0.03448486 0.1916198 -0.06800842 0.03433227 0.1946716 -0.06800842 0.03585815 0.1917724 -0.06800842 0.03640747 0.1924743 -0.06800842 0.0385437 0.1941833 -0.06800842 0.03775024 0.1937866 -0.06800842 0.04071044 0.1993408 -0.06800842 0.02880859 0.202423 -0.06800842 0.03253173 0.2015686 -0.06800842 0.02670288 0.2044372 -0.06800842 0.03106689 0.2340698 -0.06800842 0.006317138 0.2067871 -0.06800842 0.0296936 0.2049255 -0.06800842 0.03982543 0.2008056 -0.06800842 0.03701782 0.2037353 -0.06800842 0.04092407 0.1996765 -0.06800842 0.03900146 0.2022399 -0.06800842 0.04241943 0.1987915 -0.06800842 0.04138183 0.1981506 -0.06800842 0.04421997 0.2002868 -0.06800842 0.04455566 0.1977844 -0.06800842 0.04769897 0.2033996 -0.06800842 0.04125976 0.2049865 -0.06800842 0.04525756 0.2257385 -0.06800842 0.02383422 0.2295837 -0.06800842 0.03411865 0.2303161 -0.06800842 0.02078247 0.2334289 -0.06800842 0.0329895 0.2350463 -0.06800842 0.01791381 0.2374572 -0.06800842 0.03210449 0.2404785 -0.06800842 0.01589965 0.2416687 -0.06800842 0.03161621 0.2464599 -0.06800842 0.01608276 0.2460937 -0.06800842 0.03149414 0.252655 -0.06800842 0.01675415 0.2507935 -0.06800842 0.03182983 0.2630005 -0.06800842 0.01882934 0.2557983 -0.06800842 0.03268432 0.2825928 -0.06800842 0.0354309 0.2627869 -0.06800842 0.03970336 0.2795715 -0.06800842 0.05252075 0.2613831 -0.06800842 0.04339599 0.2754822 -0.06800842 0.05917358 0.2593079 -0.06800842 0.04666137 0.269928 -0.06800842 0.06393432 0.2566223 -0.06800842 0.04953002 0.2640991 -0.06800842 0.06729125 0.2534485 -0.06800842 0.0520935 0.2582398 -0.06800842 0.07009887 0.2497863 -0.06800842 0.05432128 0.2480163 -0.06800842 0.07424926 0.2415466 -0.06800842 0.05810546 0.2182617 -0.06800842 0.08697509 0.2105712 -0.06800842 0.06881713 0.2168579 -0.06800842 0.08792114 0.2069702 -0.06800842 0.07064819 0.2154235 -0.06800842 0.08898925 0.2037963 -0.06800842 0.07269287 0.2145996 -0.06800842 0.08966064 0.2016296 -0.06800842 0.07443237 0.213684 -0.06800842 0.09048461 0.1995849 -0.06800842 0.07629394 0.2128601 -0.06800842 0.09124755 0.1977233 -0.06800842 0.0783081 0.2121582 -0.06800842 0.09197998 0.1960144 -0.06800842 0.08047485 0.2114868 -0.06800842 0.09277343 0.194458 -0.06800842 0.08285522 0.2108154 -0.06800842 0.09362792 0.1931152 -0.06800842 0.0854187 0.210083 -0.06800842 0.094635 0.191986 -0.06800842 0.0881958 0.209259 -0.06800842 0.09588623 0.1910705 -0.06800842 0.09121704 0.2083129 -0.06800842 0.09744262 0.1903991 -0.06800842 0.0944519 0.2082824 -0.06800842 0.0994873 0.1899719 -0.06800842 0.0979309 0.208435 -0.06800842 0.1018676 0.1897888 -0.06800842 0.101715 0.2088623 -0.06800842 0.1063842 0.1899719 -0.06800842 0.107727 0.2093505 -0.06800842 0.1098937 0.1905822 -0.06800842 0.1130676 0.2098693 -0.06800842 0.1125183 0.1916503 -0.06800842 0.1177673 0.2103881 -0.06800842 0.1144409 0.1930847 -0.06800842 0.1218872 0.2108459 -0.06800842 0.1158447 0.1949462 -0.06800842 0.1254882 0.2113037 -0.06800842 0.1169738 0.1971435 -0.06800842 0.1285705 0.2118835 -0.06800842 0.1181335 0.1996765 -0.06800842 0.1312561 0.2127075 -0.06800842 0.1195373 0.2025146 -0.06800842 0.1336059 0.2139282 -0.06800842 0.1212463 0.2056579 -0.06800842 0.1355895 0.2158813 -0.06800842 0.1223144 0.2090454 -0.06800842 0.1373596 0.2218933 -0.06800842 0.1252136 0.2165222 -0.06800842 0.1403198 0.2452392 -0.06800842 0.1322326 0.2427978 -0.06800842 0.1487121 0.2469177 -0.06800842 0.1322021 0.2477722 -0.06800842 0.1486206 0.2526245 -0.06800842 0.1481933 0.2541199 -0.06800842 0.1314392 0.2573547 -0.06800842 0.1474304 0.2574158 -0.06800842 0.1306762 0.2619019 -0.06800842 0.1463317 0.260437 -0.06800842 0.1297912 0.2662354 -0.06800842 0.1448974 0.2632141 -0.06800842 0.1288452 0.2702637 -0.06800842 0.1431274 0.2656555 -0.06800842 0.127777 0.2739868 -0.06800842 0.1410522 0.2677918 -0.06800842 0.1266784 0.2773743 -0.06800842 0.1386718 0.2696533 -0.06800842 0.1255493 0.280365 -0.06800842 0.1360168 0.2712402 -0.06800842 0.1244506 0.282898 -0.06800842 0.1330261 0.2726746 -0.06800842 0.123291 0.2849426 -0.06800842 0.1297912 0.2740479 -0.06800842 0.1220092 0.2864685 -0.06800842 0.1262512 0.2754822 -0.06800842 0.1204223 0.2874451 -0.06800842 0.1224365 0.2771301 -0.06800842 0.1182861 0.2877808 -0.06800842 0.1183776 0.2790833 -0.06800842 0.1152648 0.2875061 -0.06800842 0.1140747 0.286499 -0.06800842 0.109497 0.2816162 -0.06800842 0.1109008 0.28479 -0.06800842 0.1047058 0.2799378 -0.06800842 0.113739 0.2776489 -0.06800842 0.1067504 0.2638855 -0.06800842 0.128601 0.2592774 -0.06800842 0.1134643 0.25177 -0.06800842 0.1152954 0.2479858 -0.06800842 0.1157531 0.2434387 -0.06800842 0.131958 0.2441711 -0.06800842 0.1158142 0.2376708 -0.06800842 0.1307373 0.2403259 -0.06800842 0.1154174 0.2365112 -0.06800842 0.1144714 0.22583 -0.06800842 0.1269531 0.2326354 -0.06800842 0.112915 0.2287902 -0.06800842 0.1107177 0.2277832 -0.06800842 0.1047058 0.219696 -0.06800842 0.08615112 0.2315063 -0.06800842 0.1015319 0.2256469 -0.06800842 0.0831604 0.2354736 -0.06800842 0.0987854 0.2315673 -0.06800842 0.08044433 0.239624 -0.06800842 0.09640502 0.2419738 -0.06800842 0.07635498 0.2483825 -0.06800842 0.09252929 0.2678223 -0.06800842 0.06524658 0.275116 -0.06800842 0.08309936 0.2702332 -0.06800842 0.0637207 0.2792053 -0.06800842 0.08117675 0.2724304 -0.06800842 0.0619812 0.2831116 -0.06800842 0.07897949 0.2742004 -0.06800842 0.06045532 0.2867127 -0.06800842 0.07644653 0.2756043 -0.06800842 0.05905151 0.2900391 -0.06800842 0.07351684 0.2767029 -0.06800842 0.05758666 0.2930298 -0.06800842 0.07015991 0.2956543 -0.06800842 0.06622314 0.2788696 -0.06800842 0.05398559 0.2978211 -0.06800842 0.06173706 0.2799988 -0.06800842 0.05126953 0.2995606 -0.06800842 0.05657958 0.2810974 -0.06800842 0.0475769 0.3007813 -0.06800842 0.05068969 0.2814026 -0.06800842 0.04632568 0.301117 -0.06800842 0.04769897 0.2816467 -0.06800842 0.04507446 0.3012085 -0.06800842 0.04464721 0.2822266 -0.06800842 0.0409851 0.3007507 -0.06800842 0.03842163 0.2825623 -0.06800842 0.03689575 0.2994995 -0.06800842 0.03234863 0.281189 -0.06800842 0.03314208 0.2976074 -0.06800842 0.02670288 0.2804566 -0.06800842 0.03210449 0.2964478 -0.06800842 0.0241394 0.2797241 -0.06800842 0.03112792 0.295166 -0.06800842 0.02178955 0.2793579 -0.06800842 0.03070068 0.2937927 -0.06800842 0.01971435 0.2785339 -0.06800842 0.02981567 0.2914124 -0.06800842 0.01696777 0.2773438 -0.06800842 0.02868652 0.2884827 -0.06800842 0.01440429 0.2755127 -0.06800842 0.02716064 0.2850647 -0.06800842 0.01202392 0.2733765 -0.06800842 0.02551269 0.2811585 -0.06800842 0.009796142 0.2667847 -0.06800842 0.02105712 0.2721863 -0.06800842 0.005981445 0.2585144 -0.06800842 0.01779174 0.2620239 -0.06800842 0.00302124 0.2490234 -0.06800842 0.01626586 0.2510681 -0.06800842 0.00100708 0.2390136 -0.06800842 0.01593017 0.239746 -0.06800842 6.10352e-5 0.2341918 -0.06800842 0.006561279 0.2340698 -0.06800842 0 0.2173156 -0.06800842 0.005645751 0.2203369 -0.06800842 0.01080322 0.2318115 -0.06800842 0.1290893 0.2385864 -0.06800842 0.01596069 0.2546997 -0.06800842 0.1313171 0.2490844 -0.06800842 0.13208 0.2506104 -0.06800842 0.1319274 0.2137451 -0.06800842 0.1211547 0.2082519 -0.06800842 0.09759521 0.277771 -0.06800842 0.05596923 0.1452636 -0.06800842 0.0100708 0.1447753 -0.06800842 4.88281e-4 0.1306762 -0.06800842 0.008850097 0.1297607 -0.06800842 0.001770019 0.1073608 -0.06800842 0.0147705 0.1056213 -0.06800842 0.00604248 0.09378051 -0.06800842 0.008697509 0.09677124 -0.06800842 0.01242065 0.09274291 -0.06800842 0.01089477 0.0987854 -0.06800842 0.0145874 0.09207153 -0.06800842 0.01315307 0.1026306 -0.06800842 0.019104 0.09143066 -0.06800842 0.01776123 0.1018371 -0.06800842 0.02389526 0.0909729 -0.06800842 0.0220642 0.1011962 -0.06800842 0.02752685 0.09054565 -0.06800842 0.02398681 0.09732055 -0.06800842 0.04650878 0.08978271 -0.06800842 0.0256958 0.07669067 -0.06800842 0.03094482 0.08779907 -0.06800842 0.02471923 0.0770874 -0.06800842 0.01959228 0.0881958 -0.06800842 0.01983642 0.07702636 -0.06800842 0.01705932 0.08804321 -0.06800842 0.01568603 0.07687377 -0.06800842 0.015625 0.08731079 -0.06800842 0.01223754 0.07672119 -0.06800842 0.01504516 0.08599853 -0.06800842 0.009368896 0.07662963 -0.06800842 0.0147705 0.08416748 -0.06800842 0.00704956 0.07635498 -0.06800842 0.01419067 0.0817871 -0.06800842 0.005249023 0.07543945 -0.06800842 0.01278686 0.0788269 -0.06800842 0.003845214 0.07360839 -0.06800842 0.01037597 0.0753479 -0.06800842 0.002838134 0.07067871 -0.06800842 0.006958007 0.07135009 -0.06800842 0.00213623 0.06680297 -0.06800842 0.001708984 0.06738281 -0.06800842 0.003356933 0.06579589 -0.06800842 0.002716064 0.09005737 -0.06800842 0.09649658 0.06695556 -0.06800842 0.09545898 0.08721923 -0.06800842 0.1159362 0.06518554 -0.06800842 0.1125183 0.07418823 -0.06800842 0.1249084 0.0632019 -0.06800842 0.1220703 0.06872558 -0.06800842 0.128601 0.06195068 -0.06800842 0.1261596 0.06427001 -0.06800842 0.1315612 0.06048583 -0.06800842 0.1296997 0.05877685 -0.06800842 0.1326904 0.06176757 -0.06800842 0.1329956 0.05978393 -0.06800842 0.1357116 0.07043457 -0.06800842 0.1273803 0.06988525 -0.06800842 0.1358337 0.08181762 -0.06800842 0.1193847 0.07879638 -0.06800842 0.1368408 0.0927124 -0.06800842 0.1188354 0.0866394 -0.06800842 0.1386718 0.0994873 -0.06800842 0.12854 0.09359741 -0.06800842 0.1413269 0.1046447 -0.06800842 0.1371459 0.09982299 -0.06800842 0.1447448 0.1087036 -0.06800842 0.1449584 0.1054992 -0.06800842 0.1488647 0.1107788 -0.06800842 0.1536865 0.1106872 -0.06800842 0.1494445 0.1138 -0.06800842 0.1506958 0.1011962 -0.06800842 0.02746582 0.1123657 -0.06800842 0.0281372 0.1019592 -0.06800842 0.02297973 0.1127624 -0.06800842 0.02505493 0.1027221 -0.06800842 0.01861572 0.1134338 -0.06800842 0.02236938 0.1066894 -0.06800842 0.01516723 0.1144409 -0.06800842 0.02023315 0.1115112 -0.06800842 0.01245117 0.1157836 -0.06800842 0.01870727 0.1184997 -0.06800842 0.01055908 0.1203308 -0.06800842 0.0170288 0.1247863 -0.06800842 0.01608276 0.1291809 -0.06800842 0.008911132 0.1290893 -0.06800842 0.01583862 0.1344299 -0.06800842 0.008850097 0.1332092 -0.06800842 0.01620483 0.1396789 -0.06800842 0.009246826 0.1371765 -0.06800842 0.01715087 0.144989 -0.06800842 0.01000976 0.1408996 -0.06800842 0.01864624 0.150299 -0.06800842 0.01141357 0.1444091 -0.06800842 0.02059936 0.1556091 -0.06800842 0.01333618 0.147644 -0.06800842 0.02294921 0.1608276 -0.06800842 0.01586914 0.1505737 -0.06800842 0.0256958 0.1653137 -0.06800842 0.01943969 0.1531982 -0.06800842 0.02877807 0.1677551 -0.06800842 0.02456665 0.155487 -0.06800842 0.03210449 0.1688232 -0.06800842 0.03015136 0.1574401 -0.06800842 0.03564453 0.1688842 -0.06800842 0.03579711 0.158966 -0.06800842 0.03933715 0.1680297 -0.06800842 0.04125976 0.1600952 -0.06800842 0.04315185 0.1663513 -0.06800842 0.0463562 0.1607971 -0.06800842 0.04702758 0.1638488 -0.06800842 0.0508728 0.1610412 -0.06800842 0.0508728 0.1607971 -0.06800842 0.0546875 0.1634826 -0.06800842 0.05142211 0.1643371 -0.06800842 0.05377197 0.1654052 -0.06800842 0.0482788 0.1676635 -0.06800842 0.05221557 0.166809 -0.06800842 0.04525756 0.1707153 -0.06800842 0.05010986 0.1677856 -0.06800842 0.04223632 0.1734619 -0.06800842 0.04751586 0.168457 -0.06800842 0.03918457 0.1759033 -0.06800842 0.04449462 0.1688537 -0.06800842 0.03616333 0.178009 -0.06800842 0.04113769 0.1689453 -0.06800842 0.03320312 0.1796875 -0.06800842 0.03753662 0.1688537 -0.06800842 0.0303955 0.1809997 -0.06800842 0.03375244 0.1684875 -0.06800842 0.02777099 0.1818237 -0.06800842 0.02984619 0.1680297 -0.06800842 0.02548217 0.1821899 -0.06800842 0.02590942 0.1674194 -0.06800842 0.02352905 0.1820678 -0.06800842 0.02200317 0.1667785 -0.06800842 0.02197265 0.1813964 -0.06800842 0.01821899 0.1661987 -0.06800842 0.02078247 0.1801757 -0.06800842 0.01461791 0.1783447 -0.06800842 0.0112915 0.1650085 -0.06800842 0.01907348 0.1759033 -0.06800842 0.008300781 0.1641235 -0.06800842 0.01821899 0.1727905 -0.06800842 0.005706787 0.1633605 -0.06800842 0.01757812 0.1698303 -0.06800842 0.00402832 0.1619262 -0.06800842 0.01657104 0.1664428 -0.06800842 0.002685546 0.159729 -0.06800842 0.0152893 0.1626586 -0.06800842 0.001708984 0.1570739 -0.06800842 0.01394653 0.1585693 -0.06800842 0.00100708 0.1492919 -0.06800842 0.01110839 0.1495666 -0.06800842 4.27246e-4 0.1239013 -0.06800842 0.009521484 0.1028137 -0.06800842 0.01831054 0.1656188 -0.06800842 0.01986694 0.08950805 -0.06800842 0.0513916 0.08923339 -0.06800842 0.1145019 0.03533935 -0.06800842 0.01397705 0.03445434 -0.06800842 0.007080078 0.03082275 -0.06800842 0.02011108 0.02841186 -0.06800842 0.007995605 0.02694702 -0.06800842 0.02200317 0.0231018 -0.06800842 0.009277343 0.02395629 -0.06800842 0.02380371 0.01834106 -0.06800842 0.01101684 0.02127075 -0.06800842 0.02593994 0.01391601 -0.06800842 0.01330566 0.01452636 -0.06800842 0.03259277 0.01177978 -0.06800842 0.01470947 -0.009338378 -0.06800842 0.02383422 -0.006134033 -0.06800842 0.009674072 -0.01586914 -0.06800842 0.02200317 -0.01412963 -0.06800842 0.008300781 -0.0218811 -0.06800842 0.02056884 -0.02148437 -0.06800842 0.007690429 -0.02706909 -0.06800842 0.02185058 -0.02825927 -0.06800842 0.007843017 -0.03121948 -0.06800842 0.02328491 -0.03442382 -0.06800842 0.008758544 -0.03445434 -0.06800842 0.02481079 -0.04000854 -0.06800842 0.01040649 -0.03704833 -0.06800842 0.02651977 -0.04501342 -0.06800842 0.01278686 -0.03927612 -0.06800842 0.02828979 -0.04949951 -0.06800842 0.01593017 -0.04129028 -0.06800842 0.03048706 -0.05346679 -0.06800842 0.0198059 -0.04336547 -0.06800842 0.0331726 -0.05691528 -0.06800842 0.02438354 -0.04537963 -0.06800842 0.03668212 -0.05987548 -0.06800842 0.0296936 -0.04736328 -0.06800842 0.04104614 -0.06234741 -0.06800842 0.03573608 -0.0491333 -0.06800842 0.04608154 -0.06439208 -0.06800842 0.04248046 -0.0519104 -0.06800842 0.05987548 -0.06710815 -0.06800842 0.05807495 -0.05319213 -0.06800842 0.07690429 -0.0682373 -0.06800842 0.07647705 -0.05264282 -0.06800842 0.1074829 -0.06820678 -0.06800842 0.08670043 -0.07464599 -0.06800842 0.09707641 -0.07192993 -0.06800842 0.0856018 -0.07672119 -0.06800842 0.09558105 -0.07546997 -0.06800842 0.08496093 -0.07879638 -0.06800842 0.09494018 -0.07879638 -0.06800842 0.08477783 -0.08062744 -0.06800842 0.09539794 -0.08197021 -0.06800842 0.08496093 -0.08227539 -0.06800842 0.09594726 -0.08493041 -0.06800842 0.08554077 -0.08380126 -0.06800842 0.09652709 -0.08773803 -0.06800842 0.08642578 -0.08532714 -0.06800842 0.097229 -0.09036254 -0.06800842 0.08764648 -0.08688354 -0.06800842 0.09805297 -0.09280395 -0.06800842 0.08908081 -0.08847045 -0.06800842 0.09899902 -0.09509277 -0.06800842 0.09078979 -0.097229 -0.06800842 0.09265136 -0.0927124 -0.06800842 0.09738159 -0.09921264 -0.06800842 0.09469604 -0.09082031 -0.06800842 0.1023254 -0.09933471 -0.06800842 0.1026 -0.09179687 -0.06800842 0.1040039 -0.09912109 -0.06800842 0.1049194 -0.09268188 -0.06800842 0.1056823 -0.0987854 -0.06800842 0.1070251 -0.09344482 -0.06800842 0.1072692 -0.09823608 -0.06800842 0.1089782 -0.09405517 -0.06800842 0.1089477 -0.09747314 -0.06800842 0.1107482 -0.09646606 -0.06800842 0.1123046 -0.09466552 -0.06800842 0.1109008 -0.09521484 -0.06800842 0.1137084 -0.08221435 -0.06800842 0.1076965 -0.0671997 -0.06800842 0.1347045 -0.0560913 -0.06800842 0.1151123 -0.03622436 -0.06800842 0.1336975 -0.038208 -0.06800842 0.07611083 -0.05230712 -0.06800842 0.06292724 -0.03732299 -0.06800842 0.06491088 -0.05032348 -0.06800842 0.05111694 -0.0354309 -0.06800842 0.05477905 -0.04873657 -0.06800842 0.04486083 -0.03402709 -0.06800842 0.05023193 -0.04650878 -0.06800842 0.03900146 -0.03225708 -0.06800842 0.04608154 -0.04345703 -0.06800842 0.03329467 -0.03015136 -0.06800842 0.04241943 -0.03918457 -0.06800842 0.02816772 -0.0276184 -0.06800842 0.0392456 -0.03347778 -0.06800842 0.02426147 -0.0246582 -0.06800842 0.03668212 -0.02120971 -0.06800842 0.03469848 0.001831054 -0.06800842 0.0276184 -0.01119995 -0.06800842 0.03869628 0.008422851 -0.06800842 0.04388427 -0.009399414 -0.06800842 0.04678344 0.007873535 -0.06800842 0.05474853 -0.008483886 -0.06800842 0.05566406 0.00704956 -0.06800842 0.07528686 -0.008300781 -0.06800842 0.07516479 -0.009094238 -0.06800842 0.1111145 0.006652832 -0.06800842 0.1194458 -0.008514404 -0.06800842 0.1209411 -0.007202148 -0.06800842 0.1302795 -0.001892089 -0.06800842 0.1293029 -0.006195068 -0.06800842 0.1347045 0.007751464 -0.06800842 0.1183166 0.02478027 -0.06800842 0.1347045 0.0223999 -0.06800842 0.07531738 0.007354736 -0.06800842 0.0621643 0.02307128 -0.06800842 0.06381225 0.007995605 -0.06800842 0.04986572 0.0246582 -0.06800842 0.05322265 0.008422851 -0.06800842 0.04318237 0.0258789 -0.06800842 0.04840087 0.00881958 -0.06800842 0.03640747 0.0274353 -0.06800842 0.04391479 0.01498413 -0.06800842 0.03207397 0.02932739 -0.06800842 0.03988647 0.01959228 -0.06800842 0.02740478 0.03158569 -0.06800842 0.0362854 0.02462768 -0.06800842 0.02331542 0.03424072 -0.06800842 0.0331726 0.03036499 -0.06800842 0.02029418 0.03738403 -0.06800842 0.03060913 0.0369873 -0.06800842 0.01953125 0.04095458 -0.06800842 0.028656 0.04354858 -0.06800842 0.02099609 0.04501342 -0.06800842 0.02731323 0.04937744 -0.06800842 0.02282714 0.04962158 -0.06800842 0.02664184 0.05477905 -0.06800842 0.02670288 0.05200195 -0.06800842 0.02389526 0.05477905 -0.06800842 0.02270507 0.03778076 -0.06800842 0.006713867 -0.1977233 -0.06800842 0.01916503 -0.1986083 -0.06800842 0.009155273 -0.2030334 -0.06800842 0.009857177 -0.2034912 -0.06800842 0.0206604 -0.2072143 -0.06800842 0.01116943 -0.2061157 -0.06800842 0.02191162 -0.2111206 -0.06800842 0.013031 -0.208496 -0.06800842 0.02352905 -0.2146911 -0.06800842 0.01538085 -0.217926 -0.06800842 0.01815795 -0.2126159 -0.06800842 0.02764892 -0.2207336 -0.06800842 0.0213623 -0.2142944 -0.06800842 0.03009033 -0.2231445 -0.06800842 0.02490234 -0.2157287 -0.06800842 0.03268432 -0.2250671 -0.06800842 0.02874755 -0.217041 -0.06800842 0.03540039 -0.2264709 -0.06800842 0.03283691 -0.2180786 -0.06800842 0.03833007 -0.2273254 -0.06800842 0.03713989 -0.2178039 -0.06800842 0.04147338 -0.2276 -0.06800842 0.04156494 -0.2173461 -0.06800842 0.04461669 -0.2272338 -0.06800842 0.04611206 -0.2166137 -0.06800842 0.04788208 -0.2261962 -0.06800842 0.05068969 -0.216156 -0.06800842 0.04949951 -0.2251892 -0.06800842 0.05346679 -0.2155761 -0.06800842 0.05108642 -0.2239074 -0.06800842 0.05596923 -0.2148742 -0.06800842 0.05273437 -0.2224121 -0.06800842 0.05822753 -0.2140502 -0.06800842 0.05429077 -0.2207031 -0.06800842 0.06033325 -0.200531 -0.06800842 0.06527709 -0.2112121 -0.06800842 0.06970214 -0.199768 -0.06800842 0.1808166 -0.2122192 -0.06800842 0.167694 -0.2268981 -0.06800842 0.178009 -0.2259521 -0.06800842 0.1671142 -0.2408447 -0.06800842 0.1750793 -0.2391967 -0.06800842 0.1653747 -0.2539673 -0.06800842 0.1712646 -0.2518005 -0.06800842 0.1626892 -0.2661743 -0.06800842 0.166687 -0.2637024 -0.06800842 0.1592407 -0.2807312 -0.06800842 0.1593017 -0.2781983 -0.06800842 0.153717 -0.3012085 -0.06800842 0.1416931 -0.2980347 -0.06800842 0.1453857 -0.2996826 -0.06800842 0.1460876 -0.2947693 -0.06800842 0.1486511 -0.2975159 -0.06800842 0.1502685 -0.2914124 -0.06800842 0.1516418 -0.2947998 -0.06800842 0.1542358 -0.2878418 -0.06800842 0.1544799 -0.291565 -0.06800842 0.15802 -0.2841187 -0.06800842 0.1571655 -0.2878723 -0.06800842 0.16156 -0.2754517 -0.06800842 0.1622314 -0.2793274 -0.06800842 0.1680603 -0.2658997 -0.06800842 0.166809 -0.2695923 -0.06800842 0.173767 -0.2556458 -0.06800842 0.1706848 -0.2590637 -0.06800842 0.1787414 -0.239624 -0.06800842 0.1753845 -0.2427368 -0.06800842 0.1848754 -0.2198486 -0.06800842 0.1791381 -0.2221984 -0.06800842 0.1907043 -0.1973571 -0.06800842 0.1787414 -0.1982116 -0.06800842 0.193695 -0.1724853 -0.06800842 0.1797485 -0.1718139 -0.06800842 0.1933898 -0.1544189 -0.06800842 0.1775512 -0.1525573 -0.06800842 0.1917419 -0.1377258 -0.06800842 0.173767 -0.1343994 -0.06800842 0.1885375 -0.1282043 -0.06800842 0.1703491 -0.1232299 -0.06800842 0.1854553 -0.1200256 -0.06800842 0.1661987 -0.112976 -0.06800842 0.181488 -0.1132202 -0.06800842 0.1613464 -0.1038818 -0.06800842 0.1765747 -0.1108398 -0.06800842 0.1592102 -0.09979248 -0.06800842 0.1737365 -0.108673 -0.06800842 0.1568298 -0.09606933 -0.06800842 0.1706542 -0.106903 -0.06800842 0.154541 -0.0927124 -0.06800842 0.1672973 -0.1054077 -0.06800842 0.1523132 -0.08975219 -0.06800842 0.1636352 -0.1043395 -0.06800842 0.1500854 -0.08721923 -0.06800842 0.1596984 -0.08517456 -0.06800842 0.1554565 -0.1030883 -0.06800842 0.1466064 -0.08383178 -0.06800842 0.1512145 -0.1027832 -0.06800842 0.1451721 -0.08312988 -0.06800842 0.1469421 -0.1027221 -0.06800842 0.1436462 -0.08303833 -0.06800842 0.1426696 -0.1027221 -0.06800842 0.1419067 -0.08355712 -0.06800842 0.1384277 -0.1028747 -0.06800842 0.1398315 -0.08459472 -0.06800842 0.1342163 -0.1033325 -0.06800842 0.1373901 -0.0861206 -0.06800842 0.1300659 -0.1041259 -0.06800842 0.134613 -0.08810424 -0.06800842 0.125946 -0.105133 -0.06800842 0.1318054 -0.09054565 -0.06800842 0.1219177 -0.1089782 -0.06800842 0.1248779 -0.09646606 -0.06800842 0.1141052 -0.1143493 -0.06800842 0.118164 -0.1036071 -0.06800842 0.1067199 -0.1211547 -0.06800842 0.1119995 -0.1116638 -0.06800842 0.09988403 -0.1287841 -0.06800842 0.1066589 -0.1203002 -0.06800842 0.09368896 -0.1412658 -0.06800842 0.1000671 -0.1336364 -0.06800842 0.08578491 -0.1478576 -0.06800842 0.09429931 -0.1423645 -0.06800842 0.081604 -0.1532897 -0.06800842 0.08657836 -0.1505432 -0.06800842 0.07839965 -0.1587219 -0.06800842 0.07965087 -0.1579284 -0.06800842 0.07632446 -0.1612243 -0.06800842 0.07571411 -0.1607055 -0.06800842 0.07730102 -0.1622009 -0.06800842 0.07669067 -0.1611938 -0.06800842 0.1116943 -0.1544189 -0.06800842 0.1056823 -0.1558532 -0.06800842 0.1124877 -0.1446228 -0.06800842 0.09863281 -0.1496887 -0.06800842 0.1141662 -0.1368103 -0.06800842 0.1022033 -0.1432189 -0.06800842 0.1166381 -0.1368408 -0.06800842 0.119873 -0.13385 -0.06800842 0.1217346 -0.1215209 -0.06800842 0.1117248 -0.1310729 -0.06800842 0.1237487 -0.1179199 -0.06800842 0.1147766 -0.1285705 -0.06800842 0.1259155 -0.1263732 -0.06800842 0.1282348 -0.1109924 -0.06800842 0.1221313 -0.1245422 -0.06800842 0.1307067 -0.107788 -0.06800842 0.1267395 -0.1231689 -0.06800842 0.1332702 -0.1049499 -0.06800842 0.1321716 -0.1222839 -0.06800842 0.1359863 -0.1030273 -0.06800842 0.1386108 -0.1219787 -0.06800842 0.1387939 -0.1222534 -0.06800842 0.1416931 -0.1055908 -0.06800842 0.1526489 -0.1231994 -0.06800842 0.1447143 -0.1099243 -0.06800842 0.1582641 -0.1249084 -0.06800842 0.1475524 -0.1145019 -0.06800842 0.1624145 -0.1271362 -0.06800842 0.150177 -0.1192321 -0.06800842 0.1657409 -0.1297607 -0.06800842 0.1525573 -0.1240844 -0.06800842 0.1683959 -0.1328125 -0.06800842 0.1547241 -0.1291503 -0.06800842 0.1707458 -0.1361999 -0.06800842 0.1566467 -0.1386413 -0.06800842 0.1740417 -0.1438293 -0.06800842 0.1599426 -0.1486816 -0.06800842 0.1764526 -0.1522216 -0.06800842 0.1625061 -0.1632385 -0.06800842 0.1788024 -0.1654357 -0.06800842 0.1651916 -0.1782226 -0.06800842 0.1667175 -0.1791992 -0.06800842 0.1657104 -0.1901245 -0.06800842 0.06539916 -0.1782226 -0.06800842 0.06970214 -0.1741027 -0.06800842 0.04891967 -0.1652221 -0.06800842 0.05371093 -0.1637878 -0.06800842 0.04916381 -0.1729431 -0.06800842 0.04379272 -0.1630554 -0.06800842 0.04473876 -0.1726074 -0.06800842 0.04086303 -0.1629333 -0.06800842 0.04040527 -0.1726074 -0.06800842 0.03796386 -0.1634216 -0.06800842 0.03625488 -0.173645 -0.06800842 0.03527832 -0.1644592 -0.06800842 0.03225708 -0.1659545 -0.06800842 0.02850341 -0.1678771 -0.06800842 0.02499389 -0.1779785 -0.06800842 0.0279541 -0.1701965 -0.06800842 0.02172851 -0.1799011 -0.06800842 0.02584838 -0.1728515 -0.06800842 0.01879882 -0.1757812 -0.06800842 0.01617431 -0.1842346 -0.06800842 0.02236938 -0.1789245 -0.06800842 0.01391601 -0.1865539 -0.06800842 0.02102661 -0.1822509 -0.06800842 0.01208496 -0.1888732 -0.06800842 0.01992797 -0.1856994 -0.06800842 0.01068115 -0.191101 -0.06800842 0.01904296 -0.1892089 -0.06800842 0.009704589 -0.19458 -0.06800842 0.01895141 -0.1940002 -0.06800842 0.00906372 -0.2004699 -0.06800842 0.06539916 -0.1972045 -0.06800842 0.05471801 -0.2062072 -0.06800842 0.04870605 -0.2082214 -0.06800842 0.03970336 -0.2055969 -0.06800842 0.0354309 -0.2043151 -0.06800842 0.03366088 -0.2029113 -0.06800842 0.03210449 -0.2012023 -0.06800842 0.03082275 -0.1991271 -0.06800842 0.02984619 -0.1965026 -0.06800842 0.02911376 -0.1932067 -0.06800842 0.02868652 -0.1909484 -0.06800842 0.02990722 -0.1890258 -0.06800842 0.03112792 -0.1873779 -0.06800842 0.03240966 -0.1859436 -0.06800842 0.03387451 -0.1846313 -0.06800842 0.03552246 -0.1834106 -0.06800842 0.03744506 -0.1822204 -0.06800842 0.03970336 -0.1842041 -0.06800842 0.04870605 -0.1836853 -0.06800842 0.06057739 -0.1889648 -0.06800842 0.05203247 -0.1860351 -0.06800842 0.06253051 -0.1905822 -0.06800842 0.05291748 -0.1887207 -0.06800842 0.06448364 -0.1923828 -0.06800842 0.0536499 -0.1916198 -0.06800842 0.06738281 -0.1945495 -0.06800842 0.05426025 -0.1958923 -0.06800842 0.07000732 -0.1972045 -0.06800842 0.05471801 -0.1764831 -0.06800842 0.05386352 -0.2141723 -0.06800842 0.0541687 -0.1724548 -0.06800842 0.03836059 -0.2180786 -0.06800842 0.03805541 -0.1914367 -0.06800842 0.01895141 -0.1749572 -0.06800842 0.03250122 -0.1748352 -0.06800842 0.03268432 -0.1765747 -0.06800842 0.02981567 -0.1762695 -0.06800842 0.03024291 -0.1859741 -0.06800842 0.02133178 -0.1784973 -0.06800842 0.02731323 -0.1807556 -0.06800842 0.02502441 -0.1832885 -0.06800842 0.02301025 -0.07800292 -0.06800842 0.09478759 -0.1820068 -0.06800842 0.02395629 -0.1735534 -0.06800842 0.04681396 -0.1984558 -0.06800842 0.01925659 -0.2026672 -0.06800842 0.0203247 -0.2065124 -0.06800842 0.02212524 -0.2006835 -0.06800842 0.01974487 -0.2097473 -0.06800842 0.02453613 -0.2141113 -0.06800842 0.02978515 -0.2122497 -0.06800842 0.02719116 -0.2106933 -0.06800842 0.02545166 -0.08880615 -0.06800842 0.09918212 0.03375244 -0.06800842 0.01913452 -0.02221679 -0.06800842 0.02050781 -0.1829528 -0.06800842 0.1804504 -0.05319213 -0.06800842 0.07580566 -0.1252746 -0.06800842 0.1090087 0.00704956 -0.06800842 0.07519531 -0.1292419 -0.06800842 0.1063537 -0.1143493 -0.06800842 0.118164 -0.1452026 -0.06800842 0.09841918 0.007354736 -0.06800842 0.1108093 -0.1957702 -0.06800842 0.1724548 -0.1947326 -0.06800842 0.0710144 -0.1944274 -0.06800842 0.1757812 -0.1028747 -0.06800842 0.1456909 -0.1035766 -0.06800842 0.1481323 -0.05722045 -0.06800842 0.1110229 0.00894165 -0.06800842 0.03515625 0.2291564 -0.06800842 0.007781982 0.2277832 -0.06800842 0.1047058 0.2315063 -0.06800842 0.1015319 0.2354736 -0.06800842 0.0987854 0.239624 -0.06800842 0.09640502 0.2483825 -0.06800842 0.09252929 0.275116 -0.06800842 0.08309936 0.2792053 -0.06800842 0.08117675 0.2831116 -0.06800842 0.07897949 0.2867127 -0.06800842 0.07644653 0.2900391 -0.06800842 0.07351684 0.2930298 -0.06800842 0.07015991 0.2956543 -0.06800842 0.06622314 0.2978211 -0.06800842 0.06173706 0.2995606 -0.06800842 0.05657958 0.3007813 -0.06800842 0.05068969 0.301117 -0.06800842 0.04769897 0.3012085 -0.06800842 0.04464721 0.3007507 -0.06800842 0.03842163 0.2994995 -0.06800842 0.03234863 0.2976074 -0.06800842 0.02670288 0.2964478 -0.06800842 0.0241394 0.295166 -0.06800842 0.02178955 0.2937927 -0.06800842 0.01971435 0.2914124 -0.06800842 0.01696777 0.2884827 -0.06800842 0.01440429 0.2850647 -0.06800842 0.01202392 0.2811585 -0.06800842 0.009796142 0.2721863 -0.06800842 0.005981445 0.2620239 -0.06800842 0.00302124 0.2510681 -0.06800842 0.00100708 0.239746 -0.06800842 6.10352e-5 0.2340698 -0.06800842 0 0.2284851 -0.06800842 2.44141e-4 0.2177124 -0.06800842 0.001678466 0.2126464 -0.06800842 0.002899169 0.2078247 -0.06800842 0.004455566 0.2033691 -0.06800842 0.006347656 0.1992797 -0.06800842 0.008636474 0.1956481 -0.06800842 0.0112915 0.1924743 -0.06800842 0.01434326 0.1898803 -0.06800842 0.01779174 0.1878356 -0.06800842 0.02166748 0.1864624 -0.06800842 0.02597045 0.185791 -0.06800842 0.03070068 0.2277832 0.06800842 0.1047058 0.2315063 0.06800842 0.1015319 0.2354736 0.06800842 0.0987854 0.239624 0.06800842 0.09640502 0.2483825 0.06800842 0.09252929 0.275116 0.06800842 0.08309936 0.2792053 0.06800842 0.08117675 0.2831116 0.06800842 0.07897949 0.2867127 0.06800842 0.07644653 0.2900391 0.06800842 0.07351684 0.2930298 0.06800842 0.07015991 0.2956543 0.06800842 0.06622314 0.2978211 0.06800842 0.06173706 0.2995606 0.06800842 0.05657958 0.3007813 0.06800842 0.05068969 0.301117 0.06800842 0.04769897 0.3012085 0.06800842 0.04464721 0.3007507 0.06800842 0.03842163 0.2994995 0.06800842 0.03234863 0.2976074 0.06800842 0.02670288 0.2964478 0.06800842 0.0241394 0.295166 0.06800842 0.02178955 0.2937927 0.06800842 0.01971435 0.2914124 0.06800842 0.01696777 0.2884827 0.06800842 0.01440429 0.2850647 0.06800842 0.01202392 0.2811585 0.06800842 0.009796142 0.2721863 0.06800842 0.005981445 0.2620239 0.06800842 0.00302124 0.2510681 0.06800842 0.00100708 0.239746 0.06800842 6.10352e-5 0.2340698 0.06800842 0 0.2284851 0.06800842 2.44141e-4 0.2177124 0.06800842 0.001678466 0.2126464 0.06800842 0.002899169 0.2078247 0.06800842 0.004455566 0.2033691 0.06800842 0.006347656 0.1992797 0.06800842 0.008636474 0.1956481 0.06800842 0.0112915 0.1924743 0.06800842 0.01434326 0.1898803 0.06800842 0.01779174 0.1878356 0.06800842 0.02166748 0.1864624 0.06800842 0.02597045 0.185791 0.06800842 0.03070068 0.185791 -0.06800842 0.03070068 0.1897888 -0.06800842 0.03070068 0.185791 0.06800842 0.03070068 0.1897888 0.06800842 0.03070068 0.1897888 -0.06800842 0.03070068 0.1909484 -0.06800842 0.02832031 0.1922912 -0.06800842 0.02633666 0.1938171 -0.06800842 0.02468872 0.1955871 -0.06800842 0.02325439 0.1997985 -0.06800842 0.02069091 0.1897888 0.06800842 0.03070068 0.1909484 0.06800842 0.02832031 0.1922912 0.06800842 0.02633666 0.1938171 0.06800842 0.02468872 0.1955871 0.06800842 0.02325439 0.1997985 0.06800842 0.02069091 0.1997985 -0.06800842 0.02069091 0.1947937 -0.06800842 0.02667236 0.1936035 -0.06800842 0.02844238 0.1926269 -0.06800842 0.03033447 0.1919555 -0.06800842 0.03228759 0.1916198 -0.06800842 0.03433227 0.1917724 -0.06800842 0.03640747 0.1924743 -0.06800842 0.0385437 0.1937866 -0.06800842 0.04071044 0.1997985 0.06800842 0.02069091 0.1947937 0.06800842 0.02667236 0.1936035 0.06800842 0.02844238 0.1926269 0.06800842 0.03033447 0.1919555 0.06800842 0.03228759 0.1916198 0.06800842 0.03433227 0.1917724 0.06800842 0.03640747 0.1924743 0.06800842 0.0385437 0.1937866 0.06800842 0.04071044 0.1937866 -0.06800842 0.04071044 0.202423 -0.06800842 0.03253173 0.2044372 -0.06800842 0.03106689 0.2067871 -0.06800842 0.0296936 0.1937866 0.06800842 0.04071044 0.202423 0.06800842 0.03253173 0.2044372 0.06800842 0.03106689 0.2067871 0.06800842 0.0296936 0.2067871 -0.06800842 0.0296936 0.2008056 -0.06800842 0.03701782 0.1996765 -0.06800842 0.03900146 0.1987915 -0.06800842 0.04138183 0.1981506 -0.06800842 0.04421997 0.1977844 -0.06800842 0.04769897 0.2067871 0.06800842 0.0296936 0.2008056 0.06800842 0.03701782 0.1996765 0.06800842 0.03900146 0.1987915 0.06800842 0.04138183 0.1981506 0.06800842 0.04421997 0.1977844 0.06800842 0.04769897 0.1977844 -0.06800842 0.04769897 0.2049865 -0.06800842 0.04525756 0.2295837 -0.06800842 0.03411865 0.2334289 -0.06800842 0.0329895 0.2374572 -0.06800842 0.03210449 0.2416687 -0.06800842 0.03161621 0.2460937 -0.06800842 0.03149414 0.2507935 -0.06800842 0.03182983 0.2557983 -0.06800842 0.03268432 0.1977844 0.06800842 0.04769897 0.2049865 0.06800842 0.04525756 0.2295837 0.06800842 0.03411865 0.2334289 0.06800842 0.0329895 0.2374572 0.06800842 0.03210449 0.2416687 0.06800842 0.03161621 0.2460937 0.06800842 0.03149414 0.2507935 0.06800842 0.03182983 0.2557983 0.06800842 0.03268432 0.2557983 -0.06800842 0.03268432 0.2627869 -0.06800842 0.03970336 0.2557983 0.06800842 0.03268432 0.2627869 0.06800842 0.03970336 0.2627869 -0.06800842 0.03970336 0.2613831 -0.06800842 0.04339599 0.2593079 -0.06800842 0.04666137 0.2566223 -0.06800842 0.04953002 0.2534485 -0.06800842 0.0520935 0.2497863 -0.06800842 0.05432128 0.2415466 -0.06800842 0.05810546 0.2105712 -0.06800842 0.06881713 0.2069702 -0.06800842 0.07064819 0.2037963 -0.06800842 0.07269287 0.2016296 -0.06800842 0.07443237 0.1995849 -0.06800842 0.07629394 0.1977233 -0.06800842 0.0783081 0.1960144 -0.06800842 0.08047485 0.194458 -0.06800842 0.08285522 0.1931152 -0.06800842 0.0854187 0.191986 -0.06800842 0.0881958 0.1910705 -0.06800842 0.09121704 0.1903991 -0.06800842 0.0944519 0.1899719 -0.06800842 0.0979309 0.1897888 -0.06800842 0.101715 0.1899719 -0.06800842 0.107727 0.1905822 -0.06800842 0.1130676 0.1916503 -0.06800842 0.1177673 0.1930847 -0.06800842 0.1218872 0.1949462 -0.06800842 0.1254882 0.1971435 -0.06800842 0.1285705 0.1996765 -0.06800842 0.1312561 0.2025146 -0.06800842 0.1336059 0.2056579 -0.06800842 0.1355895 0.2090454 -0.06800842 0.1373596 0.2165222 -0.06800842 0.1403198 0.2427978 -0.06800842 0.1487121 0.2477722 -0.06800842 0.1486206 0.2526245 -0.06800842 0.1481933 0.2573547 -0.06800842 0.1474304 0.2619019 -0.06800842 0.1463317 0.2662354 -0.06800842 0.1448974 0.2702637 -0.06800842 0.1431274 0.2739868 -0.06800842 0.1410522 0.2773743 -0.06800842 0.1386718 0.280365 -0.06800842 0.1360168 0.282898 -0.06800842 0.1330261 0.2849426 -0.06800842 0.1297912 0.2864685 -0.06800842 0.1262512 0.2874451 -0.06800842 0.1224365 0.2877808 -0.06800842 0.1183776 0.2875061 -0.06800842 0.1140747 0.286499 -0.06800842 0.109497 0.28479 -0.06800842 0.1047058 0.2627869 0.06800842 0.03970336 0.2613831 0.06800842 0.04339599 0.2593079 0.06800842 0.04666137 0.2566223 0.06800842 0.04953002 0.2534485 0.06800842 0.0520935 0.2497863 0.06800842 0.05432128 0.2415466 0.06800842 0.05810546 0.2105712 0.06800842 0.06881713 0.2069702 0.06800842 0.07064819 0.2037963 0.06800842 0.07269287 0.2016296 0.06800842 0.07443237 0.1995849 0.06800842 0.07629394 0.1977233 0.06800842 0.0783081 0.1960144 0.06800842 0.08047485 0.194458 0.06800842 0.08285522 0.1931152 0.06800842 0.0854187 0.191986 0.06800842 0.0881958 0.1910705 0.06800842 0.09121704 0.1903991 0.06800842 0.0944519 0.1899719 0.06800842 0.0979309 0.1897888 0.06800842 0.101715 0.1899719 0.06800842 0.107727 0.1905822 0.06800842 0.1130676 0.1916503 0.06800842 0.1177673 0.1930847 0.06800842 0.1218872 0.1949462 0.06800842 0.1254882 0.1971435 0.06800842 0.1285705 0.1996765 0.06800842 0.1312561 0.2025146 0.06800842 0.1336059 0.2056579 0.06800842 0.1355895 0.2090454 0.06800842 0.1373596 0.2165222 0.06800842 0.1403198 0.2427978 0.06800842 0.1487121 0.2477722 0.06800842 0.1486206 0.2526245 0.06800842 0.1481933 0.2573547 0.06800842 0.1474304 0.2619019 0.06800842 0.1463317 0.2662354 0.06800842 0.1448974 0.2702637 0.06800842 0.1431274 0.2739868 0.06800842 0.1410522 0.2773743 0.06800842 0.1386718 0.280365 0.06800842 0.1360168 0.282898 0.06800842 0.1330261 0.2849426 0.06800842 0.1297912 0.2864685 0.06800842 0.1262512 0.2874451 0.06800842 0.1224365 0.2877808 0.06800842 0.1183776 0.2875061 0.06800842 0.1140747 0.286499 0.06800842 0.109497 0.28479 0.06800842 0.1047058 0.28479 -0.06800842 0.1047058 0.2776489 -0.06800842 0.1067504 0.2592774 -0.06800842 0.1134643 0.25177 -0.06800842 0.1152954 0.2479858 -0.06800842 0.1157531 0.2441711 -0.06800842 0.1158142 0.2403259 -0.06800842 0.1154174 0.2365112 -0.06800842 0.1144714 0.2326354 -0.06800842 0.112915 0.2287902 -0.06800842 0.1107177 0.28479 0.06800842 0.1047058 0.2776489 0.06800842 0.1067504 0.2592774 0.06800842 0.1134643 0.25177 0.06800842 0.1152954 0.2479858 0.06800842 0.1157531 0.2441711 0.06800842 0.1158142 0.2403259 0.06800842 0.1154174 0.2365112 0.06800842 0.1144714 0.2326354 0.06800842 0.112915 0.2287902 0.06800842 0.1107177 0.2287902 -0.06800842 0.1107177 0.2277832 -0.06800842 0.1047058 0.2287902 0.06800842 0.1107177 0.2277832 0.06800842 0.1047058 0.1607971 -0.06800842 0.0546875 0.1643371 -0.06800842 0.05377197 0.1676635 -0.06800842 0.05221557 0.1707153 -0.06800842 0.05010986 0.1734619 -0.06800842 0.04751586 0.1759033 -0.06800842 0.04449462 0.178009 -0.06800842 0.04113769 0.1796875 -0.06800842 0.03753662 0.1809997 -0.06800842 0.03375244 0.1818237 -0.06800842 0.02984619 0.1821899 -0.06800842 0.02590942 0.1820678 -0.06800842 0.02200317 0.1813964 -0.06800842 0.01821899 0.1801757 -0.06800842 0.01461791 0.1783447 -0.06800842 0.0112915 0.1759033 -0.06800842 0.008300781 0.1727905 -0.06800842 0.005706787 0.1698303 -0.06800842 0.00402832 0.1664428 -0.06800842 0.002685546 0.1626586 -0.06800842 0.001708984 0.1585693 -0.06800842 0.00100708 0.1495666 -0.06800842 4.27246e-4 0.1447753 -0.06800842 4.88281e-4 0.1297607 -0.06800842 0.001770019 0.1056213 -0.06800842 0.00604248 0.09378051 -0.06800842 0.008697509 0.1607971 0.06800842 0.0546875 0.1643371 0.06800842 0.05377197 0.1676635 0.06800842 0.05221557 0.1707153 0.06800842 0.05010986 0.1734619 0.06800842 0.04751586 0.1759033 0.06800842 0.04449462 0.178009 0.06800842 0.04113769 0.1796875 0.06800842 0.03753662 0.1809997 0.06800842 0.03375244 0.1818237 0.06800842 0.02984619 0.1821899 0.06800842 0.02590942 0.1820678 0.06800842 0.02200317 0.1813964 0.06800842 0.01821899 0.1801757 0.06800842 0.01461791 0.1783447 0.06800842 0.0112915 0.1759033 0.06800842 0.008300781 0.1727905 0.06800842 0.005706787 0.1698303 0.06800842 0.00402832 0.1664428 0.06800842 0.002685546 0.1626586 0.06800842 0.001708984 0.1585693 0.06800842 0.00100708 0.1495666 0.06800842 4.27246e-4 0.1447753 0.06800842 4.88281e-4 0.1297607 0.06800842 0.001770019 0.1056213 0.06800842 0.00604248 0.09378051 0.06800842 0.008697509 0.09378051 -0.06800842 0.008697509 0.09274291 -0.06800842 0.01089477 0.09207153 -0.06800842 0.01315307 0.09143066 -0.06800842 0.01776123 0.0909729 -0.06800842 0.0220642 0.09054565 -0.06800842 0.02398681 0.08978271 -0.06800842 0.0256958 0.09378051 0.06800842 0.008697509 0.09274291 0.06800842 0.01089477 0.09207153 0.06800842 0.01315307 0.09143066 0.06800842 0.01776123 0.0909729 0.06800842 0.0220642 0.09054565 0.06800842 0.02398681 0.08978271 0.06800842 0.0256958 0.08978271 -0.06800842 0.0256958 0.08779907 -0.06800842 0.02471923 0.08978271 0.06800842 0.0256958 0.08779907 0.06800842 0.02471923 0.08779907 -0.06800842 0.02471923 0.0881958 -0.06800842 0.01983642 0.08804321 -0.06800842 0.01568603 0.08731079 -0.06800842 0.01223754 0.08599853 -0.06800842 0.009368896 0.08416748 -0.06800842 0.00704956 0.0817871 -0.06800842 0.005249023 0.0788269 -0.06800842 0.003845214 0.0753479 -0.06800842 0.002838134 0.07135009 -0.06800842 0.00213623 0.06680297 -0.06800842 0.001708984 0.08779907 0.06800842 0.02471923 0.0881958 0.06800842 0.01983642 0.08804321 0.06800842 0.01568603 0.08731079 0.06800842 0.01223754 0.08599853 0.06800842 0.009368896 0.08416748 0.06800842 0.00704956 0.0817871 0.06800842 0.005249023 0.0788269 0.06800842 0.003845214 0.0753479 0.06800842 0.002838134 0.07135009 0.06800842 0.00213623 0.06680297 0.06800842 0.001708984 0.06680297 -0.06800842 0.001708984 0.06579589 -0.06800842 0.002716064 0.06680297 0.06800842 0.001708984 0.06579589 0.06800842 0.002716064 0.06579589 -0.06800842 0.002716064 0.06695556 -0.06800842 0.09545898 0.06518554 -0.06800842 0.1125183 0.0632019 -0.06800842 0.1220703 0.06195068 -0.06800842 0.1261596 0.06048583 -0.06800842 0.1296997 0.05877685 -0.06800842 0.1326904 0.06579589 0.06800842 0.002716064 0.06695556 0.06800842 0.09545898 0.06518554 0.06800842 0.1125183 0.0632019 0.06800842 0.1220703 0.06195068 0.06800842 0.1261596 0.06048583 0.06800842 0.1296997 0.05877685 0.06800842 0.1326904 0.05877685 -0.06800842 0.1326904 0.05978393 -0.06800842 0.1357116 0.05877685 0.06800842 0.1326904 0.05978393 0.06800842 0.1357116 0.05978393 -0.06800842 0.1357116 0.06988525 -0.06800842 0.1358337 0.07879638 -0.06800842 0.1368408 0.0866394 -0.06800842 0.1386718 0.09359741 -0.06800842 0.1413269 0.09982299 -0.06800842 0.1447448 0.1054992 -0.06800842 0.1488647 0.1107788 -0.06800842 0.1536865 0.05978393 0.06800842 0.1357116 0.06988525 0.06800842 0.1358337 0.07879638 0.06800842 0.1368408 0.0866394 0.06800842 0.1386718 0.09359741 0.06800842 0.1413269 0.09982299 0.06800842 0.1447448 0.1054992 0.06800842 0.1488647 0.1107788 0.06800842 0.1536865 0.1107788 -0.06800842 0.1536865 0.1138 -0.06800842 0.1506958 0.1107788 0.06800842 0.1536865 0.1138 0.06800842 0.1506958 0.1138 -0.06800842 0.1506958 0.1123657 -0.06800842 0.0281372 0.1127624 -0.06800842 0.02505493 0.1134338 -0.06800842 0.02236938 0.1144409 -0.06800842 0.02023315 0.1151123 -0.06800842 0.01947021 0.1157836 -0.06800842 0.01870727 0.1203308 -0.06800842 0.0170288 0.1247863 -0.06800842 0.01608276 0.1290893 -0.06800842 0.01583862 0.1332092 -0.06800842 0.01620483 0.1371765 -0.06800842 0.01715087 0.1408996 -0.06800842 0.01864624 0.1444091 -0.06800842 0.02059936 0.147644 -0.06800842 0.02294921 0.1505737 -0.06800842 0.0256958 0.1531982 -0.06800842 0.02877807 0.155487 -0.06800842 0.03210449 0.1574401 -0.06800842 0.03564453 0.158966 -0.06800842 0.03933715 0.1600952 -0.06800842 0.04315185 0.1607971 -0.06800842 0.04702758 0.1610412 -0.06800842 0.0508728 0.1607971 -0.06800842 0.0546875 0.1138 0.06800842 0.1506958 0.1123657 0.06800842 0.0281372 0.1127624 0.06800842 0.02505493 0.1134338 0.06800842 0.02236938 0.1144409 0.06800842 0.02023315 0.1151123 0.06800842 0.01947021 0.1157836 0.06800842 0.01870727 0.1203308 0.06800842 0.0170288 0.1247863 0.06800842 0.01608276 0.1290893 0.06800842 0.01583862 0.1332092 0.06800842 0.01620483 0.1371765 0.06800842 0.01715087 0.1408996 0.06800842 0.01864624 0.1444091 0.06800842 0.02059936 0.147644 0.06800842 0.02294921 0.1505737 0.06800842 0.0256958 0.1531982 0.06800842 0.02877807 0.155487 0.06800842 0.03210449 0.1574401 0.06800842 0.03564453 0.158966 0.06800842 0.03933715 0.1600952 0.06800842 0.04315185 0.1607971 0.06800842 0.04702758 0.1610412 0.06800842 0.0508728 0.1607971 0.06800842 0.0546875 0.03778076 -0.06800842 0.006713867 0.03445434 -0.06800842 0.007080078 0.02841186 -0.06800842 0.007995605 0.0231018 -0.06800842 0.009277343 0.01834106 -0.06800842 0.01101684 0.01391601 -0.06800842 0.01330566 0.01177978 -0.06800842 0.01470947 0.03778076 0.06800842 0.006713867 0.03445434 0.06800842 0.007080078 0.02841186 0.06800842 0.007995605 0.0231018 0.06800842 0.009277343 0.01834106 0.06800842 0.01101684 0.01391601 0.06800842 0.01330566 0.01177978 0.06800842 0.01470947 0.01177978 -0.06800842 0.01470947 -0.006134033 -0.06800842 0.009674072 -0.01412963 -0.06800842 0.008300781 -0.02148437 -0.06800842 0.007690429 -0.02825927 -0.06800842 0.007843017 -0.03442382 -0.06800842 0.008758544 -0.04000854 -0.06800842 0.01040649 -0.04501342 -0.06800842 0.01278686 -0.04949951 -0.06800842 0.01593017 -0.05346679 -0.06800842 0.0198059 -0.05691528 -0.06800842 0.02438354 -0.05987548 -0.06800842 0.0296936 -0.06234741 -0.06800842 0.03573608 -0.06439208 -0.06800842 0.04248046 -0.06710815 -0.06800842 0.05807495 -0.0682373 -0.06800842 0.07647705 -0.06820678 -0.06800842 0.08670043 0.01177978 0.06800842 0.01470947 -0.006134033 0.06800842 0.009674072 -0.01412963 0.06800842 0.008300781 -0.02148437 0.06800842 0.007690429 -0.02825927 0.06800842 0.007843017 -0.03442382 0.06800842 0.008758544 -0.04000854 0.06800842 0.01040649 -0.04501342 0.06800842 0.01278686 -0.04949951 0.06800842 0.01593017 -0.05346679 0.06800842 0.0198059 -0.05691528 0.06800842 0.02438354 -0.05987548 0.06800842 0.0296936 -0.06234741 0.06800842 0.03573608 -0.06439208 0.06800842 0.04248046 -0.06710815 0.06800842 0.05807495 -0.0682373 0.06800842 0.07647705 -0.06820678 0.06800842 0.08670043 -0.06820678 -0.06800842 0.08670043 -0.07192993 -0.06800842 0.0856018 -0.07546997 -0.06800842 0.08496093 -0.07879638 -0.06800842 0.08477783 -0.08197021 -0.06800842 0.08496093 -0.08493041 -0.06800842 0.08554077 -0.08773803 -0.06800842 0.08642578 -0.09036254 -0.06800842 0.08764648 -0.09280395 -0.06800842 0.08908081 -0.09509277 -0.06800842 0.09078979 -0.097229 -0.06800842 0.09265136 -0.09921264 -0.06800842 0.09469604 -0.06820678 0.06800842 0.08670043 -0.07192993 0.06800842 0.0856018 -0.07546997 0.06800842 0.08496093 -0.07879638 0.06800842 0.08477783 -0.08197021 0.06800842 0.08496093 -0.08493041 0.06800842 0.08554077 -0.08773803 0.06800842 0.08642578 -0.09036254 0.06800842 0.08764648 -0.09280395 0.06800842 0.08908081 -0.09509277 0.06800842 0.09078979 -0.097229 0.06800842 0.09265136 -0.09921264 0.06800842 0.09469604 -0.09921264 -0.06800842 0.09469604 -0.09933471 -0.06800842 0.1026 -0.09912109 -0.06800842 0.1049194 -0.0987854 -0.06800842 0.1070251 -0.09823608 -0.06800842 0.1089782 -0.09747314 -0.06800842 0.1107482 -0.09646606 -0.06800842 0.1123046 -0.09521484 -0.06800842 0.1137084 -0.09921264 0.06800842 0.09469604 -0.09933471 0.06800842 0.1026 -0.09912109 0.06800842 0.1049194 -0.0987854 0.06800842 0.1070251 -0.09823608 0.06800842 0.1089782 -0.09747314 0.06800842 0.1107482 -0.09646606 0.06800842 0.1123046 -0.09521484 0.06800842 0.1137084 -0.09521484 -0.06800842 0.1137084 -0.08221435 -0.06800842 0.1076965 -0.09521484 0.06800842 0.1137084 -0.08221435 0.06800842 0.1076965 -0.08221435 -0.06800842 0.1076965 -0.0671997 -0.06800842 0.1347045 -0.08221435 0.06800842 0.1076965 -0.0671997 0.06800842 0.1347045 -0.0671997 -0.06800842 0.1347045 -0.03622436 -0.06800842 0.1336975 -0.0671997 0.06800842 0.1347045 -0.03622436 0.06800842 0.1336975 -0.03622436 -0.06800842 0.1336975 -0.038208 -0.06800842 0.07611083 -0.03732299 -0.06800842 0.06491088 -0.0354309 -0.06800842 0.05477905 -0.03402709 -0.06800842 0.05023193 -0.03225708 -0.06800842 0.04608154 -0.03015136 -0.06800842 0.04241943 -0.0276184 -0.06800842 0.0392456 -0.0246582 -0.06800842 0.03668212 -0.02120971 -0.06800842 0.03469848 -0.03622436 0.06800842 0.1336975 -0.038208 0.06800842 0.07611083 -0.03732299 0.06800842 0.06491088 -0.0354309 0.06800842 0.05477905 -0.03402709 0.06800842 0.05023193 -0.03225708 0.06800842 0.04608154 -0.03015136 0.06800842 0.04241943 -0.0276184 0.06800842 0.0392456 -0.0246582 0.06800842 0.03668212 -0.02120971 0.06800842 0.03469848 -0.02120971 -0.06800842 0.03469848 -0.01119995 -0.06800842 0.03869628 -0.02120971 0.06800842 0.03469848 -0.01119995 0.06800842 0.03869628 -0.01119995 -0.06800842 0.03869628 -0.009399414 -0.06800842 0.04678344 -0.008483886 -0.06800842 0.05566406 -0.008300781 -0.06800842 0.07516479 -0.009094238 -0.06800842 0.1111145 -0.008514404 -0.06800842 0.1209411 -0.007202148 -0.06800842 0.1302795 -0.006195068 -0.06800842 0.1347045 -0.01119995 0.06800842 0.03869628 -0.009399414 0.06800842 0.04678344 -0.008483886 0.06800842 0.05566406 -0.008300781 0.06800842 0.07516479 -0.009094238 0.06800842 0.1111145 -0.008514404 0.06800842 0.1209411 -0.007202148 0.06800842 0.1302795 -0.006195068 0.06800842 0.1347045 -0.006195068 -0.06800842 0.1347045 0.02478027 -0.06800842 0.1347045 -0.006195068 0.06800842 0.1347045 0.02478027 0.06800842 0.1347045 0.02478027 -0.06800842 0.1347045 0.0223999 -0.06800842 0.07531738 0.02307128 -0.06800842 0.06381225 0.0246582 -0.06800842 0.05322265 0.0258789 -0.06800842 0.04840087 0.0274353 -0.06800842 0.04391479 0.02932739 -0.06800842 0.03988647 0.03158569 -0.06800842 0.0362854 0.03424072 -0.06800842 0.0331726 0.03738403 -0.06800842 0.03060913 0.04095458 -0.06800842 0.028656 0.04501342 -0.06800842 0.02731323 0.04962158 -0.06800842 0.02664184 0.05477905 -0.06800842 0.02670288 0.02478027 0.06800842 0.1347045 0.0223999 0.06800842 0.07531738 0.02307128 0.06800842 0.06381225 0.0246582 0.06800842 0.05322265 0.0258789 0.06800842 0.04840087 0.0274353 0.06800842 0.04391479 0.02932739 0.06800842 0.03988647 0.03158569 0.06800842 0.0362854 0.03424072 0.06800842 0.0331726 0.03738403 0.06800842 0.03060913 0.04095458 0.06800842 0.028656 0.04501342 0.06800842 0.02731323 0.04962158 0.06800842 0.02664184 0.05477905 0.06800842 0.02670288 0.05477905 -0.06800842 0.02670288 0.05477905 -0.06800842 0.02270507 0.05477905 0.06800842 0.02670288 0.05477905 0.06800842 0.02270507 0.05477905 -0.06800842 0.02270507 0.03778076 -0.06800842 0.006713867 0.05477905 0.06800842 0.02270507 0.03778076 0.06800842 0.006713867 -0.1782226 -0.06800842 0.06970214 -0.1652221 -0.06800842 0.05371093 -0.1637878 -0.06800842 0.04916381 -0.1630554 -0.06800842 0.04473876 -0.1629333 -0.06800842 0.04040527 -0.1634216 -0.06800842 0.03625488 -0.1644592 -0.06800842 0.03225708 -0.1659545 -0.06800842 0.02850341 -0.1678771 -0.06800842 0.02499389 -0.1701965 -0.06800842 0.02172851 -0.1728515 -0.06800842 0.01879882 -0.1757812 -0.06800842 0.01617431 -0.1789245 -0.06800842 0.01391601 -0.1822509 -0.06800842 0.01208496 -0.1856994 -0.06800842 0.01068115 -0.1892089 -0.06800842 0.009704589 -0.1940002 -0.06800842 0.00906372 -0.1986083 -0.06800842 0.009155273 -0.2030334 -0.06800842 0.009857177 -0.2072143 -0.06800842 0.01116943 -0.2111206 -0.06800842 0.013031 -0.2146911 -0.06800842 0.01538085 -0.217926 -0.06800842 0.01815795 -0.2207336 -0.06800842 0.0213623 -0.2231445 -0.06800842 0.02490234 -0.2250671 -0.06800842 0.02874755 -0.2264709 -0.06800842 0.03283691 -0.2273254 -0.06800842 0.03713989 -0.2276 -0.06800842 0.04156494 -0.2272338 -0.06800842 0.04611206 -0.2261962 -0.06800842 0.05068969 -0.2251892 -0.06800842 0.05346679 -0.2239074 -0.06800842 0.05596923 -0.2224121 -0.06800842 0.05822753 -0.2207031 -0.06800842 0.06033325 -0.2112121 -0.06800842 0.06970214 -0.1782226 0.06800842 0.06970214 -0.1652221 0.06800842 0.05371093 -0.1637878 0.06800842 0.04916381 -0.1630554 0.06800842 0.04473876 -0.1629333 0.06800842 0.04040527 -0.1634216 0.06800842 0.03625488 -0.1644592 0.06800842 0.03225708 -0.1659545 0.06800842 0.02850341 -0.1678771 0.06800842 0.02499389 -0.1701965 0.06800842 0.02172851 -0.1728515 0.06800842 0.01879882 -0.1757812 0.06800842 0.01617431 -0.1789245 0.06800842 0.01391601 -0.1822509 0.06800842 0.01208496 -0.1856994 0.06800842 0.01068115 -0.1892089 0.06800842 0.009704589 -0.1940002 0.06800842 0.00906372 -0.1986083 0.06800842 0.009155273 -0.2030334 0.06800842 0.009857177 -0.2072143 0.06800842 0.01116943 -0.2111206 0.06800842 0.013031 -0.2146911 0.06800842 0.01538085 -0.217926 0.06800842 0.01815795 -0.2207336 0.06800842 0.0213623 -0.2231445 0.06800842 0.02490234 -0.2250671 0.06800842 0.02874755 -0.2264709 0.06800842 0.03283691 -0.2273254 0.06800842 0.03713989 -0.2276 0.06800842 0.04156494 -0.2272338 0.06800842 0.04611206 -0.2261962 0.06800842 0.05068969 -0.2251892 0.06800842 0.05346679 -0.2239074 0.06800842 0.05596923 -0.2224121 0.06800842 0.05822753 -0.2207031 0.06800842 0.06033325 -0.2112121 0.06800842 0.06970214 -0.2112121 -0.06800842 0.06970214 -0.2122192 -0.06800842 0.167694 -0.2112121 0.06800842 0.06970214 -0.2122192 0.06800842 0.167694 -0.2122192 -0.06800842 0.167694 -0.2259521 -0.06800842 0.1671142 -0.2391967 -0.06800842 0.1653747 -0.2518005 -0.06800842 0.1626892 -0.2637024 -0.06800842 0.1592407 -0.2781983 -0.06800842 0.153717 -0.3012085 -0.06800842 0.1416931 -0.2122192 0.06800842 0.167694 -0.2259521 0.06800842 0.1671142 -0.2391967 0.06800842 0.1653747 -0.2518005 0.06800842 0.1626892 -0.2637024 0.06800842 0.1592407 -0.2781983 0.06800842 0.153717 -0.3012085 0.06800842 0.1416931 -0.3012085 -0.06800842 0.1416931 -0.2996826 -0.06800842 0.1460876 -0.2975159 -0.06800842 0.1502685 -0.2947998 -0.06800842 0.1542358 -0.291565 -0.06800842 0.15802 -0.2878723 -0.06800842 0.16156 -0.2793274 -0.06800842 0.1680603 -0.2695923 -0.06800842 0.173767 -0.2590637 -0.06800842 0.1787414 -0.2427368 -0.06800842 0.1848754 -0.2221984 -0.06800842 0.1907043 -0.1982116 -0.06800842 0.193695 -0.1718139 -0.06800842 0.1933898 -0.1525573 -0.06800842 0.1917419 -0.1343994 -0.06800842 0.1885375 -0.1232299 -0.06800842 0.1854553 -0.112976 -0.06800842 0.181488 -0.1038818 -0.06800842 0.1765747 -0.09979248 -0.06800842 0.1737365 -0.09606933 -0.06800842 0.1706542 -0.0927124 -0.06800842 0.1672973 -0.08975219 -0.06800842 0.1636352 -0.08721923 -0.06800842 0.1596984 -0.08517456 -0.06800842 0.1554565 -0.08383178 -0.06800842 0.1512145 -0.08312988 -0.06800842 0.1469421 -0.08303833 -0.06800842 0.1426696 -0.08355712 -0.06800842 0.1384277 -0.08459472 -0.06800842 0.1342163 -0.0861206 -0.06800842 0.1300659 -0.08810424 -0.06800842 0.125946 -0.09054565 -0.06800842 0.1219177 -0.09646606 -0.06800842 0.1141052 -0.1036071 -0.06800842 0.1067199 -0.1116638 -0.06800842 0.09988403 -0.1203002 -0.06800842 0.09368896 -0.1336364 -0.06800842 0.08578491 -0.1423645 -0.06800842 0.081604 -0.1505432 -0.06800842 0.07839965 -0.1579284 -0.06800842 0.07632446 -0.1612243 -0.06800842 0.07571411 -0.3012085 0.06800842 0.1416931 -0.2996826 0.06800842 0.1460876 -0.2975159 0.06800842 0.1502685 -0.2947998 0.06800842 0.1542358 -0.291565 0.06800842 0.15802 -0.2878723 0.06800842 0.16156 -0.2793274 0.06800842 0.1680603 -0.2695923 0.06800842 0.173767 -0.2590637 0.06800842 0.1787414 -0.2427368 0.06800842 0.1848754 -0.2221984 0.06800842 0.1907043 -0.1982116 0.06800842 0.193695 -0.1718139 0.06800842 0.1933898 -0.1525573 0.06800842 0.1917419 -0.1343994 0.06800842 0.1885375 -0.1232299 0.06800842 0.1854553 -0.112976 0.06800842 0.181488 -0.1038818 0.06800842 0.1765747 -0.09979248 0.06800842 0.1737365 -0.09606933 0.06800842 0.1706542 -0.0927124 0.06800842 0.1672973 -0.08975219 0.06800842 0.1636352 -0.08721923 0.06800842 0.1596984 -0.08517456 0.06800842 0.1554565 -0.08383178 0.06800842 0.1512145 -0.08312988 0.06800842 0.1469421 -0.08303833 0.06800842 0.1426696 -0.08355712 0.06800842 0.1384277 -0.08459472 0.06800842 0.1342163 -0.0861206 0.06800842 0.1300659 -0.08810424 0.06800842 0.125946 -0.09054565 0.06800842 0.1219177 -0.09646606 0.06800842 0.1141052 -0.1036071 0.06800842 0.1067199 -0.1116638 0.06800842 0.09988403 -0.1203002 0.06800842 0.09368896 -0.1336364 0.06800842 0.08578491 -0.1423645 0.06800842 0.081604 -0.1505432 0.06800842 0.07839965 -0.1579284 0.06800842 0.07632446 -0.1612243 0.06800842 0.07571411 -0.1612243 -0.06800842 0.07571411 -0.1622009 -0.06800842 0.07669067 -0.1612243 0.06800842 0.07571411 -0.1622009 0.06800842 0.07669067 -0.1622009 -0.06800842 0.07669067 -0.1611938 -0.06800842 0.1116943 -0.1622009 0.06800842 0.07669067 -0.1611938 0.06800842 0.1116943 -0.1611938 -0.06800842 0.1116943 -0.1558532 -0.06800842 0.1124877 -0.1496887 -0.06800842 0.1141662 -0.1432189 -0.06800842 0.1166381 -0.1368408 -0.06800842 0.119873 -0.13385 -0.06800842 0.1217346 -0.1310729 -0.06800842 0.1237487 -0.1285705 -0.06800842 0.1259155 -0.1263732 -0.06800842 0.1282348 -0.1245422 -0.06800842 0.1307067 -0.1231689 -0.06800842 0.1332702 -0.1222839 -0.06800842 0.1359863 -0.1219787 -0.06800842 0.1387939 -0.1222534 -0.06800842 0.1416931 -0.1231994 -0.06800842 0.1447143 -0.1249084 -0.06800842 0.1475524 -0.1271362 -0.06800842 0.150177 -0.1297607 -0.06800842 0.1525573 -0.1328125 -0.06800842 0.1547241 -0.1361999 -0.06800842 0.1566467 -0.1438293 -0.06800842 0.1599426 -0.1522216 -0.06800842 0.1625061 -0.1654357 -0.06800842 0.1651916 -0.1782226 -0.06800842 0.1667175 -0.1611938 0.06800842 0.1116943 -0.1558532 0.06800842 0.1124877 -0.1496887 0.06800842 0.1141662 -0.1432189 0.06800842 0.1166381 -0.1368408 0.06800842 0.119873 -0.13385 0.06800842 0.1217346 -0.1310729 0.06800842 0.1237487 -0.1285705 0.06800842 0.1259155 -0.1263732 0.06800842 0.1282348 -0.1245422 0.06800842 0.1307067 -0.1231689 0.06800842 0.1332702 -0.1222839 0.06800842 0.1359863 -0.1219787 0.06800842 0.1387939 -0.1222534 0.06800842 0.1416931 -0.1231994 0.06800842 0.1447143 -0.1249084 0.06800842 0.1475524 -0.1271362 0.06800842 0.150177 -0.1297607 0.06800842 0.1525573 -0.1328125 0.06800842 0.1547241 -0.1361999 0.06800842 0.1566467 -0.1438293 0.06800842 0.1599426 -0.1522216 0.06800842 0.1625061 -0.1654357 0.06800842 0.1651916 -0.1782226 0.06800842 0.1667175 -0.1782226 -0.06800842 0.1667175 -0.1791992 -0.06800842 0.1657104 -0.1782226 0.06800842 0.1667175 -0.1791992 0.06800842 0.1657104 -0.1791992 -0.06800842 0.1657104 -0.1782226 -0.06800842 0.06970214 -0.1791992 0.06800842 0.1657104 -0.1782226 0.06800842 0.06970214 -0.1972045 -0.06800842 0.05471801 -0.2062072 -0.06800842 0.04870605 -0.1972045 0.06800842 0.05471801 -0.2062072 0.06800842 0.04870605 -0.2062072 -0.06800842 0.04870605 -0.2082214 -0.06800842 0.03970336 -0.2062072 0.06800842 0.04870605 -0.2082214 0.06800842 0.03970336 -0.2082214 -0.06800842 0.03970336 -0.2055969 -0.06800842 0.0354309 -0.2043151 -0.06800842 0.03366088 -0.2029113 -0.06800842 0.03210449 -0.2012023 -0.06800842 0.03082275 -0.1991271 -0.06800842 0.02984619 -0.1965026 -0.06800842 0.02911376 -0.1932067 -0.06800842 0.02868652 -0.2082214 0.06800842 0.03970336 -0.2055969 0.06800842 0.0354309 -0.2043151 0.06800842 0.03366088 -0.2029113 0.06800842 0.03210449 -0.2012023 0.06800842 0.03082275 -0.1991271 0.06800842 0.02984619 -0.1965026 0.06800842 0.02911376 -0.1932067 0.06800842 0.02868652 -0.1932067 -0.06800842 0.02868652 -0.1909484 -0.06800842 0.02990722 -0.1890258 -0.06800842 0.03112792 -0.1873779 -0.06800842 0.03240966 -0.1859436 -0.06800842 0.03387451 -0.1846313 -0.06800842 0.03552246 -0.1834106 -0.06800842 0.03744506 -0.1822204 -0.06800842 0.03970336 -0.1932067 0.06800842 0.02868652 -0.1909484 0.06800842 0.02990722 -0.1890258 0.06800842 0.03112792 -0.1873779 0.06800842 0.03240966 -0.1859436 0.06800842 0.03387451 -0.1846313 0.06800842 0.03552246 -0.1834106 0.06800842 0.03744506 -0.1822204 0.06800842 0.03970336 -0.1822204 -0.06800842 0.03970336 -0.1842041 -0.06800842 0.04870605 -0.1822204 0.06800842 0.03970336 -0.1842041 0.06800842 0.04870605 -0.1842041 -0.06800842 0.04870605 -0.1889648 -0.06800842 0.05203247 -0.1905822 -0.06800842 0.05291748 -0.1923828 -0.06800842 0.0536499 -0.1945495 -0.06800842 0.05426025 -0.1972045 -0.06800842 0.05471801 -0.1972045 -0.06800842 0.05471801 -0.1842041 0.06800842 0.04870605 -0.1889648 0.06800842 0.05203247 -0.1905822 0.06800842 0.05291748 -0.1923828 0.06800842 0.0536499 -0.1945495 0.06800842 0.05426025 -0.1972045 0.06800842 0.05471801 -0.1972045 0.06800842 0.05471801 0.2291564 -0.06800842 0.007781982 0.1932678 0.06800842 0.01995849 0.1889953 0.06800842 0.02655029 0.1888122 0.06800842 0.02706909 0.1909484 0.06800842 0.02832031 0.1932678 0.06800842 0.01998901 0.1955871 0.06800842 0.02325439 0.2037353 0.06800842 0.04092407 0.1996765 0.06800842 0.03900146 0.2033996 0.06800842 0.04125976 0.2754822 0.06800842 0.05917358 0.2756043 0.06800842 0.05905151 0.2900391 0.06800842 0.07351684 0.1688232 0.06800842 0.03015136 0.1638488 0.06800842 0.0508728 0.1610412 0.06800842 0.0508728 0.1634826 0.06800842 0.05142211 0.1688537 0.06800842 0.0303955 0.1818237 0.06800842 0.02984619 -0.03927612 0.06800842 0.02828979 -0.04949951 0.06800842 0.01593017 -0.04336547 0.06800842 0.0331726 -0.05691528 0.06800842 0.02438354 -0.04345703 0.06800842 0.03329467 -0.03918457 0.06800842 0.02816772 -0.0276184 0.06800842 0.0392456 0.00704956 0.06800842 0.07528686 -0.008300781 0.06800842 0.07516479 0.0223999 0.06800842 0.07531738 -0.2140502 0.06800842 0.05429077 -0.200531 0.06800842 0.06527709 -0.2112121 0.06800842 0.06970214 -0.2661743 0.06800842 0.166687 -0.2637024 0.06800842 0.1592407 -0.2658997 0.06800842 0.166809 -0.1143493 0.06800842 0.118164 -0.1036071 0.06800842 0.1067199 -0.1263732 0.06800842 0.1282348 -0.2004699 0.06800842 0.06539916 -0.1972045 0.06800842 0.05471801 -0.2062072 0.06800842 0.04870605 -0.1958923 0.06800842 0.07000732 -0.1972045 0.06800842 0.05471801 -0.2141723 0.06800842 0.0541687 0.00704956 0.06800842 0.07519531 -0.1143493 0.06800842 0.118164 0.2291564 0.06800842 0.007781982 0.2284851 0.06800842 2.44141e-4 0.2189331 0.06800842 0.008270263 0.2177124 0.06800842 0.001678466 0.2138061 0.06800842 0.007080078 0.2126464 0.06800842 0.002899169 0.2095642 0.06800842 0.009033203 0.2078247 0.06800842 0.004455566 0.2056579 0.06800842 0.01101684 0.2033691 0.06800842 0.006347656 0.2021484 0.06800842 0.01309204 0.1992797 0.06800842 0.008636474 0.198944 0.06800842 0.01522827 0.1956481 0.06800842 0.0112915 0.1960144 0.06800842 0.01748657 0.1924743 0.06800842 0.01434326 0.1932678 0.06800842 0.01995849 0.1898803 0.06800842 0.01779174 0.1909179 0.06800842 0.02294921 0.1878356 0.06800842 0.02166748 0.1889953 0.06800842 0.02655029 0.1864624 0.06800842 0.02597045 0.185791 0.06800842 0.03070068 0.188385 0.06800842 0.02844238 0.1897888 0.06800842 0.03070068 0.1888122 0.06800842 0.02706909 0.1909484 0.06800842 0.02832031 0.1900024 0.06800842 0.02453613 0.1922912 0.06800842 0.02633666 0.1914672 0.06800842 0.02218627 0.1938171 0.06800842 0.02468872 0.1932678 0.06800842 0.01998901 0.1955871 0.06800842 0.02325439 0.1997985 0.06800842 0.02069091 0.1986389 0.06800842 0.02954101 0.1947937 0.06800842 0.02667236 0.1976013 0.06800842 0.03079223 0.1936035 0.06800842 0.02844238 0.1966247 0.06800842 0.03207397 0.1926269 0.06800842 0.03033447 0.1958312 0.06800842 0.03326416 0.1919555 0.06800842 0.03228759 0.1951904 0.06800842 0.03448486 0.1916198 0.06800842 0.03433227 0.1946716 0.06800842 0.03585815 0.1917724 0.06800842 0.03640747 0.1924743 0.06800842 0.0385437 0.1941833 0.06800842 0.03775024 0.1937866 0.06800842 0.04071044 0.1993408 0.06800842 0.02880859 0.202423 0.06800842 0.03253173 0.2015686 0.06800842 0.02670288 0.2044372 0.06800842 0.03106689 0.2340698 0.06800842 0.006317138 0.2067871 0.06800842 0.0296936 0.2049255 0.06800842 0.03982543 0.2008056 0.06800842 0.03701782 0.2037353 0.06800842 0.04092407 0.1996765 0.06800842 0.03900146 0.2022399 0.06800842 0.04241943 0.1987915 0.06800842 0.04138183 0.1981506 0.06800842 0.04421997 0.2002868 0.06800842 0.04455566 0.1977844 0.06800842 0.04769897 0.2033996 0.06800842 0.04125976 0.2049865 0.06800842 0.04525756 0.2257385 0.06800842 0.02383422 0.2295837 0.06800842 0.03411865 0.2303161 0.06800842 0.02078247 0.2334289 0.06800842 0.0329895 0.2350463 0.06800842 0.01791381 0.2374572 0.06800842 0.03210449 0.2404785 0.06800842 0.01589965 0.2416687 0.06800842 0.03161621 0.2464599 0.06800842 0.01608276 0.2460937 0.06800842 0.03149414 0.252655 0.06800842 0.01675415 0.2507935 0.06800842 0.03182983 0.2630005 0.06800842 0.01882934 0.2557983 0.06800842 0.03268432 0.2825928 0.06800842 0.0354309 0.2627869 0.06800842 0.03970336 0.2795715 0.06800842 0.05252075 0.2613831 0.06800842 0.04339599 0.2754822 0.06800842 0.05917358 0.2593079 0.06800842 0.04666137 0.269928 0.06800842 0.06393432 0.2566223 0.06800842 0.04953002 0.2640991 0.06800842 0.06729125 0.2534485 0.06800842 0.0520935 0.2582398 0.06800842 0.07009887 0.2497863 0.06800842 0.05432128 0.2480163 0.06800842 0.07424926 0.2415466 0.06800842 0.05810546 0.2182617 0.06800842 0.08697509 0.2105712 0.06800842 0.06881713 0.2168579 0.06800842 0.08792114 0.2069702 0.06800842 0.07064819 0.2154235 0.06800842 0.08898925 0.2037963 0.06800842 0.07269287 0.2145996 0.06800842 0.08966064 0.2016296 0.06800842 0.07443237 0.213684 0.06800842 0.09048461 0.1995849 0.06800842 0.07629394 0.2128601 0.06800842 0.09124755 0.1977233 0.06800842 0.0783081 0.2121582 0.06800842 0.09197998 0.1960144 0.06800842 0.08047485 0.2114868 0.06800842 0.09277343 0.194458 0.06800842 0.08285522 0.2108154 0.06800842 0.09362792 0.1931152 0.06800842 0.0854187 0.210083 0.06800842 0.094635 0.191986 0.06800842 0.0881958 0.209259 0.06800842 0.09588623 0.1910705 0.06800842 0.09121704 0.2083129 0.06800842 0.09744262 0.1903991 0.06800842 0.0944519 0.2082824 0.06800842 0.0994873 0.1899719 0.06800842 0.0979309 0.208435 0.06800842 0.1018676 0.1897888 0.06800842 0.101715 0.2088623 0.06800842 0.1063842 0.1899719 0.06800842 0.107727 0.2093505 0.06800842 0.1098937 0.1905822 0.06800842 0.1130676 0.2098693 0.06800842 0.1125183 0.1916503 0.06800842 0.1177673 0.2103881 0.06800842 0.1144409 0.1930847 0.06800842 0.1218872 0.2108459 0.06800842 0.1158447 0.1949462 0.06800842 0.1254882 0.2113037 0.06800842 0.1169738 0.1971435 0.06800842 0.1285705 0.2118835 0.06800842 0.1181335 0.1996765 0.06800842 0.1312561 0.2127075 0.06800842 0.1195373 0.2025146 0.06800842 0.1336059 0.2139282 0.06800842 0.1212463 0.2056579 0.06800842 0.1355895 0.2158813 0.06800842 0.1223144 0.2090454 0.06800842 0.1373596 0.2218933 0.06800842 0.1252136 0.2165222 0.06800842 0.1403198 0.2452392 0.06800842 0.1322326 0.2427978 0.06800842 0.1487121 0.2469177 0.06800842 0.1322021 0.2477722 0.06800842 0.1486206 0.2526245 0.06800842 0.1481933 0.2541199 0.06800842 0.1314392 0.2573547 0.06800842 0.1474304 0.2574158 0.06800842 0.1306762 0.2619019 0.06800842 0.1463317 0.260437 0.06800842 0.1297912 0.2662354 0.06800842 0.1448974 0.2632141 0.06800842 0.1288452 0.2702637 0.06800842 0.1431274 0.2656555 0.06800842 0.127777 0.2739868 0.06800842 0.1410522 0.2677918 0.06800842 0.1266784 0.2773743 0.06800842 0.1386718 0.2696533 0.06800842 0.1255493 0.280365 0.06800842 0.1360168 0.2712402 0.06800842 0.1244506 0.282898 0.06800842 0.1330261 0.2726746 0.06800842 0.123291 0.2849426 0.06800842 0.1297912 0.2740479 0.06800842 0.1220092 0.2864685 0.06800842 0.1262512 0.2754822 0.06800842 0.1204223 0.2874451 0.06800842 0.1224365 0.2771301 0.06800842 0.1182861 0.2877808 0.06800842 0.1183776 0.2790833 0.06800842 0.1152648 0.2875061 0.06800842 0.1140747 0.286499 0.06800842 0.109497 0.2816162 0.06800842 0.1109008 0.28479 0.06800842 0.1047058 0.2799378 0.06800842 0.113739 0.2776489 0.06800842 0.1067504 0.2638855 0.06800842 0.128601 0.2592774 0.06800842 0.1134643 0.25177 0.06800842 0.1152954 0.2479858 0.06800842 0.1157531 0.2434387 0.06800842 0.131958 0.2441711 0.06800842 0.1158142 0.2376708 0.06800842 0.1307373 0.2403259 0.06800842 0.1154174 0.2365112 0.06800842 0.1144714 0.22583 0.06800842 0.1269531 0.2326354 0.06800842 0.112915 0.2287902 0.06800842 0.1107177 0.2277832 0.06800842 0.1047058 0.219696 0.06800842 0.08615112 0.2315063 0.06800842 0.1015319 0.2256469 0.06800842 0.0831604 0.2354736 0.06800842 0.0987854 0.2315673 0.06800842 0.08044433 0.239624 0.06800842 0.09640502 0.2419738 0.06800842 0.07635498 0.2483825 0.06800842 0.09252929 0.2678223 0.06800842 0.06524658 0.275116 0.06800842 0.08309936 0.2702332 0.06800842 0.0637207 0.2792053 0.06800842 0.08117675 0.2724304 0.06800842 0.0619812 0.2831116 0.06800842 0.07897949 0.2742004 0.06800842 0.06045532 0.2867127 0.06800842 0.07644653 0.2756043 0.06800842 0.05905151 0.2900391 0.06800842 0.07351684 0.2767029 0.06800842 0.05758666 0.2930298 0.06800842 0.07015991 0.2956543 0.06800842 0.06622314 0.2788696 0.06800842 0.05398559 0.2978211 0.06800842 0.06173706 0.2799988 0.06800842 0.05126953 0.2995606 0.06800842 0.05657958 0.2810974 0.06800842 0.0475769 0.3007813 0.06800842 0.05068969 0.2814026 0.06800842 0.04632568 0.301117 0.06800842 0.04769897 0.2816467 0.06800842 0.04507446 0.3012085 0.06800842 0.04464721 0.2822266 0.06800842 0.0409851 0.3007507 0.06800842 0.03842163 0.2825623 0.06800842 0.03689575 0.2994995 0.06800842 0.03234863 0.281189 0.06800842 0.03314208 0.2976074 0.06800842 0.02670288 0.2804566 0.06800842 0.03210449 0.2964478 0.06800842 0.0241394 0.2797241 0.06800842 0.03112792 0.295166 0.06800842 0.02178955 0.2793579 0.06800842 0.03070068 0.2937927 0.06800842 0.01971435 0.2785339 0.06800842 0.02981567 0.2914124 0.06800842 0.01696777 0.2773438 0.06800842 0.02868652 0.2884827 0.06800842 0.01440429 0.2755127 0.06800842 0.02716064 0.2850647 0.06800842 0.01202392 0.2733765 0.06800842 0.02551269 0.2811585 0.06800842 0.009796142 0.2667847 0.06800842 0.02105712 0.2721863 0.06800842 0.005981445 0.2585144 0.06800842 0.01779174 0.2620239 0.06800842 0.00302124 0.2490234 0.06800842 0.01626586 0.2510681 0.06800842 0.00100708 0.2390136 0.06800842 0.01593017 0.239746 0.06800842 6.10352e-5 0.2341918 0.06800842 0.006561279 0.2340698 0.06800842 0 0.2173156 0.06800842 0.005645751 0.2203369 0.06800842 0.01080322 0.2318115 0.06800842 0.1290893 0.2385864 0.06800842 0.01596069 0.2546997 0.06800842 0.1313171 0.2490844 0.06800842 0.13208 0.2506104 0.06800842 0.1319274 0.2137451 0.06800842 0.1211547 0.2082519 0.06800842 0.09759521 0.277771 0.06800842 0.05596923 0.1452636 0.06800842 0.0100708 0.1447753 0.06800842 4.88281e-4 0.1306762 0.06800842 0.008850097 0.1297607 0.06800842 0.001770019 0.1073608 0.06800842 0.0147705 0.1056213 0.06800842 0.00604248 0.09378051 0.06800842 0.008697509 0.09677124 0.06800842 0.01242065 0.09274291 0.06800842 0.01089477 0.0987854 0.06800842 0.0145874 0.09207153 0.06800842 0.01315307 0.1026306 0.06800842 0.019104 0.09143066 0.06800842 0.01776123 0.1018371 0.06800842 0.02389526 0.0909729 0.06800842 0.0220642 0.1011962 0.06800842 0.02752685 0.09054565 0.06800842 0.02398681 0.09732055 0.06800842 0.04650878 0.08978271 0.06800842 0.0256958 0.07669067 0.06800842 0.03094482 0.08779907 0.06800842 0.02471923 0.0770874 0.06800842 0.01959228 0.0881958 0.06800842 0.01983642 0.07702636 0.06800842 0.01705932 0.08804321 0.06800842 0.01568603 0.07687377 0.06800842 0.015625 0.08731079 0.06800842 0.01223754 0.07672119 0.06800842 0.01504516 0.08599853 0.06800842 0.009368896 0.07662963 0.06800842 0.0147705 0.08416748 0.06800842 0.00704956 0.07635498 0.06800842 0.01419067 0.0817871 0.06800842 0.005249023 0.07543945 0.06800842 0.01278686 0.0788269 0.06800842 0.003845214 0.07360839 0.06800842 0.01037597 0.0753479 0.06800842 0.002838134 0.07067871 0.06800842 0.006958007 0.07135009 0.06800842 0.00213623 0.06680297 0.06800842 0.001708984 0.06738281 0.06800842 0.003356933 0.06579589 0.06800842 0.002716064 0.09005737 0.06800842 0.09649658 0.06695556 0.06800842 0.09545898 0.08721923 0.06800842 0.1159362 0.06518554 0.06800842 0.1125183 0.07418823 0.06800842 0.1249084 0.0632019 0.06800842 0.1220703 0.06872558 0.06800842 0.128601 0.06195068 0.06800842 0.1261596 0.06427001 0.06800842 0.1315612 0.06048583 0.06800842 0.1296997 0.05877685 0.06800842 0.1326904 0.06176757 0.06800842 0.1329956 0.05978393 0.06800842 0.1357116 0.07043457 0.06800842 0.1273803 0.06988525 0.06800842 0.1358337 0.08181762 0.06800842 0.1193847 0.07879638 0.06800842 0.1368408 0.0927124 0.06800842 0.1188354 0.0866394 0.06800842 0.1386718 0.0994873 0.06800842 0.12854 0.09359741 0.06800842 0.1413269 0.1046447 0.06800842 0.1371459 0.09982299 0.06800842 0.1447448 0.1087036 0.06800842 0.1449584 0.1054992 0.06800842 0.1488647 0.1107788 0.06800842 0.1536865 0.1106872 0.06800842 0.1494445 0.1138 0.06800842 0.1506958 0.1011962 0.06800842 0.02746582 0.1123657 0.06800842 0.0281372 0.1019592 0.06800842 0.02297973 0.1127624 0.06800842 0.02505493 0.1027221 0.06800842 0.01861572 0.1134338 0.06800842 0.02236938 0.1066894 0.06800842 0.01516723 0.1144409 0.06800842 0.02023315 0.1115112 0.06800842 0.01245117 0.1157836 0.06800842 0.01870727 0.1184997 0.06800842 0.01055908 0.1203308 0.06800842 0.0170288 0.1247863 0.06800842 0.01608276 0.1291809 0.06800842 0.008911132 0.1290893 0.06800842 0.01583862 0.1344299 0.06800842 0.008850097 0.1332092 0.06800842 0.01620483 0.1396789 0.06800842 0.009246826 0.1371765 0.06800842 0.01715087 0.144989 0.06800842 0.01000976 0.1408996 0.06800842 0.01864624 0.150299 0.06800842 0.01141357 0.1444091 0.06800842 0.02059936 0.1556091 0.06800842 0.01333618 0.147644 0.06800842 0.02294921 0.1608276 0.06800842 0.01586914 0.1505737 0.06800842 0.0256958 0.1653137 0.06800842 0.01943969 0.1531982 0.06800842 0.02877807 0.1677551 0.06800842 0.02456665 0.155487 0.06800842 0.03210449 0.1688232 0.06800842 0.03015136 0.1574401 0.06800842 0.03564453 0.1688842 0.06800842 0.03579711 0.158966 0.06800842 0.03933715 0.1680297 0.06800842 0.04125976 0.1600952 0.06800842 0.04315185 0.1663513 0.06800842 0.0463562 0.1607971 0.06800842 0.04702758 0.1638488 0.06800842 0.0508728 0.1610412 0.06800842 0.0508728 0.1607971 0.06800842 0.0546875 0.1634826 0.06800842 0.05142211 0.1643371 0.06800842 0.05377197 0.1654052 0.06800842 0.0482788 0.1676635 0.06800842 0.05221557 0.166809 0.06800842 0.04525756 0.1707153 0.06800842 0.05010986 0.1677856 0.06800842 0.04223632 0.1734619 0.06800842 0.04751586 0.168457 0.06800842 0.03918457 0.1759033 0.06800842 0.04449462 0.1688537 0.06800842 0.03616333 0.178009 0.06800842 0.04113769 0.1689453 0.06800842 0.03320312 0.1796875 0.06800842 0.03753662 0.1688537 0.06800842 0.0303955 0.1809997 0.06800842 0.03375244 0.1684875 0.06800842 0.02777099 0.1818237 0.06800842 0.02984619 0.1680297 0.06800842 0.02548217 0.1821899 0.06800842 0.02590942 0.1674194 0.06800842 0.02352905 0.1820678 0.06800842 0.02200317 0.1667785 0.06800842 0.02197265 0.1813964 0.06800842 0.01821899 0.1661987 0.06800842 0.02078247 0.1801757 0.06800842 0.01461791 0.1783447 0.06800842 0.0112915 0.1650085 0.06800842 0.01907348 0.1759033 0.06800842 0.008300781 0.1641235 0.06800842 0.01821899 0.1727905 0.06800842 0.005706787 0.1633605 0.06800842 0.01757812 0.1698303 0.06800842 0.00402832 0.1619262 0.06800842 0.01657104 0.1664428 0.06800842 0.002685546 0.159729 0.06800842 0.0152893 0.1626586 0.06800842 0.001708984 0.1570739 0.06800842 0.01394653 0.1585693 0.06800842 0.00100708 0.1492919 0.06800842 0.01110839 0.1495666 0.06800842 4.27246e-4 0.1239013 0.06800842 0.009521484 0.1028137 0.06800842 0.01831054 0.1656188 0.06800842 0.01986694 0.08950805 0.06800842 0.0513916 0.08923339 0.06800842 0.1145019 0.03533935 0.06800842 0.01397705 0.03445434 0.06800842 0.007080078 0.03082275 0.06800842 0.02011108 0.02841186 0.06800842 0.007995605 0.02694702 0.06800842 0.02200317 0.0231018 0.06800842 0.009277343 0.02395629 0.06800842 0.02380371 0.01834106 0.06800842 0.01101684 0.02127075 0.06800842 0.02593994 0.01391601 0.06800842 0.01330566 0.01452636 0.06800842 0.03259277 0.01177978 0.06800842 0.01470947 -0.009338378 0.06800842 0.02383422 -0.006134033 0.06800842 0.009674072 -0.01586914 0.06800842 0.02200317 -0.01412963 0.06800842 0.008300781 -0.0218811 0.06800842 0.02056884 -0.02148437 0.06800842 0.007690429 -0.02706909 0.06800842 0.02185058 -0.02825927 0.06800842 0.007843017 -0.03121948 0.06800842 0.02328491 -0.03442382 0.06800842 0.008758544 -0.03445434 0.06800842 0.02481079 -0.04000854 0.06800842 0.01040649 -0.03704833 0.06800842 0.02651977 -0.04501342 0.06800842 0.01278686 -0.03927612 0.06800842 0.02828979 -0.04949951 0.06800842 0.01593017 -0.04129028 0.06800842 0.03048706 -0.05346679 0.06800842 0.0198059 -0.04336547 0.06800842 0.0331726 -0.05691528 0.06800842 0.02438354 -0.04537963 0.06800842 0.03668212 -0.05987548 0.06800842 0.0296936 -0.04736328 0.06800842 0.04104614 -0.06234741 0.06800842 0.03573608 -0.0491333 0.06800842 0.04608154 -0.06439208 0.06800842 0.04248046 -0.0519104 0.06800842 0.05987548 -0.06710815 0.06800842 0.05807495 -0.05319213 0.06800842 0.07690429 -0.0682373 0.06800842 0.07647705 -0.05264282 0.06800842 0.1074829 -0.06820678 0.06800842 0.08670043 -0.07464599 0.06800842 0.09707641 -0.07192993 0.06800842 0.0856018 -0.07672119 0.06800842 0.09558105 -0.07546997 0.06800842 0.08496093 -0.07879638 0.06800842 0.09494018 -0.07879638 0.06800842 0.08477783 -0.08062744 0.06800842 0.09539794 -0.08197021 0.06800842 0.08496093 -0.08227539 0.06800842 0.09594726 -0.08493041 0.06800842 0.08554077 -0.08380126 0.06800842 0.09652709 -0.08773803 0.06800842 0.08642578 -0.08532714 0.06800842 0.097229 -0.09036254 0.06800842 0.08764648 -0.08688354 0.06800842 0.09805297 -0.09280395 0.06800842 0.08908081 -0.08847045 0.06800842 0.09899902 -0.09509277 0.06800842 0.09078979 -0.097229 0.06800842 0.09265136 -0.0927124 0.06800842 0.09738159 -0.09921264 0.06800842 0.09469604 -0.09082031 0.06800842 0.1023254 -0.09933471 0.06800842 0.1026 -0.09179687 0.06800842 0.1040039 -0.09912109 0.06800842 0.1049194 -0.09268188 0.06800842 0.1056823 -0.0987854 0.06800842 0.1070251 -0.09344482 0.06800842 0.1072692 -0.09823608 0.06800842 0.1089782 -0.09405517 0.06800842 0.1089477 -0.09747314 0.06800842 0.1107482 -0.09646606 0.06800842 0.1123046 -0.09466552 0.06800842 0.1109008 -0.09521484 0.06800842 0.1137084 -0.08221435 0.06800842 0.1076965 -0.0671997 0.06800842 0.1347045 -0.0560913 0.06800842 0.1151123 -0.03622436 0.06800842 0.1336975 -0.038208 0.06800842 0.07611083 -0.05230712 0.06800842 0.06292724 -0.03732299 0.06800842 0.06491088 -0.05032348 0.06800842 0.05111694 -0.0354309 0.06800842 0.05477905 -0.04873657 0.06800842 0.04486083 -0.03402709 0.06800842 0.05023193 -0.04650878 0.06800842 0.03900146 -0.03225708 0.06800842 0.04608154 -0.04345703 0.06800842 0.03329467 -0.03015136 0.06800842 0.04241943 -0.03918457 0.06800842 0.02816772 -0.0276184 0.06800842 0.0392456 -0.03347778 0.06800842 0.02426147 -0.0246582 0.06800842 0.03668212 -0.02120971 0.06800842 0.03469848 0.001831054 0.06800842 0.0276184 -0.01119995 0.06800842 0.03869628 0.008422851 0.06800842 0.04388427 -0.009399414 0.06800842 0.04678344 0.007873535 0.06800842 0.05474853 -0.008483886 0.06800842 0.05566406 0.00704956 0.06800842 0.07528686 -0.008300781 0.06800842 0.07516479 -0.009094238 0.06800842 0.1111145 0.006652832 0.06800842 0.1194458 -0.008514404 0.06800842 0.1209411 -0.007202148 0.06800842 0.1302795 -0.001892089 0.06800842 0.1293029 -0.006195068 0.06800842 0.1347045 0.007751464 0.06800842 0.1183166 0.02478027 0.06800842 0.1347045 0.0223999 0.06800842 0.07531738 0.007354736 0.06800842 0.0621643 0.02307128 0.06800842 0.06381225 0.007995605 0.06800842 0.04986572 0.0246582 0.06800842 0.05322265 0.008422851 0.06800842 0.04318237 0.0258789 0.06800842 0.04840087 0.00881958 0.06800842 0.03640747 0.0274353 0.06800842 0.04391479 0.01498413 0.06800842 0.03207397 0.02932739 0.06800842 0.03988647 0.01959228 0.06800842 0.02740478 0.03158569 0.06800842 0.0362854 0.02462768 0.06800842 0.02331542 0.03424072 0.06800842 0.0331726 0.03036499 0.06800842 0.02029418 0.03738403 0.06800842 0.03060913 0.0369873 0.06800842 0.01953125 0.04095458 0.06800842 0.028656 0.04354858 0.06800842 0.02099609 0.04501342 0.06800842 0.02731323 0.04937744 0.06800842 0.02282714 0.04962158 0.06800842 0.02664184 0.05477905 0.06800842 0.02670288 0.05200195 0.06800842 0.02389526 0.05477905 0.06800842 0.02270507 0.03778076 0.06800842 0.006713867 -0.1977233 0.06800842 0.01916503 -0.1986083 0.06800842 0.009155273 -0.2030334 0.06800842 0.009857177 -0.2034912 0.06800842 0.0206604 -0.2072143 0.06800842 0.01116943 -0.2061157 0.06800842 0.02191162 -0.2111206 0.06800842 0.013031 -0.208496 0.06800842 0.02352905 -0.2146911 0.06800842 0.01538085 -0.217926 0.06800842 0.01815795 -0.2126159 0.06800842 0.02764892 -0.2207336 0.06800842 0.0213623 -0.2142944 0.06800842 0.03009033 -0.2231445 0.06800842 0.02490234 -0.2157287 0.06800842 0.03268432 -0.2250671 0.06800842 0.02874755 -0.217041 0.06800842 0.03540039 -0.2264709 0.06800842 0.03283691 -0.2180786 0.06800842 0.03833007 -0.2273254 0.06800842 0.03713989 -0.2178039 0.06800842 0.04147338 -0.2276 0.06800842 0.04156494 -0.2173461 0.06800842 0.04461669 -0.2272338 0.06800842 0.04611206 -0.2166137 0.06800842 0.04788208 -0.2261962 0.06800842 0.05068969 -0.216156 0.06800842 0.04949951 -0.2251892 0.06800842 0.05346679 -0.2155761 0.06800842 0.05108642 -0.2239074 0.06800842 0.05596923 -0.2148742 0.06800842 0.05273437 -0.2224121 0.06800842 0.05822753 -0.2140502 0.06800842 0.05429077 -0.2207031 0.06800842 0.06033325 -0.200531 0.06800842 0.06527709 -0.2112121 0.06800842 0.06970214 -0.199768 0.06800842 0.1808166 -0.2122192 0.06800842 0.167694 -0.2268981 0.06800842 0.178009 -0.2259521 0.06800842 0.1671142 -0.2408447 0.06800842 0.1750793 -0.2391967 0.06800842 0.1653747 -0.2539673 0.06800842 0.1712646 -0.2518005 0.06800842 0.1626892 -0.2661743 0.06800842 0.166687 -0.2637024 0.06800842 0.1592407 -0.2807312 0.06800842 0.1593017 -0.2781983 0.06800842 0.153717 -0.3012085 0.06800842 0.1416931 -0.2980347 0.06800842 0.1453857 -0.2996826 0.06800842 0.1460876 -0.2947693 0.06800842 0.1486511 -0.2975159 0.06800842 0.1502685 -0.2914124 0.06800842 0.1516418 -0.2947998 0.06800842 0.1542358 -0.2878418 0.06800842 0.1544799 -0.291565 0.06800842 0.15802 -0.2841187 0.06800842 0.1571655 -0.2878723 0.06800842 0.16156 -0.2754517 0.06800842 0.1622314 -0.2793274 0.06800842 0.1680603 -0.2658997 0.06800842 0.166809 -0.2695923 0.06800842 0.173767 -0.2556458 0.06800842 0.1706848 -0.2590637 0.06800842 0.1787414 -0.239624 0.06800842 0.1753845 -0.2427368 0.06800842 0.1848754 -0.2198486 0.06800842 0.1791381 -0.2221984 0.06800842 0.1907043 -0.1973571 0.06800842 0.1787414 -0.1982116 0.06800842 0.193695 -0.1724853 0.06800842 0.1797485 -0.1718139 0.06800842 0.1933898 -0.1544189 0.06800842 0.1775512 -0.1525573 0.06800842 0.1917419 -0.1377258 0.06800842 0.173767 -0.1343994 0.06800842 0.1885375 -0.1282043 0.06800842 0.1703491 -0.1232299 0.06800842 0.1854553 -0.1200256 0.06800842 0.1661987 -0.112976 0.06800842 0.181488 -0.1132202 0.06800842 0.1613464 -0.1038818 0.06800842 0.1765747 -0.1108398 0.06800842 0.1592102 -0.09979248 0.06800842 0.1737365 -0.108673 0.06800842 0.1568298 -0.09606933 0.06800842 0.1706542 -0.106903 0.06800842 0.154541 -0.0927124 0.06800842 0.1672973 -0.1054077 0.06800842 0.1523132 -0.08975219 0.06800842 0.1636352 -0.1043395 0.06800842 0.1500854 -0.08721923 0.06800842 0.1596984 -0.08517456 0.06800842 0.1554565 -0.1030883 0.06800842 0.1466064 -0.08383178 0.06800842 0.1512145 -0.1027832 0.06800842 0.1451721 -0.08312988 0.06800842 0.1469421 -0.1027221 0.06800842 0.1436462 -0.08303833 0.06800842 0.1426696 -0.1027221 0.06800842 0.1419067 -0.08355712 0.06800842 0.1384277 -0.1028747 0.06800842 0.1398315 -0.08459472 0.06800842 0.1342163 -0.1033325 0.06800842 0.1373901 -0.0861206 0.06800842 0.1300659 -0.1041259 0.06800842 0.134613 -0.08810424 0.06800842 0.125946 -0.105133 0.06800842 0.1318054 -0.09054565 0.06800842 0.1219177 -0.1089782 0.06800842 0.1248779 -0.09646606 0.06800842 0.1141052 -0.1143493 0.06800842 0.118164 -0.1036071 0.06800842 0.1067199 -0.1211547 0.06800842 0.1119995 -0.1116638 0.06800842 0.09988403 -0.1287841 0.06800842 0.1066589 -0.1203002 0.06800842 0.09368896 -0.1412658 0.06800842 0.1000671 -0.1336364 0.06800842 0.08578491 -0.1478576 0.06800842 0.09429931 -0.1423645 0.06800842 0.081604 -0.1532897 0.06800842 0.08657836 -0.1505432 0.06800842 0.07839965 -0.1587219 0.06800842 0.07965087 -0.1579284 0.06800842 0.07632446 -0.1612243 0.06800842 0.07571411 -0.1607055 0.06800842 0.07730102 -0.1622009 0.06800842 0.07669067 -0.1611938 0.06800842 0.1116943 -0.1544189 0.06800842 0.1056823 -0.1558532 0.06800842 0.1124877 -0.1446228 0.06800842 0.09863281 -0.1496887 0.06800842 0.1141662 -0.1368103 0.06800842 0.1022033 -0.1432189 0.06800842 0.1166381 -0.1368408 0.06800842 0.119873 -0.13385 0.06800842 0.1217346 -0.1215209 0.06800842 0.1117248 -0.1310729 0.06800842 0.1237487 -0.1179199 0.06800842 0.1147766 -0.1285705 0.06800842 0.1259155 -0.1263732 0.06800842 0.1282348 -0.1109924 0.06800842 0.1221313 -0.1245422 0.06800842 0.1307067 -0.107788 0.06800842 0.1267395 -0.1231689 0.06800842 0.1332702 -0.1049499 0.06800842 0.1321716 -0.1222839 0.06800842 0.1359863 -0.1030273 0.06800842 0.1386108 -0.1219787 0.06800842 0.1387939 -0.1222534 0.06800842 0.1416931 -0.1055908 0.06800842 0.1526489 -0.1231994 0.06800842 0.1447143 -0.1099243 0.06800842 0.1582641 -0.1249084 0.06800842 0.1475524 -0.1145019 0.06800842 0.1624145 -0.1271362 0.06800842 0.150177 -0.1192321 0.06800842 0.1657409 -0.1297607 0.06800842 0.1525573 -0.1240844 0.06800842 0.1683959 -0.1328125 0.06800842 0.1547241 -0.1291503 0.06800842 0.1707458 -0.1361999 0.06800842 0.1566467 -0.1386413 0.06800842 0.1740417 -0.1438293 0.06800842 0.1599426 -0.1486816 0.06800842 0.1764526 -0.1522216 0.06800842 0.1625061 -0.1632385 0.06800842 0.1788024 -0.1654357 0.06800842 0.1651916 -0.1782226 0.06800842 0.1667175 -0.1791992 0.06800842 0.1657104 -0.1901245 0.06800842 0.06539916 -0.1782226 0.06800842 0.06970214 -0.1741027 0.06800842 0.04891967 -0.1652221 0.06800842 0.05371093 -0.1637878 0.06800842 0.04916381 -0.1729431 0.06800842 0.04379272 -0.1630554 0.06800842 0.04473876 -0.1726074 0.06800842 0.04086303 -0.1629333 0.06800842 0.04040527 -0.1726074 0.06800842 0.03796386 -0.1634216 0.06800842 0.03625488 -0.173645 0.06800842 0.03527832 -0.1644592 0.06800842 0.03225708 -0.1659545 0.06800842 0.02850341 -0.1678771 0.06800842 0.02499389 -0.1779785 0.06800842 0.0279541 -0.1701965 0.06800842 0.02172851 -0.1799011 0.06800842 0.02584838 -0.1728515 0.06800842 0.01879882 -0.1757812 0.06800842 0.01617431 -0.1842346 0.06800842 0.02236938 -0.1789245 0.06800842 0.01391601 -0.1865539 0.06800842 0.02102661 -0.1822509 0.06800842 0.01208496 -0.1888732 0.06800842 0.01992797 -0.1856994 0.06800842 0.01068115 -0.191101 0.06800842 0.01904296 -0.1892089 0.06800842 0.009704589 -0.19458 0.06800842 0.01895141 -0.1940002 0.06800842 0.00906372 -0.2004699 0.06800842 0.06539916 -0.1972045 0.06800842 0.05471801 -0.2062072 0.06800842 0.04870605 -0.2082214 0.06800842 0.03970336 -0.2055969 0.06800842 0.0354309 -0.2043151 0.06800842 0.03366088 -0.2029113 0.06800842 0.03210449 -0.2012023 0.06800842 0.03082275 -0.1991271 0.06800842 0.02984619 -0.1965026 0.06800842 0.02911376 -0.1932067 0.06800842 0.02868652 -0.1909484 0.06800842 0.02990722 -0.1890258 0.06800842 0.03112792 -0.1873779 0.06800842 0.03240966 -0.1859436 0.06800842 0.03387451 -0.1846313 0.06800842 0.03552246 -0.1834106 0.06800842 0.03744506 -0.1822204 0.06800842 0.03970336 -0.1842041 0.06800842 0.04870605 -0.1836853 0.06800842 0.06057739 -0.1889648 0.06800842 0.05203247 -0.1860351 0.06800842 0.06253051 -0.1905822 0.06800842 0.05291748 -0.1887207 0.06800842 0.06448364 -0.1923828 0.06800842 0.0536499 -0.1916198 0.06800842 0.06738281 -0.1945495 0.06800842 0.05426025 -0.1958923 0.06800842 0.07000732 -0.1972045 0.06800842 0.05471801 -0.1764831 0.06800842 0.05386352 -0.2141723 0.06800842 0.0541687 -0.1724548 0.06800842 0.03836059 -0.2180786 0.06800842 0.03805541 -0.1914367 0.06800842 0.01895141 -0.1749572 0.06800842 0.03250122 -0.1748352 0.06800842 0.03268432 -0.1765747 0.06800842 0.02981567 -0.1762695 0.06800842 0.03024291 -0.1859741 0.06800842 0.02133178 -0.1784973 0.06800842 0.02731323 -0.1807556 0.06800842 0.02502441 -0.1832885 0.06800842 0.02301025 -0.07800292 0.06800842 0.09478759 -0.1820068 0.06800842 0.02395629 -0.1735534 0.06800842 0.04681396 -0.1984558 0.06800842 0.01925659 -0.2026672 0.06800842 0.0203247 -0.2065124 0.06800842 0.02212524 -0.2006835 0.06800842 0.01974487 -0.2097473 0.06800842 0.02453613 -0.2141113 0.06800842 0.02978515 -0.2122497 0.06800842 0.02719116 -0.2106933 0.06800842 0.02545166 -0.08880615 0.06800842 0.09918212 0.03375244 0.06800842 0.01913452 -0.02221679 0.06800842 0.02050781 -0.1829528 0.06800842 0.1804504 -0.05319213 0.06800842 0.07580566 -0.1252746 0.06800842 0.1090087 0.00704956 0.06800842 0.07519531 -0.1292419 0.06800842 0.1063537 -0.1143493 0.06800842 0.118164 -0.1452026 0.06800842 0.09841918 0.007354736 0.06800842 0.1108093 -0.1957702 0.06800842 0.1724548 -0.1947326 0.06800842 0.0710144 -0.1944274 0.06800842 0.1757812 -0.1028747 0.06800842 0.1456909 -0.1035766 0.06800842 0.1481323 -0.05722045 0.06800842 0.1110229 0.00894165 0.06800842 0.03515625</float_array>
          <technique_common>
            <accessor source="#Layer_1-mesh-positions-array" count="2663" stride="3">
              <param name="X" type="float"/>
              <param name="Y" type="float"/>
              <param name="Z" type="float"/>
            </accessor>
          </technique_common>
        </source>
        <source id="Layer_1-mesh-normals">
          <float_array id="Layer_1-mesh-normals-array" count="6510">0 -1 0 1.2177e-7 -0.9999848 -0.005512833 0 -0.9999848 -0.005512833 0 -0.9999848 -0.005512833 0 -1 3.35569e-4 0 -1 3.35569e-4 0 -1 3.35569e-4 0 -0.9999985 0.001773715 0 -0.9999985 0.001773715 0 -0.9999985 0.001773715 0 -0.9999996 -9.10829e-4 0 -0.9999996 -9.10829e-4 0 -0.9999996 -9.10829e-4 0 -0.9999998 -5.7526e-4 0 -0.9999998 -5.7526e-4 0 -0.9999998 -5.7526e-4 3.37837e-7 -0.9999753 0.007046878 3.80212e-7 -0.9999755 0.006998896 0 -0.9999753 0.007046878 0 -0.9999803 -0.006279826 0 -0.99998 -0.006327807 0 -0.99998 -0.006327807 0 -0.9999229 0.0124157 -1.02399e-6 -0.9999212 0.01255947 -9.25269e-7 -0.9999217 0.01251155 -1.47847e-7 -0.9999824 -0.005944311 4.14904e-7 -0.9999821 -0.005992233 4.87082e-7 -0.9999824 -0.005944311 -2.22819e-7 -0.9999902 0.004458248 -2.71481e-7 -0.9999902 0.004458248 1.22935e-7 -0.9999902 0.004458248 -1.27475e-7 -0.9999881 -0.004889667 3.56929e-7 -0.9999879 -0.004937589 1.75554e-7 -0.9999881 -0.004889667 0 -0.9999987 -0.001629889 0 -0.9999987 -0.001629889 0 -0.9999987 -0.001629889 0 -0.9999983 -0.001821637 0 -0.9999983 -0.001821637 0 -0.9999983 -0.001821637 0 -0.9999966 -0.002636551 0 -0.9999966 -0.002636551 0 -0.9999966 -0.002636551 0 -0.9999999 4.79384e-4 0 -0.9999999 4.79384e-4 0 -0.9999999 4.79384e-4 2.19967e-7 -0.9999892 -0.004649996 0 -0.9999892 -0.004649996 0 -0.9999892 -0.004649996 -2.27243e-7 -0.9999877 0.004985511 -1.89757e-7 -0.9999874 0.005033493 0 -0.9999877 0.004985511 0 -0.9999997 -7.67014e-4 0 -0.9999997 -7.67014e-4 0 -0.9999997 -7.67014e-4 0 -1 3.35569e-4 0 -1 3.35569e-4 0 -1 3.35569e-4 0 -0.9999936 -0.003595352 0 -0.9999936 -0.003595352 0 -0.9999936 -0.003595352 0 -0.9999781 0.0066154 5.14556e-7 -0.9999784 0.006567478 -3.32249e-7 -0.9999784 0.006567478 2.42318e-7 -0.9999921 0.003978848 0 -0.9999921 0.003978848 0 -0.9999921 0.003978848 0 -0.9999967 0.002588629 0 -0.9999967 0.002588629 0 -0.9999967 0.002588629 0 -0.9999983 0.001821637 0 -0.9999983 0.001821637 0 -0.9999983 0.001821637 0 -0.9999998 -5.7526e-4 0 -0.9999998 -5.7526e-4 0 -0.9999998 -5.7526e-4 0 -0.9999971 0.002396881 0 -0.9999971 0.002396881 1.55822e-7 -0.9999971 0.002396881 0 -0.9999998 5.7526e-4 0 -0.9999998 5.7526e-4 0 -0.9999998 5.7526e-4 0 -0.9999999 -4.79384e-4 0 -0.9999999 -4.79384e-4 0 -0.9999999 -4.79384e-4 0 -0.9999981 0.001965463 0 -0.9999981 0.001965463 0 -0.9999981 0.001965463 0 -0.9999977 0.002157211 -1.45053e-7 -0.9999977 0.002157211 0 -0.9999977 0.002157211 0 -0.9999874 -0.005033493 0 -0.9999877 -0.00498557 4.42145e-7 -0.9999877 -0.004985511 0 -0.9999964 0.002684533 -1.31724e-7 -0.9999964 0.002684533 0 -0.9999964 0.002684533 0 -0.9999945 -0.0033077 0 -0.9999944 -0.003355622 1.5262e-7 -0.9999945 -0.0033077 0 -1 3.35569e-4 0 -1 3.35569e-4 0 -1 3.35569e-4 0 -0.9999992 0.001342236 0 -0.9999992 0.001342236 0 -0.9999992 0.001342236 -5.22472e-7 -0.9998795 0.01553136 6.58911e-7 -0.9998757 0.01577103 -3.84636e-7 -0.9998787 0.01557934 4.11877e-7 -0.9999818 -0.006040155 0 -0.9999821 -0.005992233 1.48779e-7 -0.9999821 -0.005992233 2.54018e-7 -0.9999872 0.005081415 0 -0.9999872 0.005081415 0 -0.999987 0.005129337 1.71829e-7 -0.9999612 -0.008820533 -5.3097e-7 -0.9999616 -0.008772552 2.20025e-7 -0.9999616 -0.008772552 1.70789e-7 -0.9999921 -0.003978848 0 -0.9999921 -0.003978848 2.202e-7 -0.9999921 -0.003978848 -4.01633e-7 -0.9999872 0.005081415 4.99655e-7 -0.9999872 0.005081415 0 -0.999987 0.005129337 0 -0.9999999 -4.79384e-4 0 -0.9999999 -4.79384e-4 0 -0.9999999 -4.79384e-4 0 -0.999999 -0.00143814 0 -0.999999 -0.00143814 0 -0.999999 -0.00143814 0 -0.9999993 -0.00119841 0 -0.9999993 -0.00119841 0 -0.9999993 -0.00119841 1.63564e-7 -0.9999772 -0.006759226 0 -0.9999772 -0.006759226 -3.8906e-7 -0.9999772 -0.006759226 2.27359e-7 -0.999987 0.005129337 -2.32772e-7 -0.999987 0.005129337 0 -0.999987 0.005129337 0 -0.9999806 -0.006231904 2.085e-7 -0.9999809 -0.006183981 0 -0.9999809 -0.006183981 0 -0.9999913 0.004170596 -2.72412e-7 -0.9999913 0.004170596 0 -0.9999913 0.004170596 1.65892e-7 -0.9999945 -0.0033077 0 -0.9999945 -0.0033077 0 -0.9999945 -0.0033077 0 -0.9999998 -6.71137e-4 0 -0.9999998 -6.71137e-4 0 -0.9999998 -6.71137e-4 0 -0.9999988 0.001581907 0 -0.9999988 0.001581907 0 -0.9999988 0.001581907 0 -0.9999995 -0.001054584 0 -0.9999995 -0.001054584 0 -0.9999995 -0.001054584 0 -0.9999998 -5.7526e-4 0 -0.9999998 -5.7526e-4 0 -0.9999998 -5.7526e-4 -1.47789e-7 -0.9999976 0.002205133 1.52737e-7 -0.9999976 0.002205133 1.34285e-7 -0.9999976 0.002205133 -1.47149e-7 -0.9999944 0.003355622 2.09293e-7 -0.9999944 0.003355622 0 -0.9999944 0.003355622 0 -0.9999998 -6.71137e-4 0 -0.9999998 -6.71137e-4 0 -0.9999998 -6.71137e-4 4.47501e-7 -0.9997287 0.02329593 1.11945e-6 -0.999722 0.02358347 1.39955e-6 -0.9997197 0.02367931 0 -0.999999 0.00143814 0 -0.999999 0.00143814 0 -0.999999 0.00143814 0 -0.9999994 -0.001150488 0 -0.9999994 -0.001150488 0 -0.9999994 -0.001150488 0 -0.999999 0.00143814 1.23255e-7 -0.999999 0.00143814 0 -0.999999 0.00143814 -2.03261e-7 -0.9999853 0.005416989 0 -0.9999852 0.005464911 0 -0.9999853 0.005416989 0 -0.9999996 9.10829e-4 0 -0.9999996 9.10829e-4 0 -0.9999996 9.10829e-4 8.64826e-6 -0.9993606 0.03575438 8.36514e-6 -0.9993452 0.03618556 -1.81794e-6 -0.9993828 0.03513157 0 -0.9999913 -0.004170596 0 -0.9999913 -0.004170596 1.35391e-7 -0.9999913 -0.004170596 3.0105e-7 -0.9999859 0.005321085 1.93599e-7 -0.9999859 0.005321085 0 -0.9999859 0.005321085 -1.21843e-7 -0.999995 0.003163874 0 -0.999995 0.003163874 -1.58674e-7 -0.999995 0.003163874 0 -0.9999919 0.00402677 2.91853e-7 -0.9999919 0.00402677 -1.25263e-7 -0.9999919 0.00402677 4.5076e-7 -0.9999636 -0.008532881 3.28757e-7 -0.999964 -0.008484959 5.26459e-7 -0.999964 -0.008484959 3.04382e-7 -0.9999721 -0.007478296 -5.42146e-7 -0.9999724 -0.007430374 2.02213e-7 -0.9999724 -0.007430374 0 -0.9999987 -0.001629889 0 -0.9999987 -0.001629889 0 -0.9999987 -0.001629889 0 -0.9999992 0.001294314 0 -0.9999992 0.001294314 0 -0.9999992 0.001294314 0 -0.9999806 -0.006231904 0 -0.9999803 -0.006279826 -3.55067e-7 -0.9999806 -0.006231904 0 -0.9999994 -0.001102566 0 -0.9999994 -0.001102566 0 -0.9999994 -0.001102566 0 -0.9999993 0.00119841 0 -0.9999993 0.00119841 0 -0.9999993 0.00119841 0 -0.9999983 0.001869559 0 -0.9999983 0.001869559 -1.32772e-7 -0.9999983 0.001869559 -4.06057e-7 -0.9999759 0.006950974 -4.42844e-7 -0.9999763 0.006903052 4.49596e-7 -0.9999759 0.006950974 0 -0.9999992 -0.001294314 0 -0.9999992 -0.001294314 0 -0.9999992 -0.001294314 2.27708e-7 -0.9999927 0.003835022 -3.00235e-7 -0.9999927 0.003835022 2.99304e-7 -0.9999927 0.003835022 0 -0.9999985 0.001725733 1.20664e-7 -0.9999985 0.001725733 0 -0.9999985 0.001725733 0 -1 -3.35569e-4 0 -1 -3.35569e-4 0 -1 -3.35569e-4 0 -0.999999 -0.001486063 0 -0.999999 -0.001486063 -1.2567e-7 -0.999999 -0.001486063 0 -0.9999956 0.002972126 0 -0.9999956 0.002972126 -1.65834e-7 -0.9999956 0.002972126 0 -0.9999952 -0.003115952 1.75438e-7 -0.9999952 -0.003115952 -2.04891e-7 -0.9999952 -0.003115952 0 -0.9999759 -0.006950974 0 -0.9999759 -0.006950974 0 -0.9999759 -0.006950974 -3.40864e-7 -0.9999791 -0.006471633 0 -0.9999788 -0.006519556 2.29105e-7 -0.9999791 -0.006471633 2.65078e-7 -0.9999759 0.006950974 3.31318e-7 -0.9999759 0.006950974 3.80853e-7 -0.9999759 0.006950974 0 -0.9999999 -4.79384e-4 0 -0.9999999 -4.79384e-4 0 -0.9999999 -4.79384e-4 0 -0.9999929 -0.0037871 -3.07686e-7 -0.9999929 -0.0037871 -2.37604e-7 -0.9999929 -0.0037871 1.62981e-7 -0.9999884 0.004841744 1.9453e-7 -0.9999885 0.004793763 -2.77767e-7 -0.9999885 0.004793763 0 -0.9999794 -0.006423652 2.57511e-7 -0.9999797 -0.00637573 1.43424e-7 -0.9999794 -0.006423652 0 -0.9999993 0.00119841 0 -0.9999993 0.00119841 0 -0.9999993 0.00119841 0 -0.9999981 0.001965463 -1.1985e-7 -0.9999981 0.001965463 0 -0.9999981 0.001965463 0 -0.9999994 -0.001150488 0 -0.9999994 -0.001150488 0 -0.9999994 -0.001150488 0 -0.9999987 0.001629889 0 -0.9999987 0.001629889 -1.23691e-7 -0.9999987 0.001629889 0 -0.9999977 -0.002157211 0 -0.9999977 -0.002157211 -1.23517e-7 -0.9999977 -0.002157211 0 -0.9999992 -0.001294314 0 -0.9999992 -0.001294314 0 -0.9999992 -0.001294314 1.42725e-7 -0.9999784 -0.006567478 0 -0.9999781 -0.0066154 2.62633e-7 -0.9999784 -0.006567478 0 -0.999996 0.002828359 0 -0.999996 0.002828359 1.77359e-7 -0.999996 0.002828359 0 -1 3.35569e-4 0 -1 3.35569e-4 0 -1 3.35569e-4 0 -0.9999993 0.00119841 0 -0.9999993 0.00119841 0 -0.9999993 0.00119841 0 -0.9999987 0.001629889 0 -0.9999987 0.001629889 0 -0.9999987 0.001629889 0 -0.9999995 -0.001054584 0 -0.9999995 -0.001054584 0 -0.9999995 -0.001054584 0 -0.9999997 -8.6289e-4 4.71518e-6 -0.9999997 -8.62878e-4 0 -0.9999997 -8.6289e-4 0 -0.9999995 -0.001054584 0 -0.9999995 -0.001054584 0 -0.9999995 -0.001054584 0 -0.9999987 0.001629889 -1.37338e-7 -0.9999987 0.001629889 0 -0.9999987 0.001629889 0 -0.9999993 0.001246392 0 -0.9999993 0.001246392 0 -0.9999993 0.001246392 1.66357e-7 -0.9999971 0.002396881 -2.22411e-7 -0.9999971 0.002396881 0 -0.9999971 0.002396881 0 -0.9999998 -6.71137e-4 0 -0.9999998 -6.71137e-4 0 -0.9999998 -6.71137e-4 0 -0.9999996 9.10829e-4 0 -0.9999996 9.10829e-4 0 -0.9999996 9.10829e-4 0 -0.9999952 0.003115952 2.75322e-7 -0.9999952 0.003115952 0 -0.9999952 0.003115952 0 -0.9999778 -0.006663382 3.3807e-7 -0.9999778 -0.006663382 0 -0.9999778 -0.006663382 -1.34809e-7 -0.9999836 -0.005752563 4.79049e-7 -0.9999837 -0.005704581 0 -0.9999837 -0.005704581 1.21747e-6 -0.9997398 0.02281665 3.6275e-7 -0.9997353 0.02300834 8.22358e-7 -0.999732 0.02315211 0 -0.9999503 -0.009970963 6.03148e-7 -0.9999498 -0.01001894 -7.58795e-7 -0.9999498 -0.01001894 -0.9925529 0.1150875 -0.03992092 0.6843938 6.56551e-5 0.7291126 -0.9991567 0 -0.04106032 -6.60541e-7 -0.9999265 0.01212805 2.89874e-7 -0.999926 0.01217603 7.18981e-7 -0.9999247 0.01227188 1.59489e-7 -0.9999745 0.007142722 -1.23167e-7 -0.9999749 0.0070948 -1.94879e-7 -0.9999745 0.007142722 1.85799e-7 -0.999984 0.005656659 5.14672e-7 -0.9999837 0.005704581 1.32015e-7 -0.999984 0.005656659 0 -0.9999998 6.71137e-4 0 -0.9999998 6.71137e-4 0 -0.9999998 6.71137e-4 0 -0.9999983 -0.001821637 -1.63913e-7 -0.9999983 -0.001821637 -1.25146e-7 -0.9999983 -0.001821637 -0.766624 -7.35435e-5 -0.6420963 0 -0.9999999 4.79384e-4 0 -0.9999999 4.79384e-4 0 -0.9999999 4.79384e-4 0 -0.9999908 0.004314422 0 -0.9999908 0.004314422 2.69734e-7 -0.9999908 0.004314422 0 -0.9999852 0.005464911 -1.87283e-7 -0.9999852 0.005464911 0 -0.9999852 0.005464911 0 -0.999996 0.002828359 0 -0.999996 0.002828359 0 -0.999996 0.002828359 -2.37254e-7 -0.999989 0.004697918 4.39119e-7 -0.999989 0.004697918 0 -0.9999887 0.004745841 1.20141e-7 -0.9999864 0.005225241 0 -0.9999866 0.005177319 0 -0.9999864 0.005225241 -1.71247e-7 -0.9999932 -0.003691196 2.44821e-7 -0.9999932 -0.003691196 0 -0.9999934 -0.003643274 2.29571e-7 -0.9999864 0.005225241 -1.63447e-7 -0.9999867 0.005177319 1.63913e-7 -0.9999864 0.005225241 -4.16534e-7 -0.9999541 -0.009587526 0 -0.9999532 -0.00968337 -1.75089e-7 -0.9999541 -0.009587526 -6.7126e-5 -0.9974741 0.0710327 8.25673e-5 -0.9975852 0.06945461 -2.79397e-7 -0.9973044 0.07337558 -3.41795e-7 -0.9997963 -0.02018064 3.35276e-7 -0.9998031 -0.01984512 -1.45007e-6 -0.9998002 -0.01998895 5.69969e-7 -0.9999569 -0.009299874 -2.73343e-7 -0.9999577 -0.00920403 -5.54137e-7 -0.9999572 -0.009251952 3.23402e-7 -0.9999728 -0.007382392 5.90924e-7 -0.9999731 -0.00733447 5.05475e-7 -0.9999728 -0.007382392 -4.2282e-7 -0.9999541 0.009587526 7.00122e-7 -0.9999532 0.00968337 -1.52737e-7 -0.9999541 0.009587526 1.59722e-7 -0.9999864 -0.005225241 0 -0.9999866 -0.005177319 2.06055e-7 -0.9999864 -0.005225241 4.27011e-7 -0.9999824 -0.005944311 -1.75787e-7 -0.9999824 -0.005944311 1.24564e-7 -0.9999821 -0.005992233 0 -1 3.35569e-4 0 -1 3.35569e-4 0 -1 3.35569e-4 0 -0.9999945 0.0033077 -2.59723e-7 -0.9999945 0.0033077 2.25147e-7 -0.9999945 0.0033077 0 -0.9999994 -0.001102566 0 -0.9999994 -0.001102566 0 -0.9999994 -0.001102566 0 -0.9999994 0.001102566 0 -0.9999994 0.001102566 0 -0.9999994 0.001102566 0 -0.9999856 0.005369067 -4.10946e-7 -0.9999853 0.005416989 -4.06755e-7 -0.9999853 0.005416989 0 -0.9999969 0.002492785 0 -0.9999969 0.002492785 0 -0.9999969 0.002492785 0 -0.9999993 0.00119841 0 -0.9999993 0.00119841 0 -0.9999993 0.00119841 0 -0.9999967 -0.002588629 0 -0.9999967 -0.002588629 -1.52038e-7 -0.9999967 -0.002588629 0.01305568 0.9238933 -0.3824274 0.3708676 0.9238933 -0.0942251 0.4701659 0.4884005 -0.7351252 -1.22702e-7 -0.9999976 0.002205133 0 -0.9999976 0.002205133 -1.28406e-7 -0.9999976 0.002205133 -3.2573e-7 -0.9999885 0.004793763 -2.95462e-7 -0.9999884 0.004841744 2.12225e-7 -0.9999885 0.004793763 -1.48546e-7 -0.9997983 -0.02008479 -1.01095e-6 -0.9998031 -0.01984512 -6.01634e-7 -0.9997983 -0.02008479 1.47615e-7 -0.999996 0.002828359 0 -0.999996 0.002828359 0 -0.999996 0.002828359 0 -0.9999877 0.00498557 -3.76647e-7 -0.9999879 0.004937589 -2.75089e-7 -0.9999879 0.004937589 3.41097e-7 -0.999989 0.004697918 0 -0.9999887 0.004745841 0 -0.999989 0.004697918 1.3446e-7 -0.9999925 -0.003882944 0 -0.9999925 -0.003882944 0 -0.9999925 -0.003882944 0 -0.9999921 0.003978848 1.21538e-7 -0.9999921 0.003978848 0 -0.9999921 0.003978848 0 -0.9999991 0.001342236 0 -0.9999991 0.001342236 0 -0.9999991 0.001342236 0 -0.999999 -0.00143814 0 -0.999999 -0.00143814 0 -0.999999 -0.00143814 0 -0.9999981 0.001965463 0 -0.9999981 0.001965463 0 -0.9999981 0.001965463 -0.1211796 0.9238933 0.3629555 -0.3781651 0.9238933 0.05841517 0.6756247 -0.5597236 -0.4798341 0 -0.9999911 0.004218518 -1.95811e-7 -0.9999911 0.004218518 0 -0.9999911 0.004218518 -1.53668e-7 -0.9999265 -0.01212805 -1.53203e-7 -0.9999254 -0.01222395 1.98837e-7 -0.9999254 -0.01222395 1.19442e-7 -0.9999836 -0.005752563 0 -0.9999837 -0.005704581 1.83703e-7 -0.9999836 -0.005752563 -4.94183e-7 -0.9998633 -0.01653796 6.66478e-7 -0.9998649 -0.01644212 -8.32137e-7 -0.9998657 -0.01639413 7.73813e-7 -0.9998787 0.01557934 1.42865e-6 -0.9998787 0.01557934 1.23493e-6 -0.9998764 0.0157231 0 -0.9999981 0.001965463 0 -0.9999981 0.001965463 0 -0.9999981 0.001965463 0 -0.9999997 9.10829e-4 0 -0.9999997 9.10829e-4 0 -0.9999997 9.10829e-4 0 -0.9999645 -0.008437037 1.82539e-7 -0.9999641 -0.008484959 0 -0.9999641 -0.008484959 0 -0.999999 0.00143814 0 -0.999999 0.00143814 0 -0.999999 0.00143814 -6.01076e-6 -0.9986897 -0.05117577 2.0694e-5 -0.9987623 -0.04973948 -2.6213e-5 -0.9988024 -0.04892551 0 -0.9999991 0.001390159 0 -0.9999991 0.001390159 0 -0.9999991 0.001390159 0 -0.9999992 -0.001246392 0 -0.9999992 -0.001246392 0 -0.9999992 -0.001246392 -2.22819e-7 -0.9999947 0.003259778 0 -0.999995 0.003163874 -1.73168e-7 -0.9999947 0.003259778 -1.9779e-7 -0.9999959 0.002876281 0 -0.9999959 0.002876281 0 -0.9999959 0.002876281 0 -0.9999998 -5.7526e-4 0 -0.9999998 -5.7526e-4 0 -0.9999998 -5.7526e-4 0 -0.9999997 -7.67014e-4 0 -0.9999997 -7.67014e-4 0 -0.9999997 -7.67014e-4 0 -0.9999997 7.67014e-4 0 -0.9999997 7.67014e-4 0 -0.9999997 7.67014e-4 0 -0.999999 0.00143814 0 -0.999999 0.00143814 0 -0.999999 0.00143814 0 -0.999966 0.008245289 -3.53204e-7 -0.9999656 0.008293211 -1.58907e-7 -0.9999656 0.008293211 0 -0.9999821 0.005992233 0 -0.9999824 0.005944311 -1.54367e-7 -0.9999824 0.005944311 1.45868e-7 -0.9999957 -0.002972126 0 -0.9999957 -0.002972126 0 -0.9999957 -0.002972126 3.84403e-7 -0.9999784 -0.006567478 0 -0.9999784 -0.006567478 0 -0.9999781 -0.0066154 6.116e-6 -0.9995146 -0.03115487 1.67731e-6 -0.999525 -0.03081947 7.39098e-6 -0.999495 -0.03177773 0 -0.9999952 0.003115952 0 -0.9999952 0.003115952 -2.46451e-7 -0.9999952 0.003115952 0 -1 3.35569e-4 0 -1 3.35569e-4 0 -1 3.35569e-4 0 -1 3.35569e-4 0 -1 3.35569e-4 0 -1 3.35569e-4 0 -0.9999983 0.001869559 0 -0.9999983 0.001869559 1.28464e-7 -0.9999983 0.001869559 0 -0.9999998 5.7526e-4 0 -0.9999998 5.7526e-4 0 -0.9999998 5.7526e-4 0 -0.9999956 0.002972126 0 -0.9999956 0.002972126 1.4063e-7 -0.9999956 0.002972126 2.98955e-7 -0.9999735 -0.007286548 0 -0.9999735 -0.007286548 5.64731e-7 -0.9999735 -0.007286548 0 -0.9999973 -0.002348959 -2.11701e-7 -0.9999973 -0.002348959 0 -0.9999973 -0.002348959 0 -0.9999464 0.01035445 1.80211e-7 -0.9999454 0.01045036 -2.44007e-7 -0.9999454 0.01045036 0 -0.9999474 -0.01025861 3.99537e-7 -0.999948 -0.01021069 4.46569e-7 -0.9999484 -0.01016271 0 -0.9999976 -0.002205133 1.3574e-7 -0.9999976 -0.002205133 0 -0.9999976 -0.002205133 1.64844e-7 -0.999984 0.005656659 0 -0.999984 0.005656659 3.06172e-7 -0.9999837 0.005704581 0 -0.9999999 -4.79384e-4 0 -0.9999999 -4.79384e-4 0 -0.9999999 -4.79384e-4 0 -0.9999996 -9.10829e-4 0 -0.9999996 -9.10829e-4 0 -0.9999996 -9.10829e-4 -2.12342e-7 -0.999989 -0.004697918 1.32946e-7 -0.9999888 -0.004745841 -3.241e-7 -0.999989 -0.004697918 5.17815e-7 -0.9999563 0.009347796 1.71596e-7 -0.9999569 0.009299874 4.27943e-7 -0.9999563 0.009347796 -3.1013e-7 -0.9999915 0.004122674 0 -0.9999915 0.004122674 1.23458e-7 -0.9999915 0.004122674 0 -0.9999934 -0.003643274 0 -0.9999932 -0.003691196 0 -0.9999932 -0.003691196 -9.2655e-7 -0.999889 -0.01490825 1.74841e-7 -0.9998875 -0.01500409 -7.46921e-7 -0.9998868 -0.01505208 0 -0.9999992 0.001294314 0 -0.9999992 0.001294314 0 -0.9999992 0.001294314 0 -0.9999999 -5.7526e-4 0 -0.9999999 -5.7526e-4 0 -0.9999999 -5.7526e-4 0 -0.9999999 4.79384e-4 0 -0.9999999 4.79384e-4 0 -0.9999999 4.79384e-4 0 -0.9999999 -4.79384e-4 0 -0.9999999 -4.79384e-4 0 -0.9999999 -4.79384e-4 -4.54485e-7 -0.9999788 0.006519556 2.08616e-7 -0.9999791 0.006471633 4.17698e-7 -0.9999788 0.006519556 0 -0.9999961 0.002780377 2.39699e-7 -0.9999961 0.002780377 0 -0.9999961 0.002780377 2.04338e-7 -0.999994 -0.003499448 0 -0.999994 -0.003499448 0 -0.999994 -0.003499448 0 -0.999998 0.002013385 0 -0.999998 0.002013385 0 -0.999998 0.002013385 0 -0.999962 -0.008724629 1.92784e-7 -0.999962 -0.008724629 2.39816e-7 -0.9999625 -0.008676707 0 -0.9999992 0.001246392 0 -0.9999992 0.001246392 0 -0.9999992 0.001246392 0 -0.9999997 -8.62891e-4 0 -0.9999997 -8.62891e-4 0 -0.9999997 -8.62891e-4 0 -1 -3.35569e-4 0 -1 -3.35569e-4 0 -1 -3.35569e-4 0 -0.9999999 4.79384e-4 0 -0.9999999 4.79384e-4 0 -0.9999999 4.79384e-4 0 -0.9999999 -4.79384e-4 0 -0.9999999 -4.79384e-4 0 -0.9999999 -4.79384e-4 0 -0.9999797 0.00637573 -3.16417e-7 -0.9999794 0.006423652 1.98605e-7 -0.9999794 0.006423652 -1.32015e-7 -0.9999971 0.002444803 -1.9616e-7 -0.9999971 0.002444803 0 -0.9999971 0.002444803 -1.4808e-7 -0.9999978 0.002109229 -1.46742e-7 -0.9999978 0.002109229 -1.68075e-7 -0.9999978 0.002109229 0 -0.9999745 -0.007142722 -2.28407e-7 -0.9999745 -0.007142722 5.9884e-7 -0.9999745 -0.007142722 0 -0.9999973 -0.002348959 0 -0.9999973 -0.002348959 1.36788e-7 -0.9999973 -0.002348959 2.7474e-7 -0.9999877 0.00498557 0 -0.9999874 0.005033493 0 -0.9999877 0.00498557 0 -0.9999843 -0.005608737 3.18047e-7 -0.9999843 -0.005608737 2.99653e-7 -0.9999843 -0.005608737 0 -0.9999998 6.71137e-4 0 -0.9999998 6.71137e-4 0 -0.9999998 6.71137e-4 0 -0.9999999 4.79384e-4 0 -0.9999999 4.79384e-4 0 -0.9999999 4.79384e-4 0 -0.9999989 0.001486063 0 -0.9999989 0.001486063 0 -0.9999989 0.001486063 -2.05371e-7 -0.999995 0.003163874 2.11061e-7 -0.9999947 0.003259778 0 -0.9999947 0.003259778 0 -0.9999995 -0.001102566 0 -0.9999995 -0.001102566 0 -0.9999995 -0.001102566 0 -0.9999998 5.7526e-4 0 -0.9999998 5.7526e-4 0 -0.9999998 5.7526e-4 0 -0.9999989 0.001486063 0 -0.9999989 0.001486063 0 -0.9999989 0.001486063 0 -0.9999998 6.71137e-4 0 -0.9999998 6.71137e-4 0 -0.9999998 6.71137e-4 -1.50991e-7 -0.9999978 0.002109229 0 -0.9999978 0.002109229 0 -0.9999978 0.002109229 0 -0.9999959 -0.002876281 0 -0.9999959 -0.002876281 0 -0.9999959 -0.002876281 0 -0.9999998 -5.7526e-4 0 -0.9999998 -5.7526e-4 0 -0.9999998 -5.7526e-4 0 -0.9999974 0.002301037 0 -0.9999974 0.002301037 0 -0.9999974 0.002301037 0 -0.9999956 0.002972126 0 -0.9999956 0.002972126 0 -0.9999959 0.002876281 -5.45569e-6 -0.9991043 -0.04231691 7.40378e-6 -0.9990716 -0.04308325 -2.29944e-6 -0.9990528 -0.04351425 0 -0.9999824 -0.005944311 3.32442e-7 -0.9999821 -0.005992233 -4.20026e-7 -0.9999821 -0.005992233 2.84053e-7 -0.9999366 0.01126527 4.32599e-7 -0.9999361 0.01131319 7.82311e-7 -0.9999361 0.01131319 0 -0.9999997 7.67014e-4 0 -0.9999997 7.67014e-4 0 -0.9999997 7.67014e-4 -1.78261e-7 -0.9999636 0.008532881 -6.2352e-7 -0.999964 0.008484959 -2.8174e-7 -0.9999636 0.008532881 0 -0.9999881 -0.004889667 0 -0.9999881 -0.004889667 0 -0.9999879 -0.004937589 0 -0.9999945 -0.0033077 0 -0.9999945 -0.0033077 0 -0.9999945 -0.0033077 0 -0.9999991 -0.001390159 0 -0.9999991 -0.001390159 0 -0.9999991 -0.001390159 0 -0.9999926 0.003882944 1.91387e-7 -0.9999923 0.003930926 0 -0.9999926 0.003882944 0 -0.9999765 0.00685513 3.16184e-7 -0.9999769 0.006807148 3.03378e-7 -0.9999765 0.00685513 0 -0.9999995 -0.001054584 0 -0.9999995 -0.001054584 0 -0.9999995 -0.001054584 0 -0.999995 0.003163874 0 -0.999995 0.003163874 1.36963e-7 -0.999995 0.003163874 0 -0.9999997 8.62891e-4 0 -0.9999997 8.6289e-4 0 -0.9999997 8.62891e-4 0 -0.9999989 -0.001486063 0 -0.9999989 -0.001486063 0 -0.9999989 -0.001486063 0 -0.999994 0.003451526 0 -0.999994 0.003451526 2.94414e-7 -0.999994 0.003451526 0 -0.9999999 4.79384e-4 0 -0.9999999 4.79384e-4 0 -0.9999999 4.79384e-4 0 -1 3.35569e-4 0 -1 3.35569e-4 0 -1 3.35569e-4 0 -1 3.35569e-4 0 -1 3.35569e-4 0 -1 3.35569e-4 2.3446e-7 -0.9999881 -0.004889667 1.468e-7 -0.9999884 -0.004841744 0 -0.9999884 -0.004841744 -2.41511e-5 -0.9977262 0.06739813 2.16253e-5 -0.9979035 0.06471943 -5.20609e-5 -0.9977197 0.06749379 0 -0.9999925 0.003882944 -2.75439e-7 -0.9999925 0.003882944 0 -0.9999925 0.003882944 0 -0.9999994 -0.001102566 0 -0.9999994 -0.001102566 0 -0.9999994 -0.001102566 0 -0.9999987 0.001629889 0 -0.9999987 0.001629889 0 -0.9999987 0.001629889 0 -0.9999957 -0.002972126 -1.49594e-7 -0.9999957 -0.002972126 3.92764e-5 -0.9999957 -0.002971887 0 -0.9999981 0.001965463 0 -0.9999981 0.001965463 1.19442e-7 -0.9999981 0.001965463 0 -0.9999999 -4.79384e-4 0 -0.9999999 -4.79384e-4 0 -0.9999999 -4.79384e-4 0 -0.9999952 0.003115952 1.38301e-7 -0.9999952 0.003115952 0 -0.9999952 0.003115952 0 -0.9999996 -9.10829e-4 0 -0.9999996 -9.10829e-4 0 -0.9999996 -9.10829e-4 0 -0.9999991 -0.001342236 0 -0.9999991 -0.001342236 0 -0.9999991 -0.001342236 0 -0.9999956 0.002972126 2.55881e-7 -0.9999956 0.002972126 0 -0.9999956 0.002972126 0 -0.999996 -0.002828359 1.75729e-7 -0.9999961 -0.002780377 -1.85682e-7 -0.999996 -0.002828359 0 -0.9999181 -0.01279914 1.96975e-7 -0.9999187 -0.01275122 -4.5076e-7 -0.9999169 -0.01289504 6.18398e-7 -0.9999714 0.007574141 5.85569e-7 -0.999971 0.007622122 0 -0.9999718 0.007526218 6.021e-7 -0.9998924 -0.01466858 -7.61822e-7 -0.9998931 -0.01462066 0 -0.9998904 -0.0148124 0 -0.9999918 0.004074692 2.11992e-7 -0.9999918 0.004074692 2.45986e-7 -0.9999918 0.004074692 1.4159e-7 -0.9999676 0.008053541 0 -0.9999673 0.008101463 4.57861e-7 -0.9999676 0.008053541 4.33531e-6 -0.9994224 0.03398174 6.71856e-6 -0.9993978 0.03470039 7.472e-6 -0.9993978 0.03470039 -1.61235e-7 -0.9999932 0.003691196 1.28988e-7 -0.9999934 0.003643274 0 -0.9999932 0.003691196 1.86963e-7 -0.9998641 -0.01649004 -9.52976e-7 -0.9998672 -0.01629829 -1.16508e-6 -0.9998665 -0.01634621 -3.6147e-7 -0.9999848 0.005512833 2.2538e-7 -0.9999852 0.005464911 3.04251e-7 -0.9999848 0.005512833 0 -0.9999829 -0.005848407 0 -0.9999829 -0.005848407 -2.64903e-7 -0.9999829 -0.005848407 8.61008e-7 -0.9997462 0.02252912 -2.06474e-6 -0.9997398 0.02281665 -3.66941e-7 -0.9997398 0.02281665 -2.14204e-7 -0.9999749 0.0070948 -6.75907e-7 -0.9999753 0.007046878 4.87315e-7 -0.9999749 0.0070948 0 -0.9999945 -0.0033077 0 -0.9999945 -0.0033077 0 -0.9999945 -0.0033077 -2.60734e-5 -0.9973394 0.07289749 1.42083e-5 -0.9972265 0.0744273 -6.94115e-6 -0.9970746 0.07643496 0 -0.9999887 -0.004745841 4.07686e-7 -0.9999887 -0.004745841 0 -0.9999887 -0.004745841 -8.1677e-7 -0.9998444 -0.01764035 -1.09524e-6 -0.9998453 -0.01759243 3.15718e-7 -0.9998487 -0.01740074 0 -0.9999907 0.004314422 -3.71365e-7 -0.9999907 0.004314422 0 -0.9999907 0.004314422 0 -0.9999917 0.004074692 3.59258e-7 -0.9999917 0.004074692 0 -0.9999917 0.004074692 0 -0.9999917 -0.004074692 2.30735e-7 -0.9999917 -0.004074692 -3.01283e-7 -0.9999917 -0.004074692 0 -0.9999999 4.79384e-4 0 -0.9999999 4.79384e-4 0 -0.9999999 4.79384e-4 0 -0.9999992 -0.001342236 0 -0.9999992 -0.001342236 0 -0.9999992 -0.001342236 -1.72906e-7 -0.9999961 -0.002828359 0 -0.9999962 -0.002780377 1.75874e-7 -0.9999961 -0.002828359 0 -0.9999985 0.001773715 0 -0.9999985 0.001773715 0 -0.9999985 0.001773715 0 -0.9999998 -5.7526e-4 0 -0.9999998 -5.7526e-4 0 -0.9999998 -5.7526e-4 0 -1 -3.35569e-4 0 -1 -3.35569e-4 0 -1 -3.35569e-4 0 -0.9999993 0.001246392 0 -0.9999993 0.001246392 0 -0.9999993 0.001246392 0 -0.9999989 -0.001486063 0 -0.9999989 -0.001486063 0 -0.9999989 -0.001486063 0 -1 3.35569e-4 0 -1 3.35569e-4 0 -1 3.35569e-4 0 -0.9999964 0.002684533 0 -0.9999964 0.002684533 0 -0.9999964 0.002684533 -1.43074e-7 -0.9999966 -0.002636551 0 -0.9999966 -0.002636551 1.58208e-7 -0.9999966 -0.002636551 0 -0.9999978 0.002109229 0 -0.9999978 0.002109229 0 -0.9999978 0.002109229 1.38534e-7 -0.9999974 0.002301037 0 -0.9999974 0.002301037 -1.77941e-7 -0.9999974 0.002301037 -2.7311e-7 -0.9999836 -0.005752563 0 -0.9999837 -0.005704581 0 -0.9999836 -0.005752563 0 -0.999999 0.001486063 0 -0.999999 0.001486063 0 -0.999999 0.001486063 0 -0.9999988 0.001581907 0 -0.9999988 0.001581907 0 -0.9999988 0.001581907 0 -0.9999927 -0.003835022 0 -0.9999927 -0.003835022 -2.90805e-7 -0.9999927 -0.003835022 0 -0.9999996 -9.10829e-4 0 -0.9999996 -9.10829e-4 0 -0.9999996 -9.10829e-4 0 -0.9999978 -0.002109229 0 -0.9999978 -0.002109229 0 -0.9999978 -0.002109229 0 -0.9999982 0.001917481 0 -0.9999982 0.001917481 0 -0.9999982 0.001917481 0 -0.9999934 0.003643274 2.00351e-7 -0.9999932 0.003691196 -2.37604e-7 -0.9999932 0.003691196 0 -0.9999987 0.001629889 0 -0.9999987 0.001629889 0 -0.9999987 0.001629889 -2.33063e-7 -0.999964 -0.008484959 0 -0.9999644 -0.008437037 -4.07483e-7 -0.999964 -0.008484959 2.12109e-7 -0.9999637 0.008532881 -2.09708e-7 -0.9999632 0.008580863 -3.31318e-7 -0.9999632 0.008580863 0 -0.9999991 0.001342236 0 -0.9999991 0.001342236 0 -0.9999991 0.001342236 0 -1 3.35569e-4 0 -1 3.35569e-4 0 -1 3.35569e-4 0 -0.9999945 0.0033077 1.51224e-7 -0.9999945 0.0033077 1.59955e-7 -0.9999945 0.0033077 0 -0.999995 0.003163874 -2.31899e-7 -0.999995 0.003163874 0 -0.999995 0.003163874 2.20956e-7 -0.9999818 -0.006040155 2.18861e-7 -0.9999821 -0.005992233 3.08268e-7 -0.9999821 -0.005992233 0 -0.9999429 0.01069003 1.05146e-6 -0.9999429 0.01069003 -1.52737e-7 -0.9999424 0.01073795 -1.75554e-7 -0.9999743 -0.007190644 4.06522e-7 -0.9999743 -0.007190644 3.76254e-7 -0.9999743 -0.007190644 0 -1 3.35569e-4 0 -1 3.35569e-4 0 -1 3.35569e-4 0 -0.9999997 7.67014e-4 0 -0.9999997 7.67014e-4 0 -0.9999997 7.67014e-4 0 -0.999994 0.003499448 3.30154e-7 -0.999994 0.003499448 0 -0.999994 0.003499448 0 -0.9999999 4.79384e-4 0 -0.9999999 4.79384e-4 0 -0.9999999 4.79384e-4 0 -0.9999966 0.002636551 -1.36439e-7 -0.9999966 0.002636551 0 -0.9999966 0.002636551 -1.3283e-7 -0.999994 0.003499448 -1.96043e-7 -0.999994 0.003499448 0 -0.999994 0.003499448 0 -0.9999879 0.004937589 0 -0.9999879 0.004937589 1.69501e-7 -0.9999879 0.004937589 2.3155e-7 -0.9999932 -0.003691196 0 -0.9999934 -0.003643274 -2.36556e-7 -0.9999932 -0.003691196 -7.96244e-5 -0.9965032 0.08355486 2.79471e-5 -0.9967819 0.0801627 -1.41181e-4 -0.9963288 0.08560872 0 -0.9999759 0.006950974 3.45754e-7 -0.9999759 0.006950974 0 -0.9999759 0.006950974 0 -0.9999983 0.001869559 0 -0.9999983 0.001869559 0 -0.9999983 0.001869559 -2.46917e-7 -0.9999943 -0.003403604 0 -0.9999943 -0.003403604 0 -0.9999945 -0.003355622 0 -0.9999952 -0.003115952 0 -0.9999952 -0.003115952 2.7132e-7 -0.9999952 -0.003115952 2.10013e-7 -0.9999603 -0.008916378 0 -0.9999603 -0.008916378 -1.23633e-7 -0.9999598 -0.0089643 0 -0.9999988 0.001581907 0 -0.9999988 0.001581907 -1.35609e-7 -0.9999988 0.001581907 0 -0.9999996 -9.10829e-4 0 -0.9999996 -9.10829e-4 0 -0.9999996 -9.10829e-4 0 -1 -3.35569e-4 0 -1 -3.35569e-4 -2.88278e-6 -1 -3.35556e-4 0 -0.9999981 0.001965463 0 -0.9999981 0.001965463 0 -0.9999981 0.001965463 0 -0.9999991 0.001390159 0 -0.9999991 0.001390159 0 -0.9999991 0.001390159 0 -0.999998 -0.002013385 0 -0.999998 -0.002013385 -1.27766e-7 -0.999998 -0.002013385 0 -0.9999976 0.002205133 0 -0.9999976 0.002205133 0 -0.9999976 0.002205133 0 -0.9999994 0.001102566 0 -0.9999994 0.001102566 0 -0.9999994 0.001102566 0 -0.9999934 -0.003643274 0 -0.9999934 -0.003643274 0 -0.9999936 -0.003595352 0 -0.9999994 0.001150488 0 -0.9999994 0.001150488 0 -0.9999994 0.001150488 5.17815e-7 -0.9998402 -0.01788002 -1.27591e-7 -0.9998385 -0.01797592 2.41771e-6 -0.9998436 -0.01768833 0 -0.9999995 -0.001054584 0 -0.9999995 -0.001054584 0 -0.9999995 -0.001054584 0 -1 -3.35569e-4 0 -1 -3.35569e-4 0 -1 -3.35569e-4 0 -0.9999985 0.001725733 0 -0.9999985 0.001725733 1.3088e-7 -0.9999985 0.001725733 0 -0.9999985 0.001773715 0 -0.9999985 0.001773715 0 -0.9999985 0.001773715 0 -0.9999987 0.001629889 0 -0.9999987 0.001629889 0 -0.9999987 0.001629889 0 -0.9999998 -5.7526e-4 0 -0.9999998 -5.7526e-4 0 -0.9999998 -5.7526e-4 0 -0.9999997 -7.67014e-4 0 -0.9999997 -7.67014e-4 0 -0.9999997 -7.67014e-4 0 -1 -3.35569e-4 0 -1 -3.35569e-4 0 -1 -3.35569e-4 0 -0.9999994 0.001102566 0 -0.9999994 0.001102566 0 -0.9999994 0.001102566 0 -0.9999991 0.001342236 0 -0.9999991 0.001342236 0 -0.9999991 0.001342236 1.234e-7 -0.9999927 -0.003835022 0 -0.9999927 -0.003835022 0 -0.9999927 -0.003835022 0 -1 -4.79384e-4 0 -1 -4.79384e-4 0 -1 -4.79384e-4 0 -0.9999916 0.004122674 -2.2375e-7 -0.9999916 0.004122674 1.50176e-7 -0.9999916 0.004122674 0 -0.9999986 -0.001677811 0 -0.9999986 -0.001677811 -1.29381e-7 -0.9999986 -0.001677811 0 -0.9999999 -4.79384e-4 0 -0.9999999 -4.79384e-4 0 -0.9999999 -4.79384e-4 -1.67871e-7 -0.999946 -0.01040244 -8.33068e-7 -0.999945 -0.01049828 -3.0431e-7 -0.9999464 -0.01035445 -1.71247e-7 -0.9999929 0.0037871 1.57859e-7 -0.9999929 0.0037871 -1.87429e-7 -0.9999929 0.0037871 0 -0.9999985 0.001773715 0 -0.9999985 0.001773715 0 -0.9999985 0.001773715 0 -0.9999994 0.001150488 -6.2869e-6 -0.9999994 0.001150488 0 -0.9999994 0.001150488 0 -0.9999994 0.00119841 0 -0.9999994 0.00119841 0 -0.9999994 0.00119841 0 -0.9999998 6.71137e-4 -2.89281e-6 -0.9999998 6.71131e-4 0 -0.9999998 6.71137e-4 0 -0.999999 -0.00143814 0 -0.999999 -0.00143814 0 -0.999999 -0.00143814 0 -0.999998 -0.002013385 -1.52562e-7 -0.999998 -0.002013385 0 -0.999998 -0.002013385 0 -0.9999998 6.71137e-4 0 -0.9999998 6.71137e-4 0 -0.9999998 6.71137e-4 0 -0.9999999 4.79384e-4 0 -0.9999999 4.79384e-4 0 -0.9999999 4.79384e-4 0 -0.9999997 7.67014e-4 0 -0.9999997 7.67014e-4 0 -0.9999997 7.67014e-4 0 -0.9999998 -6.71137e-4 0 -0.9999998 -6.71137e-4 0 -0.9999998 -6.71137e-4 0 -0.9999974 0.002301037 0 -0.9999974 0.002301037 1.35507e-7 -0.9999974 0.002301037 0 -0.9999998 -6.71137e-4 0 -0.9999998 -6.71137e-4 0 -0.9999998 -6.71137e-4 0 -0.9999964 -0.002684533 1.41212e-7 -0.9999964 -0.002684533 0 -0.9999964 -0.002684533 0 -0.9999688 -0.007909715 0 -0.9999684 -0.007957637 -3.95754e-7 -0.9999684 -0.007957637 0 -0.999999 -0.00143814 0 -0.999999 -0.00143814 0 -0.999999 -0.00143814 0 -0.999999 0.00143814 0 -0.999999 0.00143814 0 -0.999999 0.00143814 0 -0.9999998 6.71137e-4 0 -0.9999998 6.71137e-4 0 -0.9999998 6.71137e-4 0 -0.999998 -0.002013385 -1.2212e-7 -0.999998 -0.002013385 0 -0.999998 -0.002013385 0 -1 -3.35569e-4 0 -1 -3.35569e-4 0 -1 -3.35569e-4 0 -0.9999999 4.79384e-4 0 -0.9999999 4.79384e-4 0 -0.9999999 4.79384e-4 0 -0.9999991 -0.001342236 0 -0.9999991 -0.001342236 0 -0.9999991 -0.001342236 0 -0.9999983 0.001821637 0 -0.9999983 0.001821637 0 -0.9999983 0.001821637 -2.09082e-7 -0.9999212 -0.01255947 0 -0.9999217 -0.01251155 -9.41567e-7 -0.9999229 -0.0124157 1.37719e-7 -0.9999971 0.002396881 0 -0.9999971 0.002396881 -1.30502e-7 -0.9999971 0.002396881 7.51577e-7 -0.9998385 -0.01797592 0 -0.9998401 -0.01788002 -1.16602e-6 -0.9998437 -0.01768833 1.77417e-7 -0.9999874 0.005033493 2.3446e-7 -0.9999874 0.005033493 2.97092e-7 -0.9999874 0.005033493 0 -0.9999908 0.004314422 0 -0.9999905 0.004362344 0 -0.9999905 0.004362344 0 -0.9999772 0.006759226 -6.63102e-7 -0.9999775 0.006711304 4.94067e-7 -0.9999772 0.006759226 0 -0.9999993 -0.00119841 0 -0.9999993 -0.00119841 0 -0.9999993 -0.00119841 0 -0.9999997 8.6289e-4 0 -0.9999997 8.6289e-4 0 -0.9999997 8.62891e-4 0 -0.9999998 -6.71137e-4 0 -0.9999998 -6.71137e-4 0 -0.9999998 -6.71137e-4 0 -0.9999998 -6.71137e-4 0 -0.9999998 -6.71137e-4 0 -0.9999998 -6.71137e-4 1.31316e-7 -0.999956 0.009395778 6.46803e-7 -0.9999554 0.0094437 2.96626e-7 -0.9999554 0.0094437 0 -0.9999991 -0.001342236 0 -0.9999991 -0.001342236 0 -0.9999991 -0.001342236 3.43223e-6 -1 -3.35551e-4 0 -1 -3.35569e-4 0 -1 -3.35569e-4 0 -0.9999997 -8.6289e-4 0 -0.9999997 -8.6289e-4 0 -0.9999997 -8.62891e-4 0 -0.9999969 -0.002492785 0 -0.9999969 -0.002492785 1.58267e-7 -0.9999969 -0.002492785 0 -0.9999964 -0.002684533 0 -0.9999964 -0.002684533 0 -0.9999964 -0.002684533 0 -0.9999953 0.003068029 2.37487e-7 -0.9999953 0.003068029 0 -0.9999953 0.003068029 6.7614e-7 -0.9997866 -0.02065992 -1.26008e-6 -0.9997826 -0.02085167 -1.09989e-6 -0.9997807 -0.02094751 0 -0.9999824 -0.005944311 0 -0.9999824 -0.005944311 -3.4133e-7 -0.9999821 -0.005992233 0 -0.9999997 -7.67014e-4 0 -0.9999997 -7.67014e-4 0 -0.9999997 -7.67014e-4 -1.41736e-7 -0.9999927 0.003835022 3.09548e-7 -0.9999927 0.003835022 0 -0.9999927 0.003835022 0 -0.9999936 -0.003595352 -1.34925e-7 -0.9999936 -0.003595352 0 -0.9999936 -0.003595352 -2.82656e-7 -0.9999902 0.004458248 0 -0.9999902 0.004458248 0 -0.9999902 0.004458248 -3.51807e-7 -0.9999859 0.005321085 -3.0105e-7 -0.9999859 0.005321085 -3.47151e-7 -0.9999859 0.005321085 0 -0.9999745 0.007142722 0 -0.9999745 0.007142722 0 -0.9999743 0.007190644 -6.87782e-7 -0.9999034 -0.01390165 -5.60191e-7 -0.9999027 -0.01394957 1.41049e-6 -0.9999047 -0.0138058 0 -0.9999994 -0.001102566 0 -0.9999994 -0.001102566 0 -0.9999994 -0.001102566 0 -0.9999999 -4.79384e-4 0 -0.9999999 -4.79384e-4 0 -0.9999999 -4.79384e-4 0 -0.9999829 0.005848407 0 -0.9999829 0.005848407 -2.44938e-7 -0.9999832 0.005800485 -1.12597e-6 -0.999723 0.02353554 1.72667e-6 -0.9997152 0.023871 2.91131e-6 -0.9997117 0.02401477 0 -0.9999992 -0.001294314 0 -0.9999992 -0.001294314 0 -0.9999992 -0.001294314 0 -0.9999812 0.006136059 0 -0.9999815 0.006088078 3.60888e-7 -0.9999815 0.006088078 0 -0.9999892 -0.004649996 3.4878e-7 -0.9999895 -0.004602015 0 -0.9999892 -0.004649996 1.70432e-7 -0.9999673 0.008101463 -6.03497e-7 -0.9999676 0.008053541 -2.2538e-7 -0.9999676 0.008053541 0.7367204 0 0.6761976 0.08551359 8.20346e-6 -0.996337 0 0 1 0.6530287 0 0.7573332 0.6465792 1.35114e-7 0.762847 0.6085057 7.46018e-7 0.7935496 0.6117936 0 0.7910175 0.5299975 3.95592e-6 0.8479992 0.5338411 0 0.8455849 0.448836 6.87963e-7 0.8936141 0.4531269 -9.35597e-7 0.8914461 0.3697677 0 0.9291243 0.3698555 3.80615e-7 0.9290893 0.3806666 0 0.9247124 0.3757057 0 0.9267391 0.4607552 0 0.8875274 0.4559713 0 0.8899945 0.5294225 0 0.8483585 0.5334658 0 0.8458216 0.6143273 0 0.7890514 0.6185134 0 0.7857744 0.7066462 0 0.7075672 0.7066116 0 0.7076017 0.7926337 0 0.6096982 0.7926034 0 0.6097376 0.866719 0 0.498797 0.8690311 0 0.4947574 0.9241375 0 0.38206 0.9271536 1.36846e-6 0.3746817 0.9651375 0 0.2617437 0.9654055 0 0.2607532 0.9878453 0 0.1554409 0.9873872 0 0.1583241 0.9975809 0 0.06951653 0.9974888 0 0.07082462 0.9997645 0 -0.02170139 0.9997645 0 -0.02170139 0.9905673 0 -0.1370275 0.990453 0 -0.1378518 0.9661498 8.10283e-7 -0.2579822 0.9655418 0 -0.2602481 0.9308363 0 -0.3654365 0.9303548 6.80772e-7 -0.3666607 0.8945816 0 -0.4469047 0.8967607 0 -0.4425162 0.8558638 0 -0.5172013 0.8584668 0 -0.5128693 0.7955613 0 -0.6058732 0.7955315 0 -0.6059123 0.707327 0 -0.7068865 0.7073269 -1.39935e-6 -0.7068866 0.6159392 0 -0.7877937 0.6122035 1.81412e-6 -0.7907003 0.5380564 -2.30814e-6 -0.8429088 0.529048 2.23701e-6 -0.8485919 0.4450099 -3.93119e-7 -0.8955258 0.4447038 0 -0.8956778 0.3363831 1.50955e-7 -0.9417253 0.3369815 0 -0.9415113 0.231724 7.11707e-7 -0.9727816 0.2294948 -5.23539e-7 -0.97331 0.1322009 0 -0.991223 0.1340358 0 -0.9909766 0.04704087 0 -0.998893 0.04704087 0 -0.998893 -0.01869142 0 -0.9998254 -0.01869142 0 -0.9998254 -0.08849459 0 -0.9960767 -0.0909655 0 -0.9958541 -0.1800109 0 -0.9836647 -0.1825529 0 -0.9831961 -0.2729679 0 -0.9620232 -0.2680158 0 -0.9634146 -0.3534271 0 -0.9354621 -0.3486456 0 -0.9372547 -0.4391063 6.31392e-7 -0.8984352 -0.4390624 0 -0.8984566 -0.5442274 0 -0.8389378 -0.5359179 0 -0.8442702 -0.646471 0 -0.7629386 -0.642351 0 -0.7664107 -0.7478083 7.35598e-7 -0.6639146 -0.7485262 0 -0.6631052 -0.845726 0 -0.5336174 -0.8436995 0 -0.5368159 -0.9233106 0 -0.3840541 -0.9220178 0 -0.3871477 -0.9751202 0 -0.2216773 -0.9739497 0 -0.226764 -0.9902378 0 -0.1393878 -0.9897988 0 -0.1424727 0.8980641 0 0.4398646 0.902054 0 0.4316235 0.8716399 0 0.4901469 0.8627767 0 0.5055852 0.7840351 0 0.6207166 0.7811233 0 0.6243768 0.6834141 0 0.730031 0.6826614 0 0.730735 0.5802338 0 0.81445 0.5725302 0 0.8198838 0.5176109 0 0.8556161 0.51757 0 0.855641 -0.7654274 0 -0.6435223 -0.7654274 0 -0.6435223 -0.8041195 0 -0.5944678 -0.7994865 0 -0.6006842 -0.8636843 0 -0.5040332 -0.8630437 2.24698e-6 -0.5051293 -0.9167442 7.61521e-6 -0.3994749 -0.919138 0 -0.393936 -0.9694066 0 -0.2454606 -0.969792 -2.36008e-7 -0.2439332 -0.999051 0 -0.04355645 -0.9991419 0 -0.04141914 -0.9817023 1.32479e-6 0.1904222 -0.9817023 0 0.1904223 -0.9093541 -9.28892e-7 0.4160228 -0.9070459 0 0.4210319 -0.8556079 0 0.5176247 -0.849596 -5.26705e-7 0.5274341 0.6880199 0 0.7256919 0.6856855 1.25954e-7 0.727898 0.6324539 3.44312e-6 0.774598 0.6405949 0 0.767879 0.5458278 0 0.8378974 0.5459858 0 0.8377946 0.5144677 5.5221e-7 0.8575099 0.4993854 0 0.86638 -0.772953 -1.19648e-7 -0.6344634 -0.7729225 1.21374e-7 -0.6345005 -0.8277358 0 -0.5611182 -0.8277612 0 -0.5610805 -0.9061428 0 -0.422972 -0.9080267 -1.71544e-6 -0.4189124 -0.9572017 -1.76432e-6 -0.289422 -0.9577103 0 -0.2877341 -0.9871476 0 -0.1598119 -0.9867939 -7.5604e-7 -0.161981 -0.9948561 1.63366e-7 -0.1012992 -0.9948561 -1.14206e-6 -0.1012992 0.3175413 -1.77171e-7 0.9482445 0.3238527 0 0.9461075 0.3677703 0 0.9299167 0.3657748 0 0.9307034 0.3569594 0 0.9341199 0.3454378 0 0.9384416 0.2539595 0 0.9672148 0.2411924 0 0.9704774 0.1689903 0 0.9856178 0.1628518 0 0.9866506 0.07940584 0 0.9968425 0.07290321 -8.556e-7 0.997339 -0.02261698 2.89286e-7 0.9997442 -0.02261686 0 0.9997443 -0.1234272 1.72745e-6 0.9923536 -0.1234272 0 0.9923536 -0.1732088 0 0.9848852 -0.1732088 0 0.9848852 -0.7075625 0 0.7066508 -0.7074608 0 0.7067525 -0.7075625 0 0.7066508 -0.7074608 0 0.7067525 -0.9365428 0 -0.3505535 -0.9330525 2.24426e-7 -0.3597401 -0.89134 -2.22155e-6 -0.4533355 -0.896966 0 -0.4420995 -0.7866569 -2.94216e-6 -0.6173905 -0.7942324 0 -0.6076141 -0.6786904 1.41845e-6 -0.7344245 -0.6782774 0 -0.734806 -0.5760274 0 -0.8174304 -0.5718404 0 -0.820365 -0.4711928 0 -0.8820303 -0.4711507 0 -0.8820528 -0.3725298 0 -0.9280202 -0.3737971 -1.43102e-7 -0.9275105 -0.387701 1.56013e-6 -0.9217853 -0.3891077 0 -0.9211924 -0.4973377 -3.17504e-7 -0.8675571 -0.4921306 0 -0.8705214 -0.5903541 0 -0.8071445 -0.5727522 0 -0.8197287 -0.6555529 0 -0.7551493 -0.6437379 0 -0.7652462 -0.704454 0 -0.7097497 -0.7047976 -1.67864e-7 -0.7094085 -0.7584899 0 -0.6516849 -0.7625547 -3.2537e-7 -0.6469238 -0.814584 0 -0.5800458 -0.8151186 0 -0.5792943 -0.8645663 0 -0.5025188 -0.8641012 -3.57161e-6 -0.5033183 -0.9073503 0 -0.4203754 -0.9077187 1.82522e-7 -0.4195793 -0.9418551 1.80807e-6 -0.3360191 -0.9424585 0 -0.3343231 -0.9677415 3.57074e-6 -0.2519453 -0.9693865 -5.21905e-7 -0.2455402 -0.9862788 -1.16428e-6 -0.165088 -0.9865502 0 -0.1634589 -0.9963666 0 -0.08516895 -0.9963954 0 -0.08483058 -0.99996 0 -0.008950829 -0.99996 0 -0.008950829 -0.9973655 0 0.07254171 -0.9974005 0 0.0720573 -0.9858149 0 0.1678361 -0.9858723 0 0.1674993 -0.9611005 0 0.2761988 -0.9604921 1.86674e-6 0.2783076 -0.9186799 0 0.3950029 -0.917807 8.45819e-7 0.397027 -0.8574689 0 0.5145361 -0.8532014 1.87959e-7 0.5215817 -0.7760002 0 0.6307329 -0.7706258 0 0.6372879 -0.6803612 0 0.732877 -0.6845045 0 0.7290087 -0.5883896 7.98845e-7 0.8085777 -0.5881525 0 0.8087502 -0.4991041 1.9856e-7 0.8665422 -0.4994013 0 0.8663708 -0.4073866 0 0.9132559 -0.4188833 0 0.9080401 -0.3321771 0 0.943217 -0.3387068 0 0.9408921 -0.1430108 0 0.9897212 -0.1492078 0 0.988806 0.0526008 0 0.9986156 0.05231577 0 0.9986307 0.1254266 0 0.992103 0.1197497 0 0.9928041 0.2053216 0 0.9786946 0.1886612 0 0.9820423 0.2827524 0 0.959193 0.2717786 0 0.9623599 0.363457 0 0.931611 0.3528264 0 0.9356889 0.4450613 0 0.8955001 0.4402196 0 0.8978903 0.5335591 0 0.8457629 0.5290188 0 0.8486102 0.6224809 0 0.7826352 0.6222155 8.79415e-7 0.7828461 0.7148142 4.76421e-7 0.6993145 0.7181666 -2.84475e-6 0.6958713 0.805068 -8.69358e-7 0.5931826 0.805068 0 0.5931826 0.8836293 -3.50366e-7 0.4681873 0.8836537 0 0.4681414 0.9464319 0 0.3229036 0.9464328 0 0.3229009 0.9859958 -4.7208e-7 0.1667705 0.986004 0 0.166722 0.9999614 0 0.008799016 0.999956 0 0.009387671 0.9899469 0 -0.1414392 0.9901956 0 -0.1396886 0.9614394 3.74986e-7 -0.2750169 0.9611701 0 -0.2759569 0.9417647 0 -0.3362727 0.9404848 -1.96945e-7 -0.3398361 -0.2735128 0 -0.9618684 -0.2801445 0 -0.9599579 -0.3107432 0 -0.950494 -0.3089916 0 -0.9510648 -0.2887489 -9.01797e-7 -0.9574049 -0.2900992 0 -0.9569966 -0.1788408 0 -0.9838781 -0.1788373 0 -0.9838787 -0.07049137 0 -0.9975124 -0.07048785 0 -0.9975126 0.03690987 0 -0.9993186 0.05109232 0 -0.998694 0.1645675 0 -0.9863659 0.1785021 0 -0.9839396 0.3096478 0 -0.9508513 0.3037598 1.84213e-6 -0.9527487 0.4414858 0 -0.8972684 0.4311538 0 -0.9022785 0.4997557 0 -0.8661665 0.4904678 -3.11447e-7 -0.8714593 0.9862029 0 -0.1655415 0.986667 0 -0.1627519 0.9866593 0 -0.1627992 0.9862583 0 -0.1652106 0.2559943 0 0.9666783 0.2419266 4.16788e-7 0.9702947 0.3334147 0 0.9427803 0.340201 0 0.9403527 0.4947168 1.58099e-6 0.8690543 0.5000548 0 0.8659937 0.6322748 0 0.7747443 0.6287289 0 0.7776246 0.7401193 0 0.6724757 0.7268373 0 0.6868098 0.8162909 0 0.5776412 0.8111218 0 0.5848774 0.8780478 3.1862e-7 0.4785731 0.8780713 0 0.4785301 0.927718 0 0.3732819 0.9268058 0 0.3755412 0.9638328 0 0.2665078 0.9635454 0 0.2675448 0.9882051 0 0.1531362 0.9883393 0 0.1522676 0.9995523 0 0.02992248 0.999527 0 0.03075331 0.9946574 0 -0.1032317 0.9944838 0 -0.1048907 0.9686126 0 -0.2485755 0.9683189 4.51745e-7 -0.2497171 0.9140952 0 -0.4054996 0.9155487 0 -0.4022073 0.8287611 0 -0.5596026 0.8306615 0 -0.5567778 0.712239 0 -0.7019371 0.7086566 -1.92353e-6 -0.7055536 0.5754995 0 -0.8178021 0.5595815 5.4614e-6 -0.8287755 0.4355248 0 -0.9001767 0.4228208 0 -0.9062134 0.3126743 0 -0.9498604 0.3126743 0 -0.9498605 0.2110314 5.21338e-7 -0.9774793 0.2173423 0 -0.9760955 0.113542 0 -0.9935332 0.1168839 0 -0.9931456 0.02578699 0 -0.9996675 0.02302122 1.0604e-6 -0.999735 -0.04892921 0 -0.9988023 -0.04892921 0 -0.9988023 -0.1298009 0 -0.9915401 -0.1957361 0 -0.9806566 -0.1979147 0 -0.9802193 -0.2183262 0 -0.9758759 -0.2221606 -1.64885e-7 -0.9750102 -0.9022533 -2.23189e-7 -0.4312065 -0.9022533 2.22136e-7 -0.4312064 -0.9340962 0 -0.3570216 -0.9331461 0 -0.3594975 -0.9782359 0 -0.2074963 -0.9772782 0 -0.2119608 -0.9928186 0 -0.1196298 -0.9925569 0 -0.1217824 -0.9862929 0 -0.1650043 -0.9856724 0 -0.1686714 -0.95016 0 -0.3117628 -0.9473305 0 -0.3202577 -0.9181858 6.02827e-7 -0.3961501 -0.9131379 0 -0.4076508 0.4541136 -6.67248e-7 -0.8909439 0.4340125 0 -0.9009069 0.4341421 4.02658e-7 -0.9008445 0.4542417 0 -0.8908786 0.9965624 0 0.08284646 0.9965623 6.27328e-7 0.0828464 0.9997544 0 0.02216005 0.9997544 0 0.02215999 0.9925037 -2.83437e-7 -0.1222147 0.9923098 -4.78279e-7 -0.1237795 0.9511388 0 -0.3087637 0.9506471 0 -0.3102743 0.8516628 0 -0.5240901 0.8546493 0 -0.5192058 0.6965355 0 -0.7175223 0.7006773 0 -0.7134783 0.5191855 3.3844e-7 -0.8546617 0.5193123 0 -0.8545846 0.3538688 0 -0.9352951 0.3540989 -2.34073e-7 -0.935208 0.2283867 0 -0.9735706 0.2220188 0 -0.9750424 0.1345475 7.09004e-7 -0.9909071 0.1336814 0 -0.9910244 0.09178155 0 -0.9957792 0.1036611 0 -0.9946128 -0.7066321 0 -0.7075812 -0.7262609 0 -0.6874192 -0.7263927 1.32747e-6 -0.6872799 -0.7064285 0 -0.7077844 -0.9999219 0 0.01250308 -0.9999219 0 0.01250308 -0.9989677 0 -0.04542595 -0.9989677 0 -0.04542601 -0.9882267 0 -0.1529976 -0.9882627 -4.1295e-7 -0.1527646 -0.9683516 -4.61136e-7 -0.2495901 -0.9683158 0 -0.2497287 -0.9408166 0 -0.3389164 -0.9408162 0 -0.3389173 -0.898327 0 -0.4393275 -0.9001749 -5.36176e-7 -0.4355287 -0.868577 0 -0.4955545 -0.8724676 -4.09917e-7 -0.4886721 -0.9485774 0 0.3165454 -0.9485774 0 0.3165454 -0.9485774 0 0.3165454 -0.9486835 0 0.3162271 -0.01385968 0 0.999904 -0.01390248 0 0.9999034 -0.06330329 4.57621e-7 0.9979944 -0.06311774 0 0.9980062 -0.1729394 1.9903e-6 0.9849326 -0.1701138 0 0.9854245 -0.2925963 0 0.9562361 -0.4165132 0 0.9091297 -0.4198759 0 0.9075816 -0.536375 0 0.8439798 -0.5339171 -8.32817e-7 0.8455369 -0.6332255 1.01693e-6 0.7739673 -0.6330092 0 0.7741444 -0.6739448 0 0.7387818 -0.6782559 0 0.7348259 0.7091093 0 0.7050986 0.7091399 0 0.7050678 0.70914 3.8195e-7 0.7050678 0.7091093 -3.77858e-7 0.7050986 0.9999316 0 -0.01170235 0.9999355 1.60841e-7 -0.01136684 0.9982109 -6.41844e-7 0.05979204 0.9982129 0 0.0597577 0.9822393 0 0.1876327 0.9822216 0 0.1877253 0.9435214 0 0.3313117 0.9435215 0 0.3313115 0.8339738 0 0.551804 0.8438898 -6.52492e-6 0.5365166 0.7172926 0 0.6967722 0.7172591 0 0.6968066 0.5722397 0 0.8200865 0.5570949 0 0.830449 0.2697018 0 0.9629439 0.2809988 0 0.9597082 0.1293132 -1.06561e-6 0.9916039 0.1345503 0 0.9909068 -0.010091 0 0.9999492 -0.02310299 0 0.9997331 -0.1589635 0 0.9872845 -0.1654766 0 0.9862138 -0.3055199 -1.18887e-6 0.9521857 -0.299588 -1.65173e-6 0.9540687 -0.431746 0 0.9019953 -0.4261459 -2.71541e-6 0.9046545 -0.5349228 0 0.8449009 -0.544302 0 0.8388895 -0.6336259 0 0.7736397 -0.6421986 0 0.7665383 -0.7241263 0 0.6896675 -0.7182573 0 0.6957777 -0.7930443 0 0.6091641 -0.7923832 0 0.6100237 -0.8507313 0 0.5256009 -0.8530044 0 0.5219037 -0.9027132 1.8968e-6 0.4302429 -0.9001662 0 0.4355467 -0.9421062 0 0.3353146 -0.9425794 0 0.3339822 -0.9720679 0 0.2346999 -0.9735406 0 0.2285147 -0.9926542 0 0.1209866 -0.9929527 0 0.1185113 -0.9999992 3.87036e-7 -0.001238942 -0.9999991 0 -0.001332819 -0.9979276 0 -0.06434768 -0.9979214 0 -0.06444334 -0.1159086 0 -0.99326 -0.09960937 4.71747e-7 -0.9950267 -0.1278265 0 -0.9917966 -0.1315107 0 -0.9913148 -0.1947875 0 -0.9808456 -0.1952165 -1.67506e-6 -0.9807602 -0.2893823 0 -0.9572136 -0.2939587 0 -0.9558182 -0.4021188 0 -0.9155876 -0.4021188 0 -0.9155876 -0.5027518 1.75652e-6 -0.8644308 -0.5027523 0 -0.8644307 -0.5450046 0 -0.8384331 -0.5450851 0 -0.8383808 0.2706031 0 -0.962691 0.2728176 0 -0.9620658 0.2192379 0 -0.9756715 0.220808 0 -0.9753173 0.1232638 0 -0.992374 0.1261102 0 -0.9920163 0.02608919 0 -0.9996597 0.03013497 0 -0.9995459 -0.0842908 1.82263e-7 -0.9964413 -0.08438831 0 -0.996433 -0.2140001 -7.28568e-7 -0.9768337 -0.2140481 0 -0.9768232 -0.3615829 0 -0.93234 -0.3532266 0 -0.9355378 -0.5086115 0 -0.8609963 -0.4976754 0 -0.8673634 -0.6411507 0 -0.7674152 -0.6348992 0 -0.7725951 -0.752631 0 -0.6584427 -0.7509143 0 -0.6603997 -0.8390918 0 -0.54399 -0.8387184 0 -0.5445655 -0.9003391 0 -0.4351893 -0.9011247 0 -0.4335603 -0.9419972 -3.54457e-7 -0.3356208 -0.94273 -8.60403e-7 -0.3335568 -0.9728066 4.01516e-7 -0.231619 -0.9734375 -1.62981e-6 -0.2289532 -0.9931397 0 -0.1169345 -0.9931796 0 -0.116595 -0.9995753 0 -0.02914482 -0.9995753 0 -0.02914482 -0.9999986 0 0.001690685 -0.9999985 0 0.001786589 0.2906867 -3.84251e-7 -0.9568183 0.2776336 0 -0.9606871 0.223315 0 -0.9747464 0.2372194 0 -0.9714561 0.1167764 0 -0.9931584 0.115609 0 -0.9932948 0.006538987 0 -0.9999786 -0.01039707 0 -0.9999459 -0.1137216 0 -0.9935127 -0.1312215 0 -0.9913532 -0.2397649 0 -0.970831 -0.2571563 5.12322e-6 -0.9663699 -0.3574274 3.29412e-6 -0.933941 -0.3657299 -1.40296e-6 -0.9307211 -0.458629 0 -0.888628 -0.4660509 0 -0.8847579 -0.5526903 1.30869e-7 -0.8333868 -0.5532577 0 -0.8330103 -0.6258133 0 -0.779973 -0.6312838 0 -0.7755521 -0.6832941 2.21494e-6 -0.7301433 -0.6988816 2.77051e-6 -0.7152374 -0.7129155 0 -0.7012499 -0.7222614 -3.11447e-7 -0.6916202 -0.9998924 0 -0.01467519 -0.9998938 0 -0.01457935 -0.9994118 1.34783e-6 0.03429245 -0.9993761 0 0.0353173 -0.9924176 0 0.1229125 -0.9920622 0 0.1257483 -0.9762719 0 0.2165483 -0.976735 0 0.2144498 -0.9419417 0 0.3357765 -0.9450563 0 0.3269076 -0.8820321 0 0.4711894 -0.8848239 0 0.4659259 -0.7931799 0 0.6089873 -0.7931812 1.39318e-6 0.6089857 -0.7381623 5.98226e-7 0.6746232 -0.7381623 -5.95403e-7 0.6746232 0.419734 0 0.9076473 0.4197332 0 0.9076475 0.4197333 0 0.9076475 0.419734 0 0.9076472 -0.8740175 0 0.4858944 -0.8738545 0 0.4861876 -0.8742969 0 0.4853917 -0.8743435 0 0.4853079 -0.8743435 0 0.4853079 0.0324949 0 0.999472 0.03249579 0 0.999472 0.9994073 0 -0.03442579 0.9994073 0 -0.03442579 0.9997534 0 0.02220946 0.9997534 0 0.02220946 0.9913351 0 0.1313571 0.9913784 -2.08676e-7 0.1310302 0.9705821 -5.41068e-7 0.2407707 0.9714701 0 0.2371621 0.9391442 0 0.3435234 0.9403206 -1.55368e-6 0.34029 0.8942367 7.66323e-7 0.4475945 0.8956214 5.76695e-7 0.4448174 0.8256567 -6.63176e-7 0.5641728 0.8249703 0 0.5651762 0.7221501 0 0.6917364 0.7228898 1.20417e-6 0.6909633 0.5806458 0 0.8141562 0.5800406 0 0.8145877 0.5012723 1.47259e-7 0.8652896 0.4908246 0 0.8712583 -0.3725491 0 0.9280125 -0.3724601 0 0.9280482 -0.3725045 0 0.9280303 -0.3724601 0 0.9280482 -0.9759752 0 0.2178819 -0.9761004 0 0.2173205 -0.9869628 0 0.1609484 -0.9868263 0 0.1617836 -0.9984105 0 0.05636012 -0.9984025 -3.27375e-7 0.05650126 -0.9999799 0 -0.006339073 -0.9999799 0 -0.006339073 -0.9998302 0 0.01843398 -0.9998364 0 0.018094 -0.9951436 0 0.09843367 -0.9951245 0 0.09862703 -0.9835396 0 0.1806933 -0.9835394 0 0.1806939 -0.9751414 0 0.2215836 -0.9751412 0 0.2215849 0.9991977 0 -0.04005002 0.9991977 0 -0.04005002 0.9999585 0 0.009114146 0.9999585 0 0.009114086 0.9946467 0 0.1033344 0.9946125 0 0.1036631 0.9803927 0 0.1970539 0.9802997 0 0.1975162 0.9583507 0 0.2855942 0.9583237 0 0.2856848 0.9280419 0 0.3724757 0.9270205 -8.12776e-7 0.3750108 0.8794047 0 0.4760749 0.8765473 0 0.4813157 0.8054965 5.38505e-7 0.5926005 0.8008397 0 0.5988789 0.7025517 0 0.7116327 0.6957637 0 0.7182709 0.5628898 0 0.826532 0.5583059 0 0.8296352 0.3974736 0 0.9176137 0.4030175 0 0.9151923 0.2281029 -7.49911e-7 0.9736371 0.2339947 1.96504e-6 0.9722379 0.06604665 0 0.9978166 0.06604665 0 0.9978166 -0.01149791 0 0.9999339 -0.01135408 0 0.9999356 1 0 0 0.6852016 0 -0.7283536 0.7759329 0 0.6308156 0.7762352 0 0.6304436 0.880405 0 0.4742226 0.880405 0 0.4742225 0.9721846 0 0.234216 0.9726421 -2.50147e-7 0.2323086 0.9954426 0 0.09536278 0.9956367 0 0.09331429 0.9989311 0 -0.04622334 0.9989424 -9.62646e-7 -0.0459783 0.9833066 0 -0.1819567 0.9832977 0 -0.1820048 0.9507341 0 -0.3100075 0.9507341 0 -0.3100075 0.903586 0 -0.428407 0.9046928 0 -0.4260645 0.8465707 0 -0.5322763 0.8462325 0 -0.5328137 0.781488 0 -0.6239203 0.7795028 0 -0.6263989 0.705935 0 -0.7082768 0.7059694 0 -0.7082424 0.6243245 0 -0.7811651 0.6244007 0 -0.7811042 0.5331465 0 -0.846023 0.5384688 0 -0.8426454 0.4319936 0 -0.9018768 0.4315971 0 -0.9020666 0.3258633 0 -0.9454169 0.319439 0 -0.9476069 0.2025834 0 -0.979265 0.1972049 1.40897e-6 -0.9803624 0.05652171 0 -0.9984014 0.05652177 0 -0.9984015 -0.08847171 0 -0.9960788 -0.08847165 0 -0.9960787 -0.2290136 0 -0.9734233 -0.2290135 0 -0.9734233 -0.3683387 0 -0.9296917 -0.362817 0 -0.9318605 -0.4861755 0 -0.8738613 -0.4955253 0 -0.8685936 -0.5968487 2.71995e-6 -0.8023538 -0.6093367 3.63793e-6 -0.7929117 -0.6992272 -2.31186e-6 -0.7148995 -0.7087348 0 -0.705475 -0.7884531 -1.8277e-6 -0.615095 -0.7914204 -3.93446e-7 -0.6112723 -0.8642241 0 -0.5031071 -0.8609783 0 -0.5086417 -0.9223513 0 -0.3863524 -0.9221619 0 -0.386804 -0.9650487 -6.94648e-7 -0.2620708 -0.9655221 0 -0.2603214 -0.9916898 0 -0.1286528 -0.9916897 0 -0.1286528 -0.9999579 0 0.009186863 -0.9999578 0 0.009186863 -0.9890387 1.31586e-6 0.1476569 -0.988681 0 0.1500332 -0.959908 4.87398e-7 0.2803154 -0.9586789 0 0.2844908 -0.9154811 0 0.4023612 -0.9160116 0 0.4011521 -0.8597099 0 0.5107826 -0.8648009 0 0.502115 -0.8068415 1.25872e-7 0.590768 -0.8060651 0 0.5918269 -0.7451475 5.91039e-6 0.6668997 -0.7390327 0 0.6736696 -0.7038444 0 0.7103542 -0.6998839 -1.76335e-7 0.7142567 -0.9999472 0 -0.01027661 0.04108345 0 -0.9991557 0.04491502 1.30534e-7 -0.9989909 0.08924961 1.02768e-6 -0.9960094 0.08355611 -1.20869e-6 -0.9965031 0.1703262 0 -0.9853878 0.1666893 0 -0.9860095 0.242679 0 -0.9701067 0.2465357 0 -0.9691337 0.3174548 0 -0.9482734 0.3201432 0 -0.9473692 0.4098812 0 -0.912139 0.4093253 -9.94119e-7 -0.9123886 0.4616402 0 -0.8870673 0.4631279 0 -0.8862915 -0.9433452 0 0.331813 -0.9445164 0 0.3284645 -0.9186412 0 0.395093 -0.9186412 0 0.3950929 -0.8593299 0 0.5114217 -0.8590056 0 0.5119664 -0.7932665 0 0.6088745 -0.7932972 -2.69505e-7 0.6088346 -0.7258005 0 0.6879053 -0.7282419 0 0.6853203 -0.6506102 0 0.7594119 -0.6507595 0 0.759284 -0.5578832 5.99658e-7 0.8299195 -0.5565857 0 0.8307902 -0.4660518 0 0.8847574 -0.4677724 0 0.883849 -0.386232 0 0.9224017 -0.391245 0 0.9202867 -0.3115205 0 0.9502394 -0.3138282 0 0.9494798 -0.1983726 0 0.9801267 -0.2003005 0 0.9797346 -0.05542737 0 0.9984627 -0.05733799 0 0.9983549 0.04965865 0 0.9987663 0.04752498 0 0.9988701 0.1299932 0 0.9915149 0.129317 0 0.9916034 0.2225682 0 0.9749172 0.2183408 0 0.9758726 0.3156206 0 0.9488855 0.3138176 0 0.9494833 0.4171848 9.14954e-7 0.9088217 0.4210939 -1.60916e-6 0.9070171 0.5245169 0 0.8514001 0.5189385 0 0.8548117 0.6068328 0 0.7948297 0.5997032 0 0.8002226 0.6765916 0 0.7363585 0.6731424 0 0.7395129 0.7438951 0 0.6682964 0.7434374 0 0.6688055 0.8105149 0 0.5857182 0.8088269 0 0.588047 0.8747164 0 0.4846351 0.870371 0 0.4923965 0.9289661 4.57359e-7 0.3701649 0.9294556 0 0.3689341 0.9721724 0 0.2342669 0.9730159 0 0.2307384 0.9959731 0 0.08965343 0.995973 -2.05136e-6 0.08965456 0.9987994 0 -0.0489884 0.9987435 0 -0.0501151 0.9840496 0 -0.1778947 0.9837528 0 -0.1795287 0.956237 0 -0.2925931 0.9562373 0 -0.2925925 0.9193729 0 -0.3933874 0.9203843 4.66524e-7 -0.391015 0.8800196 -9.10176e-7 -0.4749376 0.8797862 0 -0.4753698 0.8290138 1.11109e-6 -0.5592283 0.8281666 0 -0.5604822 0.7589325 0 -0.6511694 0.7586779 0 -0.651466 0.6846523 5.374e-7 -0.7288699 0.6837641 0 -0.7297032 0.6171528 1.48639e-6 -0.7868435 0.6154314 0 -0.7881904 0.5479804 0 -0.8364912 0.5464745 2.33174e-7 -0.8374758 0.469978 0 -0.8826781 0.4722513 0 -0.881464 0.3995158 3.18384e-7 -0.9167264 0.3967565 0 -0.9179239 0.3209554 0 -0.9470944 0.3155984 3.45752e-7 -0.948893 0.2265357 0 -0.9740028 0.2265357 0 -0.9740029 0.1795904 1.21949e-7 -0.9837415 0.1796376 0 -0.9837329 -0.7146925 0 -0.6994389 -0.6945232 8.42702e-7 -0.7194705 -0.6947645 0 -0.7192373 -0.7148936 -5.28995e-7 -0.6992332 -0.9995864 0 0.02875876 -0.9995865 0 0.02875876 -0.1497554 -1.35755e-7 0.9887232 -0.1496606 1.30534e-7 0.9887375 -0.2018809 0 0.9794101 -0.2099314 0 0.9777162 -0.3023819 0 0.9531869 -0.3171336 0 0.948381 -0.4002554 0 0.9164037 -0.4069355 0 0.9134569 -0.4966462 0 0.8679531 -0.4849926 0 0.8745183 -0.5651454 0 0.8249914 -0.5540696 -1.68593e-6 0.8324704 -0.624233 -1.37706e-6 0.7812383 -0.6193111 -9.30653e-7 0.7851457 -0.6911074 0 0.7227521 -0.6911097 0 0.72275 -0.7678112 2.25328e-6 0.6406762 -0.7647929 -1.2354e-6 0.6442763 -0.8476028 2.55829e-6 0.5306313 -0.8418948 0 0.5396419 -0.9200406 6.90087e-7 0.3918231 -0.9198598 0 0.3922476 -0.9771803 0 0.2124118 -0.9771803 9.237e-7 0.2124119 -0.9999718 0 0.007510721 -0.9999575 0 0.00922656 -0.9797013 0 -0.200463 -0.9790086 0 -0.203819 -0.9136475 0 -0.4065077 -0.9097666 0 -0.4151203 -0.8147906 0 -0.5797556 -0.8152786 -5.09658e-7 -0.579069 -0.7150214 3.76217e-6 -0.6991026 -0.7226557 -6.09603e-7 -0.6912083 -0.6247939 0 -0.7807898 -0.6246126 0 -0.7809348 -0.5376654 0 -0.8431584 -0.5379038 0 -0.8430063 -0.44309 -1.42241e-6 -0.8964772 -0.4485647 1.51229e-6 -0.8937504 -0.3459061 0 -0.9382691 -0.34325 0 -0.9392441 -0.2467991 0 -0.9690667 -0.2442354 0 -0.969716 -0.1589596 0 -0.9872851 -0.1589596 0 -0.9872851 -0.1193965 0 -0.9928467 -0.1193965 0 -0.9928467 0.7058797 0 -0.7083318 0.7058892 0 -0.7083223 0.7058892 8.21389e-7 -0.7083223 0.7058796 -8.17516e-7 -0.7083319 0.9999483 0 0.01017111 0.9999483 0 0.01017111 0.5553506 0 -0.8316164 0.5517175 0 -0.8340311 0.5519173 1.97879e-7 -0.8338989 0.5553506 0 -0.8316164 0.9762812 0 -0.2165064 0.9759479 0 -0.2180038 0.9760211 0 -0.2176763 0.9762916 0 -0.2164596 0.8520759 0 0.5234181 0.852076 0 0.5234181 0.8320282 0 0.5547335 0.8361294 -3.61464e-6 0.5485323 0.7788511 0 0.6272089 0.7724877 0 0.6350297 0.6755324 0 0.7373304 0.6703785 0 0.7420194 0.5131832 -1.43991e-6 0.8582792 0.5314123 6.05402e-6 0.8471134 0.3435331 -2.03828e-6 0.9391406 0.3537198 0 0.9353514 0.1928034 3.1207e-6 0.9812375 0.1927577 0 0.9812464 0.1202776 0 0.9927403 0.1202776 0 0.9927404 -0.4628593 0 0.8864319 -0.4628593 0 0.8864319 -0.4972585 0 0.8676025 -0.4972584 0 0.8676026 -0.5837442 -5.72919e-6 0.8119377 -0.5750493 0 0.8181188 -0.6735067 1.12676e-5 0.7391812 -0.6657389 0 0.7461848 -0.747125 0 0.6646836 -0.7524908 0 0.6586027 -0.811471 0 0.5843927 -0.81992 0 0.5724784 -0.8620859 0 0.5067622 -0.8653055 0 0.5012449 -0.8827517 1.95578e-7 0.4698399 -0.8827517 -1.94655e-7 0.4698399 -0.9760878 0 -0.2173773 -0.9763683 0 -0.2161138 -0.9763682 0 -0.2161138 -0.9760668 0 -0.2174709 -0.5700817 -1.56463e-7 -0.8215881 -0.5763666 0 -0.8171913 -0.5250073 0 -0.8510978 -0.5330405 0 -0.8460898 -0.4127995 1.22216e-5 -0.9108219 -0.4367415 0 -0.8995872 -0.3196611 0 -0.9475321 -0.3208652 0 -0.947125 -0.2200845 -3.61558e-7 -0.9754809 -0.2183368 0 -0.9758735 -0.9963581 0 0.08526796 -0.08621448 0 -0.9962767 -0.1464211 -0.3535279 -0.9238933 0 1 0 0.9925529 -0.1150875 -0.03992092 0.9992029 0 -0.03992092 0.3428834 -0.9238933 -0.1698591 -0.3089727 -0.9238933 -0.2257366 0.677722 0.5597236 -0.4768672 -0.7367204 3.5194e-5 0.6761976 -0.2808741 -0.9238933 0.2598671 0.3291953 -0.9238933 0.1950683 0.4748367 -0.4884005 -0.7321169</float_array>
          <technique_common>
            <accessor source="#Layer_1-mesh-normals-array" count="2170" stride="3">
              <param name="X" type="float"/>
              <param name="Y" type="float"/>
              <param name="Z" type="float"/>
            </accessor>
          </technique_common>
        </source>
        <source id="Layer_1-mesh-map-0">
          <float_array id="Layer_1-mesh-map-0-array" count="20004">0.8613994 0.008670032 0.8792885 0.001268386 0.8634259 0.0426886 0.8549244 0.03652596 0.8529734 0.01491945 0.8607246 0.02910023 0.8478623 0.04660373 0.8450088 0.02294844 0.8549244 0.03652596 0.8414076 0.05694431 0.8375942 0.03281736 0.8478623 0.04660373 0.8355495 0.06757199 0.830816 0.0445913 0.8414076 0.05694431 0.8247608 0.05832606 0.830816 0.0445913 0.8302399 0.07859301 0.8195199 0.07407253 0.8247608 0.05832606 0.8253856 0.09024995 0.8151754 0.09191006 0.8195199 0.07407253 0.8208283 0.1030548 0.8207992 0.1031515 0.8178242 0.1144853 0.8151754 0.09191006 0.8137443 0.1370713 0.809534 0.134062 0.8153834 0.126604 0.8134021 0.1398209 0.8127074 0.1469023 0.809534 0.134062 0.8150439 0.1584882 0.8084121 0.1584882 0.8127074 0.1469023 0.8134021 0.1398209 0.8169547 0.1461984 0.8127074 0.1469023 0.8153834 0.126604 0.8191778 0.1360182 0.8137443 0.1370713 0.8178242 0.1144853 0.821734 0.1274874 0.816909 0.118507 0.8207992 0.1031515 0.8246502 0.1201044 0.8178242 0.1144853 0.8607246 0.02910023 0.8316437 0.1068621 0.8549244 0.03652596 0.8657513 0.05583482 0.8346106 0.1378582 0.8316437 0.1068621 0.8213964 0.1468768 0.8233535 0.1376351 0.8279965 0.1589232 0.8197724 0.1566017 0.8213964 0.1468768 0.8263946 0.1655204 0.818625 0.1667447 0.8197724 0.1566017 0.8250834 0.1717933 0.8181006 0.1772364 0.818625 0.1667447 0.8240299 0.1780192 0.8183411 0.1880066 0.8181006 0.1772364 0.8231391 0.1851074 0.81949 0.1989907 0.8183411 0.1880066 0.8223348 0.1949014 0.8216876 0.2101048 0.81949 0.1989907 0.8223348 0.1949014 0.8308846 0.1486871 0.8360404 0.1679993 0.8297476 0.1524378 0.8346106 0.1378582 0.8393765 0.1604396 0.8308846 0.1486871 0.8885592 0.03260761 0.8432624 0.153326 0.8803924 0.04013025 0.8901828 0.09241569 0.8823163 0.1073545 0.888764 0.03388035 0.8314733 0.2014254 0.8333243 0.1910965 0.8382236 0.2112091 0.8376612 0.2130693 0.8357042 0.2189321 0.8314733 0.2014254 0.8289201 0.2282723 0.8299868 0.2135711 0.8324761 0.2300767 0.8283315 0.2462445 0.8289201 0.2282723 0.8324761 0.2300767 0.8376612 0.2130693 0.8402743 0.2336807 0.8357042 0.2189321 0.8747395 0.1230504 0.8811246 0.1761816 0.8401837 0.2056016 0.8823163 0.1073545 0.8874995 0.1702575 0.8747395 0.1230504 0.8901828 0.09241569 0.8941553 0.1658155 0.8823163 0.1073545 0.8992157 0.08207887 0.9011456 0.1631484 0.8967459 0.08222633 0.908517 0.1625584 0.9011456 0.1631484 0.9091292 0.08297783 0.9194064 0.08642274 0.91632 0.1643472 0.9133777 0.08402115 0.9365568 0.09716081 0.9246072 0.1688124 0.9291393 0.09181821 0.9691095 0.1829888 0.936229 0.2049567 0.9667533 0.1711595 0.9640933 0.2711366 0.9339013 0.2240626 0.96482 0.2647608 0.9593381 0.2973119 0.9575057 0.3048878 0.9304473 0.2409242 0.9551493 0.3121194 0.9522117 0.3200518 0.9304473 0.2409242 0.9445744 0.3368503 0.9384226 0.3474323 0.9260011 0.2557789 0.9146662 0.2804467 0.9206975 0.2688772 0.9286732 0.3619281 0.9009544 0.299966 0.9146662 0.2804467 0.9116978 0.3832754 0.8623324 0.4490099 0.8495655 0.3553509 0.8646801 0.4448279 0.8599657 0.4539117 0.8435612 0.3647971 0.8623324 0.4490099 0.8576067 0.4593693 0.8382889 0.3753444 0.8599657 0.4539117 0.8562385 0.4628692 0.8346899 0.3842097 0.8576067 0.4593693 0.831321 0.3938044 0.8346899 0.3842097 0.8546956 0.4671111 0.8282045 0.4042124 0.831321 0.3938044 0.8533709 0.4710573 0.8253644 0.4155031 0.8282045 0.4042124 0.8521833 0.4749103 0.8228201 0.4277417 0.8253644 0.4155031 0.8510578 0.4789079 0.8205941 0.4410025 0.8228201 0.4277417 0.8499276 0.4833198 0.8187116 0.4553458 0.8205941 0.4410025 0.8487172 0.4885283 0.8171922 0.4708555 0.8187116 0.4553458 0.8473632 0.4949564 0.8160613 0.4875964 0.8171922 0.4708555 0.8458189 0.5030484 0.8457567 0.5136904 0.8153397 0.5056337 0.8456908 0.5037886 0.8459917 0.5259228 0.8150513 0.5250509 0.8457567 0.5136904 0.8467164 0.5491549 0.8153322 0.5562096 0.8459917 0.5259228 0.8475436 0.5672983 0.8163676 0.5837767 0.8467164 0.5491549 0.8181155 0.6080401 0.8163676 0.5837767 0.8483972 0.580891 0.8205388 0.6292834 0.8181155 0.6080401 0.8492171 0.5907536 0.8235955 0.6477853 0.8205388 0.6292834 0.8499886 0.5979996 0.8272468 0.6638339 0.8235955 0.6477853 0.8507757 0.6039459 0.8314524 0.677708 0.8272468 0.6638339 0.851732 0.6099404 0.8361749 0.6896864 0.8314524 0.677708 0.8530817 0.6171749 0.8551239 0.6259892 0.8413724 0.7000617 0.8548316 0.6254388 0.8470063 0.7091083 0.8413724 0.7000617 0.8583468 0.6314544 0.8594245 0.7243577 0.8470063 0.7091083 0.8683599 0.6464536 0.8847829 0.6664905 0.8945198 0.6750258 0.9030265 0.7676807 0.9098947 0.6825206 0.9112854 0.7672997 0.9070801 0.6826574 0.9160022 0.6811259 0.9193768 0.7651019 0.9134966 0.6819395 0.9160022 0.6811259 0.9218412 0.6785443 0.9193768 0.7651019 0.9272959 0.6745857 0.9347694 0.7554143 0.9227749 0.6780162 0.9419316 0.7480033 0.9347694 0.7554143 0.9323409 0.6700672 0.9486441 0.7389335 0.9419316 0.7480033 0.9369501 0.6652414 0.9380291 0.663928 0.9410043 0.6596989 0.9486441 0.7389335 0.9604392 0.7159571 0.9548352 0.7282375 0.9445434 0.6539465 0.9653813 0.7021388 0.9604392 0.7159571 0.9476051 0.6482291 0.9695928 0.6868103 0.9653813 0.7021388 0.9502621 0.642498 0.9730036 0.6700136 0.9695928 0.6868103 0.9526411 0.6365342 0.9755464 0.6517858 0.9730036 0.6700136 0.9549118 0.629886 0.9771465 0.6321641 0.9755464 0.6517858 0.9572906 0.6217011 0.9777365 0.611195 0.9771465 0.6321641 0.9600101 0.6106761 0.977245 0.5889062 0.9777365 0.611195 0.9632725 0.5950723 0.9646691 0.5872004 0.9674748 0.572587 0.977245 0.5889062 0.9727422 0.540556 0.9756031 0.5653445 0.9674748 0.572587 0.9646691 0.5872004 0.9608948 0.5511776 0.9674748 0.572587 0.9380291 0.663928 0.9304024 0.5857235 0.9410043 0.6596989 0.9227749 0.6780162 0.9179217 0.5952068 0.9272959 0.6745857 0.9134966 0.6819395 0.911629 0.5975857 0.9160022 0.6811259 0.9041202 0.681301 0.9053078 0.597911 0.9070801 0.6826574 0.8989614 0.5958294 0.9053078 0.597911 0.8945198 0.6750258 0.892588 0.590974 0.8989614 0.5958294 0.8847829 0.6664905 0.8748954 0.6554217 0.8861953 0.5829914 0.8847829 0.6664905 0.8548316 0.6254388 0.879783 0.5715287 0.8551239 0.6259892 0.8456908 0.5037886 0.8781217 0.540542 0.8457567 0.5136904 0.8576067 0.4593693 0.8599657 0.4539117 0.8781217 0.540542 0.8908819 0.5099734 0.8843038 0.5241264 0.8745539 0.4292525 0.8977916 0.4977302 0.8908819 0.5099734 0.8844087 0.4153544 0.9123252 0.4776625 0.8977916 0.4977302 0.9016521 0.394201 0.9116978 0.3832754 0.9286732 0.3619281 0.9123252 0.4776625 0.9485624 0.3290011 0.9635033 0.419039 0.9480866 0.33008 0.9522117 0.3200518 0.969941 0.4077297 0.9485624 0.3290011 0.9551493 0.3121194 0.9759557 0.3946965 0.9522117 0.3200518 0.9575057 0.3048878 0.9814775 0.3796098 0.9573175 0.3055708 0.9593381 0.2973119 0.9864361 0.3621346 0.9575057 0.3048878 0.9610754 0.2890244 0.9907671 0.3419415 0.9593381 0.2973119 0.9610754 0.2890244 0.9629313 0.2787027 0.9907671 0.3419415 0.96482 0.2647608 0.997269 0.2920812 0.9640933 0.2711366 0.9993008 0.2617495 0.997269 0.2920812 0.9666155 0.2456258 0.9998447 0.2463234 0.9993008 0.2617495 0.9671118 0.2391999 1 0.2304933 0.9998447 0.2463234 0.9675281 0.2327119 0.9992306 0.1984053 1 0.2304933 0.9685115 0.2116263 0.9971793 0.1670281 0.9992306 0.1984053 0.9690625 0.1904866 0.9667533 0.1711595 0.994036 0.1378814 0.9691095 0.1829888 0.9655484 0.1657375 0.9921132 0.1246299 0.9667533 0.1711595 0.9643297 0.160675 0.9899873 0.1125121 0.9655484 0.1657375 0.9637361 0.1584197 0.9876806 0.1017186 0.9643297 0.160675 0.9623779 0.1538853 0.9837574 0.08766329 0.9637361 0.1584197 0.9788959 0.07443034 0.9837574 0.08766329 0.9603853 0.1480854 0.9731844 0.06207108 0.9788959 0.07443034 0.9573621 0.1402196 0.9667109 0.05065011 0.9731844 0.06207108 0.953788 0.1317564 0.9518293 0.03086119 0.9667109 0.05065011 0.9428594 0.1087661 0.9291393 0.09181821 0.9349442 0.01555138 0.9365568 0.09716081 0.9133777 0.08402115 0.9167593 0.005189895 0.9194064 0.08642274 0.8967459 0.08222633 0.8979753 2.69353e-4 0.8992157 0.08207887 0.8960604 0.0823459 0.888764 0.03388035 0.8979753 2.69353e-4 0.8803924 0.04013025 0.8792885 0.001268386 0.8885592 0.03260761 0.7406911 0.05175095 0.7318709 0.04771715 0.7403294 0.002550721 0.7056751 0.04914426 0.6966853 0.05455929 0.7154051 0.00919044 0.6639998 0.07535946 0.6606186 0.06416636 0.6753109 0.03112602 0.6539498 0.05621188 0.6556903 0.0449351 0.6606186 0.06416636 0.6639998 0.07535946 0.6528457 0.06793481 0.6606186 0.06416636 0.6706938 0.09446495 0.6705423 0.09608393 0.6517969 0.09164065 0.6690583 0.1233893 0.6510351 0.1139339 0.6692399 0.1186444 0.6679717 0.142155 0.650291 0.1238911 0.6679859 0.1417472 0.6615661 0.2400572 0.649051 0.1326913 0.6679717 0.142155 0.6457254 0.1275386 0.649051 0.1326913 0.6272996 0.159803 0.6463977 0.1024109 0.6457254 0.1275386 0.6279652 0.1011648 0.6461257 0.08104687 0.6463977 0.1024109 0.6278558 0.08808946 0.6449156 0.06313043 0.6461257 0.08104687 0.6275938 0.08069348 0.6427763 0.04835951 0.6449156 0.06313043 0.6273752 0.07762205 0.6397165 0.03643691 0.6427763 0.04835951 0.6272173 0.07624721 0.6357411 0.02704197 0.6397165 0.03643691 0.6267307 0.07324445 0.6308616 0.01988643 0.6357411 0.02704197 0.6252436 0.06604921 0.6250829 0.01465922 0.6308616 0.01988643 0.6221892 0.05355632 0.6184152 0.01106292 0.6250829 0.01465922 0.6173402 0.03586 0.6108691 0.008795619 0.6184152 0.01106292 0.6118499 0.01728922 0.6092122 0.01395303 0.6108691 0.008795619 0.6118499 0.01728922 0.6494978 0.4982128 0.6111291 0.4928143 0.6485995 0.2653437 0.6082038 0.5809424 0.6111291 0.4928143 0.6447932 0.5985354 0.6358172 0.6163474 0.6231707 0.6448521 0.6082038 0.5809424 0.6169106 0.6575701 0.6140967 0.6639317 0.6049275 0.630222 0.6003887 0.6696652 0.6028254 0.6512933 0.6066754 0.6791633 0.5975935 0.6850911 0.6003887 0.6696652 0.6025387 0.6865697 0.5992503 0.7005637 0.5975935 0.6850911 0.6025387 0.6865697 0.6169106 0.6575701 0.6160278 0.7012373 0.6140967 0.6639317 0.6358172 0.6163474 0.6307899 0.706432 0.6231707 0.6448521 0.6539008 0.6135317 0.6438101 0.7159571 0.6358172 0.6163474 0.6553572 0.7296221 0.6438101 0.7159571 0.6651422 0.6636214 0.6657075 0.7472273 0.6553572 0.7296221 0.6737086 0.7079741 0.6751346 0.7685821 0.6657075 0.7472273 0.6804227 0.7484369 0.6839073 0.7934821 0.6751346 0.7685821 0.6837464 0.7715044 0.6888823 0.7780142 0.6839073 0.7934821 0.6837464 0.7715044 0.6485995 0.2653437 0.6615661 0.2400572 0.6494978 0.4982128 0.6692399 0.1186444 0.687209 0.1293041 0.6690583 0.1233893 0.6705423 0.09608393 0.6883221 0.115509 0.6703803 0.09868603 0.6899595 0.1043996 0.6883221 0.115509 0.677095 0.07830756 0.6782255 0.07623022 0.6851234 0.06424528 0.6899595 0.1043996 0.6997705 0.08789092 0.6922035 0.09653782 0.6966853 0.05455929 0.7071434 0.08304005 0.6997705 0.08789092 0.7056751 0.04914426 0.7144625 0.04593932 0.7142847 0.08172059 0.7056751 0.04914426 0.7231676 0.04566347 0.7211511 0.08365345 0.7169337 0.04561686 0.7318709 0.04771715 0.7277037 0.08857411 0.7231676 0.04566347 0.7406911 0.05175095 0.7338992 0.09621268 0.7318709 0.04771715 0.7495123 0.05886989 0.7397004 0.1062953 0.7478435 0.05733883 0.7583224 0.06884121 0.7450639 0.118557 0.7495123 0.05886989 0.7669549 0.08197093 0.7499477 0.1327332 0.7651575 0.07888275 0.7744053 0.1003929 0.7543146 0.1485403 0.7738993 0.09851622 0.775873 0.1073359 0.7768729 0.1135097 0.7543146 0.1485403 0.7789096 0.1315809 0.7796938 0.1434373 0.7581198 0.165718 0.7802972 0.1568755 0.7804552 0.1713627 0.7613245 0.1839874 0.780311 0.1866989 0.7796362 0.2022567 0.7638881 0.2030982 0.7785372 0.2180188 0.7768787 0.2336657 0.7657691 0.222757 0.7745614 0.2493234 0.7720088 0.2627068 0.7669269 0.2427086 0.766912 0.282384 0.7673214 0.2626835 0.7713947 0.2655082 0.7728013 0.2776216 0.766912 0.282384 0.7713947 0.2655082 0.7745614 0.2493234 0.7783096 0.2695833 0.7720088 0.2627068 0.7768787 0.2336657 0.7833832 0.2586596 0.7761325 0.2392579 0.7785372 0.2180188 0.7879668 0.2452362 0.7768787 0.2336657 0.7796362 0.2022567 0.7920155 0.2296894 0.778952 0.2129893 0.780311 0.1866989 0.7954771 0.2124187 0.7796362 0.2022567 0.7804552 0.1713627 0.7983022 0.1938053 0.7803561 0.1848529 0.7802972 0.1568755 0.8004401 0.1742302 0.7804552 0.1713627 0.7796938 0.1434373 0.8018414 0.1540834 0.7802636 0.15573 0.7789096 0.1315809 0.8024555 0.1337507 0.7796938 0.1434373 0.7779312 0.1215428 0.8022329 0.113618 0.7784865 0.126769 0.7768729 0.1135097 0.8011244 0.09407073 0.7779312 0.1215428 0.775873 0.1073359 0.7990791 0.07549446 0.7768729 0.1135097 0.7749195 0.1025227 0.7960463 0.05827486 0.775873 0.1073359 0.7738993 0.09851622 0.7919797 0.04279321 0.7744053 0.1003929 0.7868239 0.02944874 0.7919797 0.04279321 0.7724466 0.09406882 0.7819101 0.02076917 0.7868239 0.02944874 0.7711776 0.09081792 0.7762867 0.01392972 0.7819101 0.02076917 0.7687714 0.08551067 0.7669549 0.08197093 0.7651575 0.07888275 0.7762867 0.01392972 0.7632263 0.005208432 0.7700315 0.00878632 0.7607256 0.07206773 0.7583224 0.06884121 0.7495123 0.05886989 0.7632263 0.005208432 0.7403294 0.002550721 0.7482953 0.002225518 0.7411143 0.05203425 0.5511632 0.1038934 0.5471757 0.04128307 0.5560232 0.09874969 0.5447529 0.1135883 0.5383597 0.04793202 0.5504255 0.1047837 0.5397678 0.1228658 0.5304371 0.05693203 0.5409057 0.120422 0.5352978 0.133852 0.5231075 0.06877112 0.5397678 0.1228658 0.5240889 0.168295 0.5195713 0.07591259 0.5248632 0.1655237 0.5148596 0.1814739 0.5030287 0.1425835 0.5240889 0.168295 0.4765443 0.04283493 0.489808 0.04988819 0.4736744 0.1135271 0.464322 0.03971731 0.4765443 0.04283493 0.4636904 0.1062192 0.4550766 0.1128838 0.4531096 0.04051184 0.4631303 0.1059039 0.4482001 0.1202905 0.4428802 0.0451861 0.4550766 0.1128838 0.4427849 0.1281146 0.4336085 0.05372142 0.4444245 0.1253131 0.4385127 0.1368389 0.425266 0.06609022 0.4427849 0.1281146 0.4347843 0.1459906 0.4178215 0.08226412 0.4349725 0.1454423 0.4314536 0.1574162 0.4112495 0.1022111 0.4347843 0.1459906 0.4055245 0.1259217 0.4112495 0.1022111 0.4279886 0.1713013 0.4246624 0.1894151 0.4006137 0.1533539 0.4278493 0.1719449 0.4213552 0.2119393 0.3964918 0.184494 0.422779 0.2013175 0.418456 0.2379748 0.3931318 0.2193093 0.4190781 0.2316095 0.4138203 0.3090791 0.3885841 0.2998545 0.4164548 0.263833 0.4116836 0.3970726 0.386745 0.3948035 0.4117075 0.3912891 0.4126004 0.5548841 0.3867734 0.4476097 0.4116836 0.3970726 0.3805838 0.4419271 0.3867734 0.4476097 0.3760782 0.5011504 0.3747243 0.4386561 0.3805838 0.4419271 0.3726227 0.4934683 0.3692174 0.4901266 0.3691831 0.4376245 0.3705239 0.4893605 0.366149 0.4925448 0.3639482 0.4386653 0.3692174 0.4901266 0.3634234 0.4952662 0.3590165 0.4415972 0.366149 0.4925448 0.3608671 0.498367 0.3543762 0.4462389 0.3634234 0.4952662 0.358357 0.5019475 0.3500212 0.4524139 0.3608671 0.498367 0.3459471 0.4599505 0.3500212 0.4524139 0.3557947 0.5061416 0.3421404 0.4686624 0.3459471 0.4599505 0.3531271 0.5110408 0.3526012 0.5121067 0.3460794 0.5027707 0.3421404 0.4686624 0.3353129 0.488916 0.3385981 0.478378 0.3460794 0.5027707 0.3492301 0.5282312 0.3351202 0.5297532 0.3460794 0.5027707 0.3354414 0.5416154 0.3351202 0.5297532 0.3476123 0.5368739 0.3360285 0.5525669 0.3354414 0.5416154 0.3461311 0.5455824 0.3369294 0.5626031 0.3360285 0.5525669 0.3449022 0.5538493 0.3381873 0.5716914 0.3369294 0.5626031 0.3438495 0.5623931 0.3398471 0.5798318 0.3381873 0.5716914 0.3428809 0.5726136 0.3419507 0.5869827 0.3398471 0.5798318 0.3428809 0.5726136 0.3705239 0.4893605 0.3635269 0.5560098 0.3692174 0.4901266 0.4049991 0.5731974 0.4068748 0.594209 0.3635269 0.5560098 0.4398832 0.6902393 0.3884317 0.6954014 0.4068748 0.594209 0.4117075 0.3912891 0.4365905 0.3930099 0.4116836 0.3970726 0.4131932 0.3249419 0.4380606 0.3351856 0.4117075 0.3912891 0.4164548 0.263833 0.441204 0.2827931 0.4138203 0.3090791 0.4190781 0.2316095 0.4435301 0.259287 0.418456 0.2379748 0.422779 0.2013175 0.44643 0.2379275 0.4213552 0.2119393 0.4278493 0.1719449 0.4499542 0.2189655 0.4246624 0.1894151 0.4349725 0.1454423 0.4541524 0.2026753 0.4347843 0.1459906 0.4385127 0.1368389 0.4427849 0.1281146 0.4541524 0.2026753 0.4631303 0.1059039 0.4647851 0.1791368 0.4550766 0.1128838 0.5030287 0.1425835 0.4813894 0.1997899 0.4845064 0.1230287 0.5146321 0.1879641 0.5139943 0.2229747 0.4813894 0.1997899 0.5130932 0.2826418 0.4859325 0.287444 0.5132714 0.2574573 0.511694 0.3886073 0.4862015 0.3880801 0.5116906 0.3881638 0.4849122 0.5736429 0.4862015 0.3880801 0.5122339 0.5721387 0.5122339 0.5721387 0.5128424 0.6108294 0.4849122 0.5736429 0.4880316 0.6726062 0.4858564 0.6244465 0.4968357 0.6675888 0.4896929 0.6954014 0.4880316 0.6726062 0.4968357 0.6675888 0.5128424 0.6108294 0.541143 0.6954014 0.5110645 0.6166874 0.5116906 0.3881638 0.5372079 0.3888654 0.511694 0.3886073 0.512223 0.3209631 0.5383104 0.3293869 0.5116906 0.3881638 0.5132714 0.2574573 0.5409532 0.2747455 0.5130932 0.2826418 0.5139943 0.2229747 0.5429747 0.2498176 0.5139782 0.2264962 0.5146321 0.1879641 0.5455279 0.2267761 0.5139943 0.2229747 0.5240889 0.168295 0.5248632 0.1655237 0.5455279 0.2267761 0.5524227 0.1872819 0.5486608 0.205858 0.5325036 0.1414303 0.5352978 0.133852 0.5397678 0.1228658 0.5524227 0.1872819 0.5447529 0.1135883 0.5504255 0.1047837 0.5568643 0.1712843 0.5511632 0.1038934 0.5560232 0.09874969 0.562032 0.1580792 0.5747444 0.1409944 0.5679751 0.147913 0.5722845 0.1083967 0.5823846 0.1375608 0.5747444 0.1409944 0.5819629 0.1178988 0.5909437 0.1378349 0.5823846 0.1375608 0.5863449 0.1233846 0.5909437 0.117205 0.5909437 0.1378349 0.5863449 0.1233846 0.5586839 0.07208991 0.5627267 0.03461545 0.5722845 0.1083967 0.5571825 0.03647869 0.5627267 0.03461545 0.5586839 0.07208991 0.1668463 0.1019744 0.1629705 0.05089181 0.1705601 0.0994749 0.1622115 0.1066266 0.1560339 0.05764764 0.1635864 0.1049432 0.1578623 0.1130838 0.1495634 0.06722378 0.1622115 0.1066266 0.1538779 0.1215274 0.1436188 0.07936489 0.1571955 0.1142545 0.1502481 0.1314483 0.1382659 0.0938059 0.1518048 0.1267486 0.147041 0.1427781 0.1335703 0.1103051 0.1476441 0.1404185 0.1442741 0.1552898 0.1295962 0.128598 0.1445882 0.1537749 0.1264051 0.1484287 0.1295962 0.128598 0.1418813 0.1686607 0.1240655 0.1695466 0.1264051 0.1484287 0.1397376 0.1827574 0.1380146 0.1978961 0.1226402 0.1916913 0.1380096 0.1964244 0.138429 0.2141485 0.1221935 0.2146119 0.1380146 0.1978961 0.1392107 0.230359 0.1227896 0.2380529 0.138429 0.2141485 0.1404161 0.2471608 0.1244943 0.2617495 0.1392107 0.230359 0.1261869 0.2760418 0.1244943 0.2617495 0.1412061 0.2555207 0.1283189 0.2889356 0.1261869 0.2760418 0.1421571 0.2637044 0.1308183 0.3006583 0.1283189 0.2889356 0.1433218 0.272221 0.1446985 0.2802861 0.1336106 0.3114566 0.1444659 0.2796253 0.1671369 0.337072 0.1493931 0.3598347 0.1446985 0.2802861 0.1772705 0.9074937 0.1723753 0.9227354 0.1750224 0.890379 0.1233389 0.9189692 0.1249126 0.86269 0.1350291 0.9248353 0.1001846 0.9038613 0.1029449 0.8537642 0.1022211 0.9054406 0.08200812 0.8399181 0.1029449 0.8537642 0.07843369 0.8841028 0.07561284 0.8811838 0.05860066 0.8611219 0.06228148 0.822048 0.03399491 0.8224248 0.03816998 0.7935193 0.04277324 0.8375844 0.02837753 0.8113358 0.02219378 0.797499 0.03816998 0.7935193 0.002544224 0.7542619 0 0.7315875 0.005285143 0.7506009 0.01066166 0.7674109 0.00611788 0.7758443 0.005285143 0.7506009 0.01626342 0.7828629 0.01062971 0.7963303 0.01066166 0.7674109 0.02219378 0.797499 0.01599168 0.8157289 0.01626342 0.7828629 0.02837753 0.8113358 0.02211552 0.8340682 0.02219378 0.797499 0.04277324 0.8375844 0.03629946 0.8676198 0.03399491 0.8224248 0.05860066 0.8611219 0.05247789 0.8971569 0.05813646 0.8604994 0.07561284 0.8811838 0.06994867 0.9228329 0.05860066 0.8611219 0.1022211 0.9054406 0.09704214 0.9544376 0.1001846 0.9038613 0.1350291 0.9248353 0.1311321 0.984509 0.1233389 0.9189692 0.1723753 0.9227354 0.1709693 1 0.1683887 0.9335688 0.2136596 0.9280518 0.2147657 0.9984574 0.1962797 0.9315754 0.2436748 0.9165709 0.246758 0.9898477 0.2290104 0.9231373 0.2713598 0.8971674 0.2768933 0.9733809 0.2698683 0.8985557 0.2871639 0.8795281 0.2954562 0.9573881 0.2856261 0.8815246 0.3007688 0.8580848 0.3124473 0.9369253 0.2940397 0.8693279 0.3120594 0.8329972 0.327568 0.9116025 0.3099138 0.838415 0.3159829 0.821891 0.3343328 0.896999 0.3120594 0.8329972 0.3195801 0.8096823 0.3405194 0.8810293 0.3175396 0.817088 0.3225544 0.7977994 0.346089 0.8636565 0.3195801 0.8096823 0.3250489 0.7862976 0.3510013 0.84482 0.3247413 0.7880728 0.3267856 0.7748426 0.3552248 0.8244735 0.3250489 0.7862976 0.3280662 0.7648323 0.3586191 0.8025889 0.3267856 0.7748426 0.3280662 0.7648323 0.3288795 0.7568668 0.3586191 0.8025889 0.3293573 0.7494231 0.3620135 0.7585831 0.3292436 0.7521332 0.3621435 0.7365964 0.3620135 0.7585831 0.3295039 0.7416173 0.3613142 0.7147026 0.3621435 0.7365964 0.3294763 0.7326638 0.3595932 0.6929853 0.3613142 0.7147026 0.3292284 0.721943 0.328969 0.71566 0.3284838 0.7093438 0.3595932 0.6929853 0.3537308 0.6502897 0.357043 0.6714865 0.327141 0.6950312 0.3257644 0.6824288 0.3254745 0.6804509 0.3537308 0.6502897 0.3190786 0.6446292 0.339865 0.58912 0.3210611 0.6542485 0.3101979 0.6100649 0.3280028 0.551015 0.3101985 0.6100661 0.2988919 0.5782359 0.314648 0.5156746 0.3042732 0.5925841 0.2862381 0.5505881 0.3003236 0.4836052 0.2920504 0.562712 0.285458 0.5491138 0.2728729 0.5276742 0.3003236 0.4836052 0.2589869 0.5080716 0.2545509 0.4868372 0.2781587 0.4428053 0.2500747 0.4047746 0.2636909 0.4212321 0.2455183 0.4470151 0.2378314 0.3939625 0.2500747 0.4047746 0.2365406 0.4111392 0.2323918 0.3908401 0.2378314 0.3939625 0.2332119 0.3990567 0.2307335 0.3959882 0.2323918 0.3908401 0.2332119 0.3990567 0.2436626 0.545598 0.2323948 0.576663 0.2455183 0.4470151 0.241284 0.5808076 0.2323948 0.576663 0.2436626 0.545598 0.2599154 0.5091462 0.2515029 0.5894452 0.2589869 0.5080716 0.2728729 0.5276742 0.2622761 0.6022321 0.2654823 0.5165858 0.2728386 0.618829 0.2622761 0.6022321 0.285458 0.5491138 0.2777972 0.6284471 0.2728386 0.618829 0.2920504 0.562712 0.2982741 0.5767195 0.2824136 0.6388921 0.2920504 0.562712 0.3042732 0.5925841 0.2865923 0.6501178 0.2988919 0.5782359 0.3101985 0.6100661 0.2902347 0.6620915 0.3101979 0.6100649 0.315765 0.6304866 0.2932481 0.6747529 0.3101985 0.6100661 0.3210611 0.6542485 0.2955338 0.6880741 0.3190786 0.6446292 0.3257644 0.6824288 0.296995 0.702004 0.3254745 0.6804509 0.328969 0.71566 0.2975358 0.71651 0.3284838 0.7093438 0.3292436 0.7521332 0.2970607 0.7315317 0.3293573 0.7494231 0.3267856 0.7748426 0.3250489 0.7862976 0.2954741 0.7470461 0.3225544 0.7977994 0.3195801 0.8096823 0.2954741 0.7470461 0.3159829 0.821891 0.3120594 0.8329972 0.2926355 0.7618077 0.2845814 0.7875765 0.2889767 0.7752962 0.3020591 0.8555956 0.3007688 0.8580848 0.2940397 0.8693279 0.2845814 0.7875765 0.2856261 0.8815246 0.2739083 0.8087362 0.2871639 0.8795281 0.2698683 0.8985557 0.2612677 0.8257141 0.2713598 0.8971674 0.2473198 0.8389516 0.2612677 0.8257141 0.2531823 0.9109834 0.2290104 0.9231373 0.225376 0.8527607 0.2436748 0.9165709 0.1962797 0.9315754 0.2041703 0.8606362 0.2136596 0.9280518 0.1750224 0.890379 0.2025075 0.8554695 0.1772705 0.9074937 0.176757 0.3666282 0.1818975 0.3478594 0.2041658 0.359844 0.2109951 0.2525222 0.225745 0.2772313 0.2070271 0.278044 0.2119244 0.2417563 0.228119 0.2538554 0.2109951 0.2525222 0.2119244 0.2417563 0.2129015 0.2261056 0.228119 0.2538554 0.2295144 0.2086599 0.2293455 0.2309393 0.2134938 0.2109649 0.2134948 0.1959439 0.2287091 0.1871656 0.2137071 0.1980477 0.21176 0.182088 0.2270149 0.1666054 0.2134948 0.1959439 0.2097706 0.1688052 0.2245169 0.1471557 0.21176 0.182088 0.2073834 0.1561495 0.2213034 0.1289604 0.2095934 0.1677888 0.2045807 0.1442682 0.2174564 0.1121776 0.2069106 0.1539629 0.2013911 0.1333975 0.2130655 0.09697473 0.2036905 0.140968 0.1978816 0.1237403 0.208213 0.08350485 0.1999417 0.1291231 0.1941553 0.1154342 0.2029855 0.07192134 0.1957658 0.1188011 0.1903253 0.1085187 0.1974682 0.06239169 0.191276 0.1101178 0.1917477 0.05506426 0.1974682 0.06239169 0.1864957 0.1029368 0.1859077 0.05009728 0.1917477 0.05506426 0.1827835 0.09837412 0.1770238 0.0977751 0.1779717 0.04686337 0.1822062 0.09780174 0.1717587 0.09893643 0.170303 0.04721188 0.1770238 0.0977751 0.1444659 0.2796253 0.1576877 0.2514439 0.1446985 0.2802861 0.1380096 0.1964244 0.1543651 0.2049707 0.1380146 0.1978961 0.1445882 0.1537749 0.1587291 0.1829188 0.1442741 0.1552898 0.1476441 0.1404185 0.1608386 0.173705 0.147041 0.1427781 0.1518048 0.1267486 0.1631872 0.1657737 0.1502481 0.1314483 0.1571955 0.1142545 0.1659899 0.1591898 0.1538779 0.1215274 0.1635864 0.1049432 0.1694619 0.1540183 0.1622115 0.1066266 0.1705601 0.0994749 0.1738169 0.1503245 0.1668463 0.1019744 0.1822062 0.09780174 0.1792699 0.1481593 0.1770238 0.0977751 0.191276 0.1101178 0.1830363 0.1543435 0.1903253 0.1085187 0.1957658 0.1188011 0.1862304 0.1606348 0.1941553 0.1154342 0.1999417 0.1291231 0.1889659 0.1673581 0.1978816 0.1237403 0.2036905 0.140968 0.1913533 0.1748342 0.2013911 0.1333975 0.2069106 0.1539629 0.1935047 0.1833788 0.2045807 0.1442682 0.2095934 0.1677888 0.1955276 0.1933128 0.2073834 0.1561495 0.2137071 0.1980477 0.197534 0.2049614 0.2134948 0.1959439 0.2070271 0.278044 0.1942144 0.2514346 0.2109951 0.2525222 0.1863156 0.2686727 0.1942144 0.2514346 0.1950792 0.3126772 0.1911783 0.3227477 0.1836563 0.273161 0.1950792 0.3126772 0.1867361 0.3329591 0.180628 0.2769711 0.1911783 0.3227477 0.1818975 0.3478594 0.1770245 0.2800703 0.184416 0.3376779 0.1747986 0.3614411 0.1726321 0.2824167 0.1818975 0.3478594 0.1672452 0.3377091 0.1726276 0.2824167 0.1747986 0.3614411 0.8792885 0.001268386 0.8803924 0.04013025 0.8634259 0.0426886 0.8657513 0.05583482 0.8634259 0.0426886 0.8803924 0.04013025 0.8529734 0.01491945 0.8613994 0.008670032 0.8607246 0.02910023 0.8634259 0.0426886 0.8607246 0.02910023 0.8613994 0.008670032 0.8529734 0.01491945 0.8549244 0.03652596 0.8450088 0.02294844 0.8450088 0.02294844 0.8478623 0.04660373 0.8375942 0.03281736 0.8375942 0.03281736 0.8414076 0.05694431 0.830816 0.0445913 0.8355495 0.06757199 0.8302399 0.07859301 0.830816 0.0445913 0.8302399 0.07859301 0.8253856 0.09024995 0.8247608 0.05832606 0.8253856 0.09024995 0.8208283 0.1030548 0.8195199 0.07407253 0.8208283 0.1030548 0.8207992 0.1031515 0.8151754 0.09191006 0.8151754 0.09191006 0.8178242 0.1144853 0.8118169 0.1118895 0.816909 0.118507 0.8118169 0.1118895 0.8178242 0.1144853 0.809534 0.134062 0.8118169 0.1118895 0.8153834 0.126604 0.816909 0.118507 0.8153834 0.126604 0.8118169 0.1118895 0.8137443 0.1370713 0.8134021 0.1398209 0.809534 0.134062 0.8084121 0.1584882 0.809534 0.134062 0.8127074 0.1469023 0.8150439 0.1584882 0.8127074 0.1469023 0.8169547 0.1461984 0.8191778 0.1360182 0.8169547 0.1461984 0.8137443 0.1370713 0.8134021 0.1398209 0.8137443 0.1370713 0.8169547 0.1461984 0.821734 0.1274874 0.8191778 0.1360182 0.816909 0.118507 0.8153834 0.126604 0.816909 0.118507 0.8191778 0.1360182 0.821734 0.1274874 0.8178242 0.1144853 0.8246502 0.1201044 0.8549244 0.03652596 0.8316437 0.1068621 0.8478623 0.04660373 0.8478623 0.04660373 0.8316437 0.1068621 0.8414076 0.05694431 0.8414076 0.05694431 0.8316437 0.1068621 0.8355495 0.06757199 0.8355495 0.06757199 0.8316437 0.1068621 0.8302399 0.07859301 0.8302399 0.07859301 0.8316437 0.1068621 0.8253856 0.09024995 0.8316437 0.1068621 0.8246502 0.1201044 0.8253856 0.09024995 0.8253856 0.09024995 0.8246502 0.1201044 0.8208283 0.1030548 0.8207992 0.1031515 0.8208283 0.1030548 0.8246502 0.1201044 0.8657513 0.05583482 0.8316437 0.1068621 0.8634259 0.0426886 0.8316437 0.1068621 0.8346106 0.1378582 0.8233535 0.1376351 0.8607246 0.02910023 0.8634259 0.0426886 0.8316437 0.1068621 0.8346106 0.1378582 0.8308846 0.1486871 0.8233535 0.1376351 0.8297476 0.1524378 0.8233535 0.1376351 0.8308846 0.1486871 0.8297476 0.1524378 0.8279965 0.1589232 0.8233535 0.1376351 0.8279965 0.1589232 0.8263946 0.1655204 0.8213964 0.1468768 0.8263946 0.1655204 0.8250834 0.1717933 0.8197724 0.1566017 0.8250834 0.1717933 0.8240299 0.1780192 0.818625 0.1667447 0.8240299 0.1780192 0.8231391 0.1851074 0.8181006 0.1772364 0.8231391 0.1851074 0.8223348 0.1949014 0.8183411 0.1880066 0.8297476 0.1524378 0.8360404 0.1679993 0.8279965 0.1589232 0.8279965 0.1589232 0.8360404 0.1679993 0.8263946 0.1655204 0.8263946 0.1655204 0.8360404 0.1679993 0.8250834 0.1717933 0.8250834 0.1717933 0.8360404 0.1679993 0.8240299 0.1780192 0.8240299 0.1780192 0.8360404 0.1679993 0.8231391 0.1851074 0.8231391 0.1851074 0.8360404 0.1679993 0.8223348 0.1949014 0.8216876 0.2101048 0.8223348 0.1949014 0.8360404 0.1679993 0.8360404 0.1679993 0.8308846 0.1486871 0.8393765 0.1604396 0.8803924 0.04013025 0.8432624 0.153326 0.8657513 0.05583482 0.8657513 0.05583482 0.8432624 0.153326 0.8346106 0.1378582 0.8393765 0.1604396 0.8346106 0.1378582 0.8432624 0.153326 0.8960604 0.0823459 0.8901828 0.09241569 0.888764 0.03388035 0.8823163 0.1073545 0.8747395 0.1230504 0.888764 0.03388035 0.888764 0.03388035 0.8747395 0.1230504 0.8432624 0.153326 0.8885592 0.03260761 0.888764 0.03388035 0.8432624 0.153326 0.8747395 0.1230504 0.8401837 0.2056016 0.8432624 0.153326 0.8333243 0.1910965 0.8432624 0.153326 0.8401837 0.2056016 0.8401837 0.2056016 0.8382236 0.2112091 0.8333243 0.1910965 0.8382236 0.2112091 0.8376612 0.2130693 0.8314733 0.2014254 0.8299868 0.2135711 0.8314733 0.2014254 0.8357042 0.2189321 0.8357042 0.2189321 0.8324761 0.2300767 0.8299868 0.2135711 0.8357042 0.2189321 0.8402743 0.2336807 0.8324761 0.2300767 0.8283315 0.2462445 0.8324761 0.2300767 0.8402743 0.2336807 0.8811246 0.1761816 0.8402743 0.2336807 0.8401837 0.2056016 0.8401837 0.2056016 0.8402743 0.2336807 0.8382236 0.2112091 0.8376612 0.2130693 0.8382236 0.2112091 0.8402743 0.2336807 0.8811246 0.1761816 0.8747395 0.1230504 0.8874995 0.1702575 0.8874995 0.1702575 0.8823163 0.1073545 0.8941553 0.1658155 0.8967459 0.08222633 0.9011456 0.1631484 0.8960604 0.0823459 0.8960604 0.0823459 0.9011456 0.1631484 0.8901828 0.09241569 0.8941553 0.1658155 0.8901828 0.09241569 0.9011456 0.1631484 0.8992157 0.08207887 0.9091292 0.08297783 0.9011456 0.1631484 0.91632 0.1643472 0.908517 0.1625584 0.9133777 0.08402115 0.9091292 0.08297783 0.9133777 0.08402115 0.908517 0.1625584 0.9246072 0.1688124 0.91632 0.1643472 0.9291393 0.09181821 0.9194064 0.08642274 0.9291393 0.09181821 0.91632 0.1643472 0.9667533 0.1711595 0.936229 0.2049567 0.9655484 0.1657375 0.9655484 0.1657375 0.936229 0.2049567 0.9643297 0.160675 0.9643297 0.160675 0.936229 0.2049567 0.9637361 0.1584197 0.9637361 0.1584197 0.936229 0.2049567 0.9623779 0.1538853 0.9623779 0.1538853 0.936229 0.2049567 0.9603853 0.1480854 0.9603853 0.1480854 0.936229 0.2049567 0.9573621 0.1402196 0.9573621 0.1402196 0.936229 0.2049567 0.953788 0.1317564 0.953788 0.1317564 0.936229 0.2049567 0.9428594 0.1087661 0.936229 0.2049567 0.9246072 0.1688124 0.9428594 0.1087661 0.9365568 0.09716081 0.9428594 0.1087661 0.9246072 0.1688124 0.96482 0.2647608 0.9339013 0.2240626 0.9666155 0.2456258 0.9666155 0.2456258 0.9339013 0.2240626 0.9671118 0.2391999 0.9339013 0.2240626 0.936229 0.2049567 0.9671118 0.2391999 0.9671118 0.2391999 0.936229 0.2049567 0.9675281 0.2327119 0.9675281 0.2327119 0.936229 0.2049567 0.9685115 0.2116263 0.9685115 0.2116263 0.936229 0.2049567 0.9690625 0.1904866 0.9691095 0.1829888 0.9690625 0.1904866 0.936229 0.2049567 0.9593381 0.2973119 0.9304473 0.2409242 0.9610754 0.2890244 0.9573175 0.3055708 0.9304473 0.2409242 0.9575057 0.3048878 0.9304473 0.2409242 0.9339013 0.2240626 0.9610754 0.2890244 0.9610754 0.2890244 0.9339013 0.2240626 0.9629313 0.2787027 0.9640933 0.2711366 0.9629313 0.2787027 0.9339013 0.2240626 0.9573175 0.3055708 0.9551493 0.3121194 0.9304473 0.2409242 0.9522117 0.3200518 0.9485624 0.3290011 0.9304473 0.2409242 0.9485624 0.3290011 0.9480866 0.33008 0.9304473 0.2409242 0.9260011 0.2557789 0.9304473 0.2409242 0.9480866 0.33008 0.9480866 0.33008 0.9445744 0.3368503 0.9260011 0.2557789 0.9206975 0.2688772 0.9260011 0.2557789 0.9384226 0.3474323 0.9384226 0.3474323 0.9286732 0.3619281 0.9206975 0.2688772 0.9286732 0.3619281 0.9116978 0.3832754 0.9146662 0.2804467 0.8646801 0.4448279 0.8495655 0.3553509 0.8745539 0.4292525 0.8745539 0.4292525 0.8495655 0.3553509 0.8844087 0.4153544 0.8495655 0.3553509 0.9009544 0.299966 0.8844087 0.4153544 0.8844087 0.4153544 0.9009544 0.299966 0.9016521 0.394201 0.9116978 0.3832754 0.9016521 0.394201 0.9009544 0.299966 0.8495655 0.3553509 0.8623324 0.4490099 0.8435612 0.3647971 0.8435612 0.3647971 0.8599657 0.4539117 0.8382889 0.3753444 0.8382889 0.3753444 0.8576067 0.4593693 0.8346899 0.3842097 0.8562385 0.4628692 0.8546956 0.4671111 0.8346899 0.3842097 0.8546956 0.4671111 0.8533709 0.4710573 0.831321 0.3938044 0.8533709 0.4710573 0.8521833 0.4749103 0.8282045 0.4042124 0.8521833 0.4749103 0.8510578 0.4789079 0.8253644 0.4155031 0.8510578 0.4789079 0.8499276 0.4833198 0.8228201 0.4277417 0.8499276 0.4833198 0.8487172 0.4885283 0.8205941 0.4410025 0.8487172 0.4885283 0.8473632 0.4949564 0.8187116 0.4553458 0.8473632 0.4949564 0.8458189 0.5030484 0.8171922 0.4708555 0.8153397 0.5056337 0.8160613 0.4875964 0.8456908 0.5037886 0.8458189 0.5030484 0.8456908 0.5037886 0.8160613 0.4875964 0.8153397 0.5056337 0.8457567 0.5136904 0.8150513 0.5250509 0.8150513 0.5250509 0.8459917 0.5259228 0.8153322 0.5562096 0.8153322 0.5562096 0.8467164 0.5491549 0.8163676 0.5837767 0.8475436 0.5672983 0.8483972 0.580891 0.8163676 0.5837767 0.8483972 0.580891 0.8492171 0.5907536 0.8181155 0.6080401 0.8492171 0.5907536 0.8499886 0.5979996 0.8205388 0.6292834 0.8499886 0.5979996 0.8507757 0.6039459 0.8235955 0.6477853 0.8507757 0.6039459 0.851732 0.6099404 0.8272468 0.6638339 0.851732 0.6099404 0.8530817 0.6171749 0.8314524 0.677708 0.8413724 0.7000617 0.8361749 0.6896864 0.8548316 0.6254388 0.8530817 0.6171749 0.8548316 0.6254388 0.8361749 0.6896864 0.8551239 0.6259892 0.8583468 0.6314544 0.8413724 0.7000617 0.8583468 0.6314544 0.8683599 0.6464536 0.8470063 0.7091083 0.9030265 0.7676807 0.8594245 0.7243577 0.8847829 0.6664905 0.8945198 0.6750258 0.9041202 0.681301 0.9030265 0.7676807 0.8847829 0.6664905 0.8594245 0.7243577 0.8748954 0.6554217 0.8683599 0.6464536 0.8748954 0.6554217 0.8594245 0.7243577 0.9070801 0.6826574 0.9030265 0.7676807 0.9041202 0.681301 0.9030265 0.7676807 0.9070801 0.6826574 0.9112854 0.7672997 0.9193768 0.7651019 0.9112854 0.7672997 0.9134966 0.6819395 0.9098947 0.6825206 0.9134966 0.6819395 0.9112854 0.7672997 0.9272277 0.7611246 0.9193768 0.7651019 0.9218412 0.6785443 0.9347694 0.7554143 0.9272277 0.7611246 0.9227749 0.6780162 0.9218412 0.6785443 0.9227749 0.6780162 0.9272277 0.7611246 0.9272959 0.6745857 0.9323409 0.6700672 0.9347694 0.7554143 0.9323409 0.6700672 0.9369501 0.6652414 0.9419316 0.7480033 0.9369501 0.6652414 0.9380291 0.663928 0.9486441 0.7389335 0.9548352 0.7282375 0.9486441 0.7389335 0.9410043 0.6596989 0.9410043 0.6596989 0.9445434 0.6539465 0.9548352 0.7282375 0.9445434 0.6539465 0.9476051 0.6482291 0.9604392 0.7159571 0.9476051 0.6482291 0.9502621 0.642498 0.9653813 0.7021388 0.9502621 0.642498 0.9526411 0.6365342 0.9695928 0.6868103 0.9526411 0.6365342 0.9549118 0.629886 0.9730036 0.6700136 0.9549118 0.629886 0.9572906 0.6217011 0.9755464 0.6517858 0.9572906 0.6217011 0.9600101 0.6106761 0.9771465 0.6321641 0.9600101 0.6106761 0.9632725 0.5950723 0.9777365 0.611195 0.9632725 0.5950723 0.9646691 0.5872004 0.977245 0.5889062 0.9756031 0.5653445 0.977245 0.5889062 0.9674748 0.572587 0.9727422 0.540556 0.9674748 0.572587 0.9608948 0.5511776 0.9410043 0.6596989 0.9304024 0.5857235 0.9445434 0.6539465 0.9445434 0.6539465 0.9304024 0.5857235 0.9476051 0.6482291 0.9476051 0.6482291 0.9304024 0.5857235 0.9502621 0.642498 0.9502621 0.642498 0.9304024 0.5857235 0.9526411 0.6365342 0.9526411 0.6365342 0.9304024 0.5857235 0.9549118 0.629886 0.9549118 0.629886 0.9304024 0.5857235 0.9572906 0.6217011 0.9572906 0.6217011 0.9304024 0.5857235 0.9600101 0.6106761 0.9600101 0.6106761 0.9304024 0.5857235 0.9632725 0.5950723 0.9632725 0.5950723 0.9304024 0.5857235 0.9646691 0.5872004 0.9608948 0.5511776 0.9646691 0.5872004 0.9304024 0.5857235 0.9272959 0.6745857 0.9179217 0.5952068 0.9323409 0.6700672 0.9179217 0.5952068 0.9304024 0.5857235 0.9323409 0.6700672 0.9323409 0.6700672 0.9304024 0.5857235 0.9369501 0.6652414 0.9380291 0.663928 0.9369501 0.6652414 0.9304024 0.5857235 0.911629 0.5975857 0.9179217 0.5952068 0.9160022 0.6811259 0.9160022 0.6811259 0.9179217 0.5952068 0.9218412 0.6785443 0.9227749 0.6780162 0.9218412 0.6785443 0.9179217 0.5952068 0.9070801 0.6826574 0.9053078 0.597911 0.9098947 0.6825206 0.9053078 0.597911 0.911629 0.5975857 0.9098947 0.6825206 0.9134966 0.6819395 0.9098947 0.6825206 0.911629 0.5975857 0.9041202 0.681301 0.8945198 0.6750258 0.9053078 0.597911 0.8945198 0.6750258 0.8847829 0.6664905 0.8989614 0.5958294 0.892588 0.590974 0.8847829 0.6664905 0.8861953 0.5829914 0.8551239 0.6259892 0.879783 0.5715287 0.8583468 0.6314544 0.8583468 0.6314544 0.879783 0.5715287 0.8683599 0.6464536 0.879783 0.5715287 0.8861953 0.5829914 0.8683599 0.6464536 0.8748954 0.6554217 0.8683599 0.6464536 0.8861953 0.5829914 0.8457567 0.5136904 0.8781217 0.540542 0.8459917 0.5259228 0.8459917 0.5259228 0.8781217 0.540542 0.8467164 0.5491549 0.8467164 0.5491549 0.8781217 0.540542 0.8475436 0.5672983 0.8781217 0.540542 0.879783 0.5715287 0.8475436 0.5672983 0.8475436 0.5672983 0.879783 0.5715287 0.8483972 0.580891 0.8483972 0.580891 0.879783 0.5715287 0.8492171 0.5907536 0.8492171 0.5907536 0.879783 0.5715287 0.8499886 0.5979996 0.8499886 0.5979996 0.879783 0.5715287 0.8507757 0.6039459 0.8507757 0.6039459 0.879783 0.5715287 0.851732 0.6099404 0.851732 0.6099404 0.879783 0.5715287 0.8530817 0.6171749 0.8548316 0.6254388 0.8530817 0.6171749 0.879783 0.5715287 0.8576067 0.4593693 0.8781217 0.540542 0.8562385 0.4628692 0.8599657 0.4539117 0.8623324 0.4490099 0.8781217 0.540542 0.8562385 0.4628692 0.8781217 0.540542 0.8546956 0.4671111 0.8546956 0.4671111 0.8781217 0.540542 0.8533709 0.4710573 0.8533709 0.4710573 0.8781217 0.540542 0.8521833 0.4749103 0.8521833 0.4749103 0.8781217 0.540542 0.8510578 0.4789079 0.8510578 0.4789079 0.8781217 0.540542 0.8499276 0.4833198 0.8499276 0.4833198 0.8781217 0.540542 0.8487172 0.4885283 0.8487172 0.4885283 0.8781217 0.540542 0.8473632 0.4949564 0.8473632 0.4949564 0.8781217 0.540542 0.8458189 0.5030484 0.8456908 0.5037886 0.8458189 0.5030484 0.8781217 0.540542 0.8623324 0.4490099 0.8646801 0.4448279 0.8781217 0.540542 0.8843038 0.5241264 0.8781217 0.540542 0.8646801 0.4448279 0.8646801 0.4448279 0.8745539 0.4292525 0.8843038 0.5241264 0.8745539 0.4292525 0.8844087 0.4153544 0.8908819 0.5099734 0.8844087 0.4153544 0.9016521 0.394201 0.8977916 0.4977302 0.9016521 0.394201 0.9116978 0.3832754 0.9123252 0.4776625 0.9123252 0.4776625 0.9286732 0.3619281 0.9567116 0.4289497 0.9286732 0.3619281 0.9384226 0.3474323 0.9567116 0.4289497 0.9445744 0.3368503 0.9567116 0.4289497 0.9384226 0.3474323 0.9480866 0.33008 0.9635033 0.419039 0.9445744 0.3368503 0.9567116 0.4289497 0.9445744 0.3368503 0.9635033 0.419039 0.9635033 0.419039 0.9485624 0.3290011 0.969941 0.4077297 0.969941 0.4077297 0.9522117 0.3200518 0.9759557 0.3946965 0.9573175 0.3055708 0.9814775 0.3796098 0.9551493 0.3121194 0.9759557 0.3946965 0.9551493 0.3121194 0.9814775 0.3796098 0.9814775 0.3796098 0.9575057 0.3048878 0.9864361 0.3621346 0.9864361 0.3621346 0.9593381 0.2973119 0.9907671 0.3419415 0.9944006 0.3187003 0.9907671 0.3419415 0.9629313 0.2787027 0.997269 0.2920812 0.9944006 0.3187003 0.9640933 0.2711366 0.9629313 0.2787027 0.9640933 0.2711366 0.9944006 0.3187003 0.96482 0.2647608 0.9666155 0.2456258 0.997269 0.2920812 0.9666155 0.2456258 0.9671118 0.2391999 0.9993008 0.2617495 0.9671118 0.2391999 0.9675281 0.2327119 0.9998447 0.2463234 0.9675281 0.2327119 0.9685115 0.2116263 1 0.2304933 0.9685115 0.2116263 0.9690625 0.1904866 0.9992306 0.1984053 0.994036 0.1378814 0.9971793 0.1670281 0.9691095 0.1829888 0.9690625 0.1904866 0.9691095 0.1829888 0.9971793 0.1670281 0.994036 0.1378814 0.9667533 0.1711595 0.9921132 0.1246299 0.9921132 0.1246299 0.9655484 0.1657375 0.9899873 0.1125121 0.9899873 0.1125121 0.9643297 0.160675 0.9876806 0.1017186 0.9876806 0.1017186 0.9637361 0.1584197 0.9837574 0.08766329 0.9623779 0.1538853 0.9603853 0.1480854 0.9837574 0.08766329 0.9603853 0.1480854 0.9573621 0.1402196 0.9788959 0.07443034 0.9573621 0.1402196 0.953788 0.1317564 0.9731844 0.06207108 0.953788 0.1317564 0.9428594 0.1087661 0.9667109 0.05065011 0.9349442 0.01555138 0.9518293 0.03086119 0.9365568 0.09716081 0.9428594 0.1087661 0.9365568 0.09716081 0.9518293 0.03086119 0.9167593 0.005189895 0.9349442 0.01555138 0.9194064 0.08642274 0.9291393 0.09181821 0.9194064 0.08642274 0.9349442 0.01555138 0.8992157 0.08207887 0.8979753 2.69353e-4 0.9091292 0.08297783 0.8979753 2.69353e-4 0.9167593 0.005189895 0.9091292 0.08297783 0.9133777 0.08402115 0.9091292 0.08297783 0.9167593 0.005189895 0.8967459 0.08222633 0.8960604 0.0823459 0.8979753 2.69353e-4 0.8885752 0 0.8979753 2.69353e-4 0.888764 0.03388035 0.8792885 0.001268386 0.8885752 0 0.8885592 0.03260761 0.888764 0.03388035 0.8885592 0.03260761 0.8885752 0 0.7411143 0.05203425 0.7406911 0.05175095 0.7403294 0.002550721 0.7318709 0.04771715 0.7231676 0.04566347 0.7403294 0.002550721 0.7403294 0.002550721 0.7231676 0.04566347 0.7154051 0.00919044 0.7169337 0.04561686 0.7154051 0.00919044 0.7231676 0.04566347 0.7056751 0.04914426 0.7154051 0.00919044 0.7144625 0.04593932 0.7154051 0.00919044 0.6966853 0.05455929 0.6753109 0.03112602 0.7169337 0.04561686 0.7144625 0.04593932 0.7154051 0.00919044 0.6966853 0.05455929 0.6851234 0.06424528 0.6753109 0.03112602 0.6782255 0.07623022 0.6753109 0.03112602 0.6851234 0.06424528 0.6639998 0.07535946 0.6753109 0.03112602 0.677095 0.07830756 0.6556903 0.0449351 0.6753109 0.03112602 0.6606186 0.06416636 0.6706938 0.09446495 0.6639998 0.07535946 0.677095 0.07830756 0.6782255 0.07623022 0.677095 0.07830756 0.6753109 0.03112602 0.6539498 0.05621188 0.6606186 0.06416636 0.6528457 0.06793481 0.6706938 0.09446495 0.6517969 0.09164065 0.6639998 0.07535946 0.6703803 0.09868603 0.6517969 0.09164065 0.6705423 0.09608393 0.6528457 0.06793481 0.6639998 0.07535946 0.6517969 0.09164065 0.6510351 0.1139339 0.6517969 0.09164065 0.6692399 0.1186444 0.6703803 0.09868603 0.6692399 0.1186444 0.6517969 0.09164065 0.6679859 0.1417472 0.650291 0.1238911 0.6690583 0.1233893 0.6510351 0.1139339 0.6690583 0.1233893 0.650291 0.1238911 0.650291 0.1238911 0.6679717 0.142155 0.649051 0.1326913 0.649051 0.1326913 0.6615661 0.2400572 0.6272996 0.159803 0.6485995 0.2653437 0.6272996 0.159803 0.6615661 0.2400572 0.6272996 0.159803 0.6279652 0.1011648 0.6457254 0.1275386 0.6279652 0.1011648 0.6278558 0.08808946 0.6463977 0.1024109 0.6278558 0.08808946 0.6275938 0.08069348 0.6461257 0.08104687 0.6275938 0.08069348 0.6273752 0.07762205 0.6449156 0.06313043 0.6273752 0.07762205 0.6272173 0.07624721 0.6427763 0.04835951 0.6272173 0.07624721 0.6267307 0.07324445 0.6397165 0.03643691 0.6267307 0.07324445 0.6252436 0.06604921 0.6357411 0.02704197 0.6252436 0.06604921 0.6221892 0.05355632 0.6308616 0.01988643 0.6221892 0.05355632 0.6173402 0.03586 0.6250829 0.01465922 0.6173402 0.03586 0.6118499 0.01728922 0.6184152 0.01106292 0.6485995 0.2653437 0.6111291 0.4928143 0.6272996 0.159803 0.6272996 0.159803 0.6111291 0.4928143 0.6279652 0.1011648 0.6279652 0.1011648 0.6111291 0.4928143 0.6278558 0.08808946 0.6278558 0.08808946 0.6111291 0.4928143 0.6275938 0.08069348 0.6275938 0.08069348 0.6111291 0.4928143 0.6273752 0.07762205 0.6273752 0.07762205 0.6111291 0.4928143 0.6272173 0.07624721 0.6272173 0.07624721 0.6111291 0.4928143 0.6267307 0.07324445 0.6267307 0.07324445 0.6111291 0.4928143 0.6252436 0.06604921 0.6252436 0.06604921 0.6111291 0.4928143 0.6221892 0.05355632 0.6221892 0.05355632 0.6111291 0.4928143 0.6173402 0.03586 0.6173402 0.03586 0.6111291 0.4928143 0.6118499 0.01728922 0.6092122 0.01395303 0.6118499 0.01728922 0.6111291 0.4928143 0.6447932 0.5985354 0.6111291 0.4928143 0.6481328 0.5911449 0.6494978 0.4982128 0.6481328 0.5911449 0.6111291 0.4928143 0.6447932 0.5985354 0.6358172 0.6163474 0.6082038 0.5809424 0.6049275 0.630222 0.6082038 0.5809424 0.6231707 0.6448521 0.6231707 0.6448521 0.6169106 0.6575701 0.6049275 0.630222 0.6028254 0.6512933 0.6049275 0.630222 0.6140967 0.6639317 0.6140967 0.6639317 0.6066754 0.6791633 0.6028254 0.6512933 0.6066754 0.6791633 0.6025387 0.6865697 0.6003887 0.6696652 0.6140967 0.6639317 0.6160278 0.7012373 0.6066754 0.6791633 0.6066754 0.6791633 0.6160278 0.7012373 0.6025387 0.6865697 0.5992503 0.7005637 0.6025387 0.6865697 0.6160278 0.7012373 0.6231707 0.6448521 0.6307899 0.706432 0.6169106 0.6575701 0.6160278 0.7012373 0.6169106 0.6575701 0.6307899 0.706432 0.6358172 0.6163474 0.6447932 0.5985354 0.6539008 0.6135317 0.6307899 0.706432 0.6358172 0.6163474 0.6438101 0.7159571 0.6481328 0.5911449 0.6539008 0.6135317 0.6447932 0.5985354 0.6539008 0.6135317 0.6651422 0.6636214 0.6438101 0.7159571 0.6651422 0.6636214 0.6737086 0.7079741 0.6553572 0.7296221 0.6737086 0.7079741 0.6804227 0.7484369 0.6657075 0.7472273 0.6804227 0.7484369 0.6837464 0.7715044 0.6751346 0.7685821 0.6494978 0.4982128 0.6615661 0.2400572 0.6865352 0.1451995 0.6494978 0.4982128 0.6865352 0.1451995 0.6481328 0.5911449 0.6615661 0.2400572 0.6679717 0.142155 0.6865352 0.1451995 0.6481328 0.5911449 0.6865352 0.1451995 0.6539008 0.6135317 0.6539008 0.6135317 0.6865352 0.1451995 0.6651422 0.6636214 0.6651422 0.6636214 0.6865352 0.1451995 0.6737086 0.7079741 0.6737086 0.7079741 0.6865352 0.1451995 0.6804227 0.7484369 0.6804227 0.7484369 0.6865352 0.1451995 0.6837464 0.7715044 0.6888823 0.7780142 0.6837464 0.7715044 0.6865352 0.1451995 0.6679859 0.1417472 0.6865352 0.1451995 0.6679717 0.142155 0.687209 0.1293041 0.6865352 0.1451995 0.6690583 0.1233893 0.6679859 0.1417472 0.6690583 0.1233893 0.6865352 0.1451995 0.6703803 0.09868603 0.6883221 0.115509 0.6692399 0.1186444 0.687209 0.1293041 0.6692399 0.1186444 0.6883221 0.115509 0.677095 0.07830756 0.6883221 0.115509 0.6706938 0.09446495 0.6705423 0.09608393 0.6706938 0.09446495 0.6883221 0.115509 0.677095 0.07830756 0.6782255 0.07623022 0.6899595 0.1043996 0.6922035 0.09653782 0.6899595 0.1043996 0.6851234 0.06424528 0.6851234 0.06424528 0.6966853 0.05455929 0.6922035 0.09653782 0.6966853 0.05455929 0.7056751 0.04914426 0.6997705 0.08789092 0.7071434 0.08304005 0.7056751 0.04914426 0.7142847 0.08172059 0.7211511 0.08365345 0.7142847 0.08172059 0.7169337 0.04561686 0.7144625 0.04593932 0.7169337 0.04561686 0.7142847 0.08172059 0.7211511 0.08365345 0.7231676 0.04566347 0.7277037 0.08857411 0.7277037 0.08857411 0.7318709 0.04771715 0.7338992 0.09621268 0.7478435 0.05733883 0.7397004 0.1062953 0.7411143 0.05203425 0.7411143 0.05203425 0.7397004 0.1062953 0.7406911 0.05175095 0.7338992 0.09621268 0.7406911 0.05175095 0.7397004 0.1062953 0.7397004 0.1062953 0.7495123 0.05886989 0.7450639 0.118557 0.7651575 0.07888275 0.7499477 0.1327332 0.7607256 0.07206773 0.7607256 0.07206773 0.7499477 0.1327332 0.7583224 0.06884121 0.7450639 0.118557 0.7583224 0.06884121 0.7499477 0.1327332 0.7738993 0.09851622 0.7543146 0.1485403 0.7724466 0.09406882 0.7724466 0.09406882 0.7543146 0.1485403 0.7711776 0.09081792 0.7711776 0.09081792 0.7543146 0.1485403 0.7687714 0.08551067 0.7687714 0.08551067 0.7543146 0.1485403 0.7669549 0.08197093 0.7499477 0.1327332 0.7669549 0.08197093 0.7543146 0.1485403 0.775873 0.1073359 0.7543146 0.1485403 0.7749195 0.1025227 0.7768729 0.1135097 0.7779312 0.1215428 0.7543146 0.1485403 0.7744053 0.1003929 0.7749195 0.1025227 0.7543146 0.1485403 0.7779312 0.1215428 0.7784865 0.126769 0.7543146 0.1485403 0.7581198 0.165718 0.7543146 0.1485403 0.7784865 0.126769 0.7784865 0.126769 0.7789096 0.1315809 0.7581198 0.165718 0.7796938 0.1434373 0.7802636 0.15573 0.7581198 0.165718 0.7613245 0.1839874 0.7581198 0.165718 0.7802636 0.15573 0.7802636 0.15573 0.7802972 0.1568755 0.7613245 0.1839874 0.7804552 0.1713627 0.7803561 0.1848529 0.7613245 0.1839874 0.7638881 0.2030982 0.7613245 0.1839874 0.7803561 0.1848529 0.7803561 0.1848529 0.780311 0.1866989 0.7638881 0.2030982 0.7796362 0.2022567 0.778952 0.2129893 0.7638881 0.2030982 0.7657691 0.222757 0.7638881 0.2030982 0.778952 0.2129893 0.778952 0.2129893 0.7785372 0.2180188 0.7657691 0.222757 0.7768787 0.2336657 0.7761325 0.2392579 0.7657691 0.222757 0.7669269 0.2427086 0.7657691 0.222757 0.7761325 0.2392579 0.7761325 0.2392579 0.7745614 0.2493234 0.7669269 0.2427086 0.7673214 0.2626835 0.7669269 0.2427086 0.7720088 0.2627068 0.7720088 0.2627068 0.7713947 0.2655082 0.7673214 0.2626835 0.7720088 0.2627068 0.7783096 0.2695833 0.7713947 0.2655082 0.7728013 0.2776216 0.7713947 0.2655082 0.7783096 0.2695833 0.7761325 0.2392579 0.7833832 0.2586596 0.7745614 0.2493234 0.7783096 0.2695833 0.7745614 0.2493234 0.7833832 0.2586596 0.7833832 0.2586596 0.7768787 0.2336657 0.7879668 0.2452362 0.778952 0.2129893 0.7920155 0.2296894 0.7785372 0.2180188 0.7879668 0.2452362 0.7785372 0.2180188 0.7920155 0.2296894 0.7920155 0.2296894 0.7796362 0.2022567 0.7954771 0.2124187 0.7803561 0.1848529 0.7983022 0.1938053 0.780311 0.1866989 0.7954771 0.2124187 0.780311 0.1866989 0.7983022 0.1938053 0.7983022 0.1938053 0.7804552 0.1713627 0.8004401 0.1742302 0.7802636 0.15573 0.8018414 0.1540834 0.7802972 0.1568755 0.8004401 0.1742302 0.7802972 0.1568755 0.8018414 0.1540834 0.8018414 0.1540834 0.7796938 0.1434373 0.8024555 0.1337507 0.7784865 0.126769 0.8022329 0.113618 0.7789096 0.1315809 0.8024555 0.1337507 0.7789096 0.1315809 0.8022329 0.113618 0.8022329 0.113618 0.7779312 0.1215428 0.8011244 0.09407073 0.8011244 0.09407073 0.7768729 0.1135097 0.7990791 0.07549446 0.7990791 0.07549446 0.775873 0.1073359 0.7960463 0.05827486 0.7919797 0.04279321 0.7960463 0.05827486 0.7744053 0.1003929 0.7749195 0.1025227 0.7744053 0.1003929 0.7960463 0.05827486 0.7738993 0.09851622 0.7724466 0.09406882 0.7919797 0.04279321 0.7724466 0.09406882 0.7711776 0.09081792 0.7868239 0.02944874 0.7711776 0.09081792 0.7687714 0.08551067 0.7819101 0.02076917 0.7687714 0.08551067 0.7669549 0.08197093 0.7762867 0.01392972 0.7700315 0.00878632 0.7762867 0.01392972 0.7651575 0.07888275 0.7651575 0.07888275 0.7607256 0.07206773 0.7700315 0.00878632 0.7607256 0.07206773 0.7583224 0.06884121 0.7632263 0.005208432 0.7632263 0.005208432 0.7495123 0.05886989 0.7482953 0.002225518 0.7478435 0.05733883 0.7482953 0.002225518 0.7495123 0.05886989 0.7478435 0.05733883 0.7411143 0.05203425 0.7482953 0.002225518 0.5560232 0.09874969 0.5471757 0.04128307 0.5586839 0.07208991 0.5571825 0.03647869 0.5586839 0.07208991 0.5471757 0.04128307 0.5383597 0.04793202 0.5471757 0.04128307 0.5504255 0.1047837 0.5511632 0.1038934 0.5504255 0.1047837 0.5471757 0.04128307 0.5409057 0.120422 0.5304371 0.05693203 0.5447529 0.1135883 0.5383597 0.04793202 0.5447529 0.1135883 0.5304371 0.05693203 0.5304371 0.05693203 0.5397678 0.1228658 0.5231075 0.06877112 0.5248632 0.1655237 0.5195713 0.07591259 0.5325036 0.1414303 0.5325036 0.1414303 0.5195713 0.07591259 0.5352978 0.133852 0.5231075 0.06877112 0.5352978 0.133852 0.5195713 0.07591259 0.5240889 0.168295 0.5030287 0.1425835 0.5195713 0.07591259 0.5195713 0.07591259 0.5030287 0.1425835 0.489808 0.04988819 0.4845064 0.1230287 0.489808 0.04988819 0.5030287 0.1425835 0.4845064 0.1230287 0.4736744 0.1135271 0.489808 0.04988819 0.4736744 0.1135271 0.4636904 0.1062192 0.4765443 0.04283493 0.4531096 0.04051184 0.464322 0.03971731 0.4631303 0.1059039 0.4636904 0.1062192 0.4631303 0.1059039 0.464322 0.03971731 0.4531096 0.04051184 0.4550766 0.1128838 0.4428802 0.0451861 0.4444245 0.1253131 0.4336085 0.05372142 0.4482001 0.1202905 0.4428802 0.0451861 0.4482001 0.1202905 0.4336085 0.05372142 0.4336085 0.05372142 0.4427849 0.1281146 0.425266 0.06609022 0.4349725 0.1454423 0.4178215 0.08226412 0.4385127 0.1368389 0.425266 0.06609022 0.4385127 0.1368389 0.4178215 0.08226412 0.4178215 0.08226412 0.4347843 0.1459906 0.4112495 0.1022111 0.4314536 0.1574162 0.4279886 0.1713013 0.4112495 0.1022111 0.4006137 0.1533539 0.4055245 0.1259217 0.4278493 0.1719449 0.4279886 0.1713013 0.4278493 0.1719449 0.4055245 0.1259217 0.3964918 0.184494 0.4006137 0.1533539 0.422779 0.2013175 0.4246624 0.1894151 0.422779 0.2013175 0.4006137 0.1533539 0.3931318 0.2193093 0.3964918 0.184494 0.4190781 0.2316095 0.4213552 0.2119393 0.4190781 0.2316095 0.3964918 0.184494 0.3885841 0.2998545 0.3931318 0.2193093 0.4164548 0.263833 0.418456 0.2379748 0.4164548 0.263833 0.3931318 0.2193093 0.4117075 0.3912891 0.386745 0.3948035 0.4131932 0.3249419 0.386745 0.3948035 0.3885841 0.2998545 0.4131932 0.3249419 0.4138203 0.3090791 0.4131932 0.3249419 0.3885841 0.2998545 0.386745 0.3948035 0.4116836 0.3970726 0.3867734 0.4476097 0.3867734 0.4476097 0.4126004 0.5548841 0.3760782 0.5011504 0.4049991 0.5731974 0.3760782 0.5011504 0.4126004 0.5548841 0.3760782 0.5011504 0.3726227 0.4934683 0.3805838 0.4419271 0.3691831 0.4376245 0.3747243 0.4386561 0.3705239 0.4893605 0.3726227 0.4934683 0.3705239 0.4893605 0.3747243 0.4386561 0.3691831 0.4376245 0.3692174 0.4901266 0.3639482 0.4386653 0.3639482 0.4386653 0.366149 0.4925448 0.3590165 0.4415972 0.3590165 0.4415972 0.3634234 0.4952662 0.3543762 0.4462389 0.3543762 0.4462389 0.3608671 0.498367 0.3500212 0.4524139 0.358357 0.5019475 0.3557947 0.5061416 0.3500212 0.4524139 0.3557947 0.5061416 0.3531271 0.5110408 0.3459471 0.4599505 0.3531271 0.5110408 0.3526012 0.5121067 0.3421404 0.4686624 0.3385981 0.478378 0.3421404 0.4686624 0.3460794 0.5027707 0.3526012 0.5121067 0.3492301 0.5282312 0.3460794 0.5027707 0.3353129 0.488916 0.3460794 0.5027707 0.3351202 0.5297532 0.3492301 0.5282312 0.3476123 0.5368739 0.3351202 0.5297532 0.3476123 0.5368739 0.3461311 0.5455824 0.3354414 0.5416154 0.3461311 0.5455824 0.3449022 0.5538493 0.3360285 0.5525669 0.3449022 0.5538493 0.3438495 0.5623931 0.3369294 0.5626031 0.3438495 0.5623931 0.3428809 0.5726136 0.3381873 0.5716914 0.3692174 0.4901266 0.3635269 0.5560098 0.366149 0.4925448 0.366149 0.4925448 0.3635269 0.5560098 0.3634234 0.4952662 0.3634234 0.4952662 0.3635269 0.5560098 0.3608671 0.498367 0.3608671 0.498367 0.3635269 0.5560098 0.358357 0.5019475 0.358357 0.5019475 0.3635269 0.5560098 0.3557947 0.5061416 0.3557947 0.5061416 0.3635269 0.5560098 0.3531271 0.5110408 0.3531271 0.5110408 0.3635269 0.5560098 0.3526012 0.5121067 0.3526012 0.5121067 0.3635269 0.5560098 0.3492301 0.5282312 0.3492301 0.5282312 0.3635269 0.5560098 0.3476123 0.5368739 0.3476123 0.5368739 0.3635269 0.5560098 0.3461311 0.5455824 0.3461311 0.5455824 0.3635269 0.5560098 0.3449022 0.5538493 0.3449022 0.5538493 0.3635269 0.5560098 0.3438495 0.5623931 0.3438495 0.5623931 0.3635269 0.5560098 0.3428809 0.5726136 0.3419507 0.5869827 0.3428809 0.5726136 0.3635269 0.5560098 0.4049991 0.5731974 0.3635269 0.5560098 0.3760782 0.5011504 0.3884317 0.6954014 0.3635269 0.5560098 0.4068748 0.594209 0.3760782 0.5011504 0.3635269 0.5560098 0.3726227 0.4934683 0.3705239 0.4893605 0.3726227 0.4934683 0.3635269 0.5560098 0.4116836 0.3970726 0.4365905 0.3930099 0.4126004 0.5548841 0.4365905 0.3930099 0.4398832 0.6902393 0.4126004 0.5548841 0.4398832 0.6902393 0.4068748 0.594209 0.4126004 0.5548841 0.4049991 0.5731974 0.4126004 0.5548841 0.4068748 0.594209 0.4365905 0.3930099 0.4117075 0.3912891 0.4380606 0.3351856 0.441204 0.2827931 0.4380606 0.3351856 0.4138203 0.3090791 0.4131932 0.3249419 0.4138203 0.3090791 0.4380606 0.3351856 0.4435301 0.259287 0.441204 0.2827931 0.418456 0.2379748 0.4164548 0.263833 0.418456 0.2379748 0.441204 0.2827931 0.44643 0.2379275 0.4435301 0.259287 0.4213552 0.2119393 0.4190781 0.2316095 0.4213552 0.2119393 0.4435301 0.259287 0.4499542 0.2189655 0.44643 0.2379275 0.4246624 0.1894151 0.422779 0.2013175 0.4246624 0.1894151 0.44643 0.2379275 0.4347843 0.1459906 0.4541524 0.2026753 0.4314536 0.1574162 0.4541524 0.2026753 0.4499542 0.2189655 0.4314536 0.1574162 0.4314536 0.1574162 0.4499542 0.2189655 0.4279886 0.1713013 0.4278493 0.1719449 0.4279886 0.1713013 0.4499542 0.2189655 0.4349725 0.1454423 0.4385127 0.1368389 0.4541524 0.2026753 0.4541524 0.2026753 0.4427849 0.1281146 0.4590811 0.1893122 0.4444245 0.1253131 0.4590811 0.1893122 0.4427849 0.1281146 0.4647851 0.1791368 0.4590811 0.1893122 0.4550766 0.1128838 0.4550766 0.1128838 0.4590811 0.1893122 0.4482001 0.1202905 0.4444245 0.1253131 0.4482001 0.1202905 0.4590811 0.1893122 0.4813894 0.1997899 0.4647851 0.1791368 0.4845064 0.1230287 0.4845064 0.1230287 0.4647851 0.1791368 0.4736744 0.1135271 0.4736744 0.1135271 0.4647851 0.1791368 0.4636904 0.1062192 0.4631303 0.1059039 0.4636904 0.1062192 0.4647851 0.1791368 0.5146321 0.1879641 0.4813894 0.1997899 0.5148596 0.1814739 0.4813894 0.1997899 0.5139943 0.2229747 0.4843729 0.2415423 0.5030287 0.1425835 0.5148596 0.1814739 0.4813894 0.1997899 0.5139782 0.2264962 0.4843729 0.2415423 0.5139943 0.2229747 0.4859325 0.287444 0.4843729 0.2415423 0.5132714 0.2574573 0.5139782 0.2264962 0.5132714 0.2574573 0.4843729 0.2415423 0.5116906 0.3881638 0.4862015 0.3880801 0.512223 0.3209631 0.4862015 0.3880801 0.4859325 0.287444 0.512223 0.3209631 0.5130932 0.2826418 0.512223 0.3209631 0.4859325 0.287444 0.511694 0.3886073 0.5122339 0.5721387 0.4862015 0.3880801 0.5128424 0.6108294 0.5110645 0.6166874 0.4849122 0.5736429 0.4858564 0.6244465 0.4849122 0.5736429 0.5110645 0.6166874 0.5110645 0.6166874 0.4968357 0.6675888 0.4858564 0.6244465 0.5110645 0.6166874 0.541143 0.6954014 0.4968357 0.6675888 0.4896929 0.6954014 0.4968357 0.6675888 0.541143 0.6954014 0.511694 0.3886073 0.5372079 0.3888654 0.5122339 0.5721387 0.5372079 0.3888654 0.541143 0.6954014 0.5122339 0.5721387 0.5128424 0.6108294 0.5122339 0.5721387 0.541143 0.6954014 0.5372079 0.3888654 0.5116906 0.3881638 0.5383104 0.3293869 0.5409532 0.2747455 0.5383104 0.3293869 0.5130932 0.2826418 0.512223 0.3209631 0.5130932 0.2826418 0.5383104 0.3293869 0.5139782 0.2264962 0.5429747 0.2498176 0.5132714 0.2574573 0.5409532 0.2747455 0.5132714 0.2574573 0.5429747 0.2498176 0.5429747 0.2498176 0.5139943 0.2229747 0.5455279 0.2267761 0.5240889 0.168295 0.5455279 0.2267761 0.5148596 0.1814739 0.5486608 0.205858 0.5455279 0.2267761 0.5248632 0.1655237 0.5146321 0.1879641 0.5148596 0.1814739 0.5455279 0.2267761 0.5248632 0.1655237 0.5325036 0.1414303 0.5486608 0.205858 0.5325036 0.1414303 0.5352978 0.133852 0.5524227 0.1872819 0.5397678 0.1228658 0.5409057 0.120422 0.5524227 0.1872819 0.5568643 0.1712843 0.5524227 0.1872819 0.5409057 0.120422 0.5409057 0.120422 0.5447529 0.1135883 0.5568643 0.1712843 0.562032 0.1580792 0.5568643 0.1712843 0.5504255 0.1047837 0.5504255 0.1047837 0.5511632 0.1038934 0.562032 0.1580792 0.5560232 0.09874969 0.5613973 0.1008682 0.562032 0.1580792 0.5679751 0.147913 0.562032 0.1580792 0.5613973 0.1008682 0.5613973 0.1008682 0.5722845 0.1083967 0.5679751 0.147913 0.5722845 0.1083967 0.5819629 0.1178988 0.5747444 0.1409944 0.5819629 0.1178988 0.5863449 0.1233846 0.5823846 0.1375608 0.5722845 0.1083967 0.5613973 0.1008682 0.5586839 0.07208991 0.5722845 0.1083967 0.5627267 0.03461545 0.5819629 0.1178988 0.5560232 0.09874969 0.5586839 0.07208991 0.5613973 0.1008682 0.5819629 0.1178988 0.5627267 0.03461545 0.5863449 0.1233846 0.5909437 0.117205 0.5863449 0.1233846 0.5627267 0.03461545 0.1629705 0.05089181 0.170303 0.04721188 0.1705601 0.0994749 0.1717587 0.09893643 0.1705601 0.0994749 0.170303 0.04721188 0.1560339 0.05764764 0.1629705 0.05089181 0.1635864 0.1049432 0.1668463 0.1019744 0.1635864 0.1049432 0.1629705 0.05089181 0.1560339 0.05764764 0.1622115 0.1066266 0.1495634 0.06722378 0.1436188 0.07936489 0.1495634 0.06722378 0.1571955 0.1142545 0.1578623 0.1130838 0.1571955 0.1142545 0.1495634 0.06722378 0.1382659 0.0938059 0.1436188 0.07936489 0.1518048 0.1267486 0.1538779 0.1215274 0.1518048 0.1267486 0.1436188 0.07936489 0.1335703 0.1103051 0.1382659 0.0938059 0.1476441 0.1404185 0.1502481 0.1314483 0.1476441 0.1404185 0.1382659 0.0938059 0.1295962 0.128598 0.1335703 0.1103051 0.1445882 0.1537749 0.147041 0.1427781 0.1445882 0.1537749 0.1335703 0.1103051 0.1442741 0.1552898 0.1418813 0.1686607 0.1295962 0.128598 0.1418813 0.1686607 0.1397376 0.1827574 0.1264051 0.1484287 0.1226402 0.1916913 0.1240655 0.1695466 0.1380096 0.1964244 0.1397376 0.1827574 0.1380096 0.1964244 0.1240655 0.1695466 0.1226402 0.1916913 0.1380146 0.1978961 0.1221935 0.2146119 0.1221935 0.2146119 0.138429 0.2141485 0.1227896 0.2380529 0.1227896 0.2380529 0.1392107 0.230359 0.1244943 0.2617495 0.1404161 0.2471608 0.1412061 0.2555207 0.1244943 0.2617495 0.1412061 0.2555207 0.1421571 0.2637044 0.1261869 0.2760418 0.1421571 0.2637044 0.1433218 0.272221 0.1283189 0.2889356 0.1336106 0.3114566 0.1308183 0.3006583 0.1444659 0.2796253 0.1433218 0.272221 0.1444659 0.2796253 0.1308183 0.3006583 0.1336106 0.3114566 0.1446985 0.2802861 0.1493931 0.3598347 0.1750224 0.890379 0.1723753 0.9227354 0.1477348 0.8657845 0.1750224 0.890379 0.1477348 0.8657845 0.176757 0.3666282 0.1683887 0.9335688 0.1477348 0.8657845 0.1723753 0.9227354 0.176757 0.3666282 0.1477348 0.8657845 0.1747986 0.3614411 0.1477348 0.8657845 0.1493931 0.3598347 0.1747986 0.3614411 0.1747986 0.3614411 0.1493931 0.3598347 0.1672452 0.3377091 0.1671369 0.337072 0.1672452 0.3377091 0.1493931 0.3598347 0.1249126 0.86269 0.1477348 0.8657845 0.1350291 0.9248353 0.1683887 0.9335688 0.1350291 0.9248353 0.1477348 0.8657845 0.1029449 0.8537642 0.1249126 0.86269 0.1022211 0.9054406 0.1233389 0.9189692 0.1022211 0.9054406 0.1249126 0.86269 0.1001846 0.9038613 0.07843369 0.8841028 0.1029449 0.8537642 0.06228148 0.822048 0.08200812 0.8399181 0.07561284 0.8811838 0.05813646 0.8604994 0.06228148 0.822048 0.05860066 0.8611219 0.07843369 0.8841028 0.07561284 0.8811838 0.08200812 0.8399181 0.03816998 0.7935193 0.06228148 0.822048 0.04277324 0.8375844 0.05813646 0.8604994 0.04277324 0.8375844 0.06228148 0.822048 0.03399491 0.8224248 0.02837753 0.8113358 0.03816998 0.7935193 0.02219378 0.797499 0.01626342 0.7828629 0.03816998 0.7935193 0.01626342 0.7828629 0.01066166 0.7674109 0.03816998 0.7935193 0.01066166 0.7674109 0.005285143 0.7506009 0.03816998 0.7935193 0 0.7315875 0.03816998 0.7935193 0.005285143 0.7506009 0.002544224 0.7542619 0.005285143 0.7506009 0.00611788 0.7758443 0.00611788 0.7758443 0.01066166 0.7674109 0.01062971 0.7963303 0.01062971 0.7963303 0.01626342 0.7828629 0.01599168 0.8157289 0.01599168 0.8157289 0.02219378 0.797499 0.02211552 0.8340682 0.03629946 0.8676198 0.02211552 0.8340682 0.03399491 0.8224248 0.02837753 0.8113358 0.03399491 0.8224248 0.02211552 0.8340682 0.05813646 0.8604994 0.05247789 0.8971569 0.04277324 0.8375844 0.03629946 0.8676198 0.04277324 0.8375844 0.05247789 0.8971569 0.05247789 0.8971569 0.05860066 0.8611219 0.06994867 0.9228329 0.1001846 0.9038613 0.09704214 0.9544376 0.07843369 0.8841028 0.09704214 0.9544376 0.06994867 0.9228329 0.07843369 0.8841028 0.07561284 0.8811838 0.07843369 0.8841028 0.06994867 0.9228329 0.1311321 0.984509 0.09704214 0.9544376 0.1233389 0.9189692 0.1022211 0.9054406 0.1233389 0.9189692 0.09704214 0.9544376 0.1709693 1 0.1311321 0.984509 0.1683887 0.9335688 0.1350291 0.9248353 0.1683887 0.9335688 0.1311321 0.984509 0.2147657 0.9984574 0.1709693 1 0.1962797 0.9315754 0.1709693 1 0.1723753 0.9227354 0.1962797 0.9315754 0.1772705 0.9074937 0.1962797 0.9315754 0.1723753 0.9227354 0.246758 0.9898477 0.2147657 0.9984574 0.2290104 0.9231373 0.2136596 0.9280518 0.2290104 0.9231373 0.2147657 0.9984574 0.2698683 0.8985557 0.2768933 0.9733809 0.2531823 0.9109834 0.2768933 0.9733809 0.246758 0.9898477 0.2531823 0.9109834 0.2436748 0.9165709 0.2531823 0.9109834 0.246758 0.9898477 0.2856261 0.8815246 0.2954562 0.9573881 0.2713598 0.8971674 0.2768933 0.9733809 0.2713598 0.8971674 0.2954562 0.9573881 0.3124473 0.9369253 0.2954562 0.9573881 0.2940397 0.8693279 0.2871639 0.8795281 0.2940397 0.8693279 0.2954562 0.9573881 0.3099138 0.838415 0.327568 0.9116025 0.3020591 0.8555956 0.327568 0.9116025 0.3124473 0.9369253 0.3020591 0.8555956 0.3007688 0.8580848 0.3020591 0.8555956 0.3124473 0.9369253 0.327568 0.9116025 0.3120594 0.8329972 0.3343328 0.896999 0.3175396 0.817088 0.3405194 0.8810293 0.3159829 0.821891 0.3343328 0.896999 0.3159829 0.821891 0.3405194 0.8810293 0.3405194 0.8810293 0.3195801 0.8096823 0.346089 0.8636565 0.3247413 0.7880728 0.3510013 0.84482 0.3225544 0.7977994 0.346089 0.8636565 0.3225544 0.7977994 0.3510013 0.84482 0.3510013 0.84482 0.3250489 0.7862976 0.3552248 0.8244735 0.3552248 0.8244735 0.3267856 0.7748426 0.3586191 0.8025889 0.3608601 0.7805976 0.3586191 0.8025889 0.3288795 0.7568668 0.3620135 0.7585831 0.3608601 0.7805976 0.3292436 0.7521332 0.3288795 0.7568668 0.3292436 0.7521332 0.3608601 0.7805976 0.3293573 0.7494231 0.3295039 0.7416173 0.3620135 0.7585831 0.3295039 0.7416173 0.3294763 0.7326638 0.3621435 0.7365964 0.3294763 0.7326638 0.3292284 0.721943 0.3613142 0.7147026 0.3292284 0.721943 0.328969 0.71566 0.3595932 0.6929853 0.357043 0.6714865 0.3595932 0.6929853 0.3284838 0.7093438 0.3284838 0.7093438 0.327141 0.6950312 0.357043 0.6714865 0.327141 0.6950312 0.3257644 0.6824288 0.3537308 0.6502897 0.3497194 0.6294553 0.3537308 0.6502897 0.3254745 0.6804509 0.339865 0.58912 0.3497194 0.6294553 0.3210611 0.6542485 0.3254745 0.6804509 0.3210611 0.6542485 0.3497194 0.6294553 0.3101985 0.6100661 0.3280028 0.551015 0.315765 0.6304866 0.3280028 0.551015 0.339865 0.58912 0.315765 0.6304866 0.3190786 0.6446292 0.315765 0.6304866 0.339865 0.58912 0.314648 0.5156746 0.3280028 0.551015 0.3042732 0.5925841 0.3101979 0.6100649 0.3042732 0.5925841 0.3280028 0.551015 0.3003236 0.4836052 0.314648 0.5156746 0.2920504 0.562712 0.2920504 0.562712 0.314648 0.5156746 0.2982741 0.5767195 0.2988919 0.5782359 0.2982741 0.5767195 0.314648 0.5156746 0.2862381 0.5505881 0.285458 0.5491138 0.3003236 0.4836052 0.3003236 0.4836052 0.2728729 0.5276742 0.2781587 0.4428053 0.2654823 0.5165858 0.2781587 0.4428053 0.2728729 0.5276742 0.2589869 0.5080716 0.2781587 0.4428053 0.2599154 0.5091462 0.2636909 0.4212321 0.2781587 0.4428053 0.2545509 0.4868372 0.2654823 0.5165858 0.2599154 0.5091462 0.2781587 0.4428053 0.2545509 0.4868372 0.2455183 0.4470151 0.2636909 0.4212321 0.2455183 0.4470151 0.2365406 0.4111392 0.2500747 0.4047746 0.2365406 0.4111392 0.2332119 0.3990567 0.2378314 0.3939625 0.2455183 0.4470151 0.2545509 0.4868372 0.2436626 0.545598 0.2455183 0.4470151 0.2323948 0.576663 0.2365406 0.4111392 0.2589869 0.5080716 0.2436626 0.545598 0.2545509 0.4868372 0.2365406 0.4111392 0.2323948 0.576663 0.2332119 0.3990567 0.2307335 0.3959882 0.2332119 0.3990567 0.2323948 0.576663 0.2589869 0.5080716 0.2515029 0.5894452 0.2436626 0.545598 0.241284 0.5808076 0.2436626 0.545598 0.2515029 0.5894452 0.2622761 0.6022321 0.2515029 0.5894452 0.2654823 0.5165858 0.2599154 0.5091462 0.2654823 0.5165858 0.2515029 0.5894452 0.2728729 0.5276742 0.285458 0.5491138 0.2622761 0.6022321 0.2920504 0.562712 0.2728386 0.618829 0.2862381 0.5505881 0.285458 0.5491138 0.2862381 0.5505881 0.2728386 0.618829 0.2777972 0.6284471 0.2920504 0.562712 0.2824136 0.6388921 0.2865923 0.6501178 0.2824136 0.6388921 0.2988919 0.5782359 0.2982741 0.5767195 0.2988919 0.5782359 0.2824136 0.6388921 0.3101979 0.6100649 0.2902347 0.6620915 0.3042732 0.5925841 0.2865923 0.6501178 0.3042732 0.5925841 0.2902347 0.6620915 0.2902347 0.6620915 0.3101985 0.6100661 0.2932481 0.6747529 0.3190786 0.6446292 0.2955338 0.6880741 0.315765 0.6304866 0.2932481 0.6747529 0.315765 0.6304866 0.2955338 0.6880741 0.3254745 0.6804509 0.296995 0.702004 0.3210611 0.6542485 0.2955338 0.6880741 0.3210611 0.6542485 0.296995 0.702004 0.3284838 0.7093438 0.2975358 0.71651 0.327141 0.6950312 0.327141 0.6950312 0.2975358 0.71651 0.3257644 0.6824288 0.296995 0.702004 0.3257644 0.6824288 0.2975358 0.71651 0.3293573 0.7494231 0.2970607 0.7315317 0.3295039 0.7416173 0.3295039 0.7416173 0.2970607 0.7315317 0.3294763 0.7326638 0.3294763 0.7326638 0.2970607 0.7315317 0.3292284 0.721943 0.3292284 0.721943 0.2970607 0.7315317 0.328969 0.71566 0.2975358 0.71651 0.328969 0.71566 0.2970607 0.7315317 0.2954741 0.7470461 0.2970607 0.7315317 0.3267856 0.7748426 0.3247413 0.7880728 0.2954741 0.7470461 0.3250489 0.7862976 0.3267856 0.7748426 0.2970607 0.7315317 0.3280662 0.7648323 0.3280662 0.7648323 0.2970607 0.7315317 0.3288795 0.7568668 0.3292436 0.7521332 0.3288795 0.7568668 0.2970607 0.7315317 0.3247413 0.7880728 0.3225544 0.7977994 0.2954741 0.7470461 0.2954741 0.7470461 0.3195801 0.8096823 0.2926355 0.7618077 0.3175396 0.817088 0.2926355 0.7618077 0.3195801 0.8096823 0.3175396 0.817088 0.3159829 0.821891 0.2926355 0.7618077 0.3120594 0.8329972 0.3099138 0.838415 0.2926355 0.7618077 0.2889767 0.7752962 0.2926355 0.7618077 0.3099138 0.838415 0.3099138 0.838415 0.3020591 0.8555956 0.2889767 0.7752962 0.3020591 0.8555956 0.3007688 0.8580848 0.2845814 0.7875765 0.2795302 0.7987093 0.2845814 0.7875765 0.2940397 0.8693279 0.2739083 0.8087362 0.2795302 0.7987093 0.2871639 0.8795281 0.2940397 0.8693279 0.2871639 0.8795281 0.2795302 0.7987093 0.2612677 0.8257141 0.2739083 0.8087362 0.2713598 0.8971674 0.2856261 0.8815246 0.2713598 0.8971674 0.2739083 0.8087362 0.2698683 0.8985557 0.2531823 0.9109834 0.2612677 0.8257141 0.225376 0.8527607 0.2473198 0.8389516 0.2436748 0.9165709 0.2531823 0.9109834 0.2436748 0.9165709 0.2473198 0.8389516 0.2041703 0.8606362 0.225376 0.8527607 0.2136596 0.9280518 0.2290104 0.9231373 0.2136596 0.9280518 0.225376 0.8527607 0.2025075 0.8554695 0.2041703 0.8606362 0.1772705 0.9074937 0.1962797 0.9315754 0.1772705 0.9074937 0.2041703 0.8606362 0.2041658 0.359844 0.2025075 0.8554695 0.176757 0.3666282 0.184416 0.3376779 0.2041658 0.359844 0.1818975 0.3478594 0.1750224 0.890379 0.176757 0.3666282 0.2025075 0.8554695 0.225745 0.2772313 0.2041658 0.359844 0.2070271 0.278044 0.2070271 0.278044 0.2041658 0.359844 0.1950792 0.3126772 0.1950792 0.3126772 0.2041658 0.359844 0.1911783 0.3227477 0.1911783 0.3227477 0.2041658 0.359844 0.1867361 0.3329591 0.184416 0.3376779 0.1867361 0.3329591 0.2041658 0.359844 0.225745 0.2772313 0.2109951 0.2525222 0.228119 0.2538554 0.2293455 0.2309393 0.228119 0.2538554 0.2129015 0.2261056 0.2129015 0.2261056 0.2134938 0.2109649 0.2293455 0.2309393 0.2287091 0.1871656 0.2295144 0.2086599 0.2137071 0.1980477 0.2134938 0.2109649 0.2137071 0.1980477 0.2295144 0.2086599 0.2287091 0.1871656 0.2134948 0.1959439 0.2270149 0.1666054 0.2270149 0.1666054 0.21176 0.182088 0.2245169 0.1471557 0.2213034 0.1289604 0.2245169 0.1471557 0.2095934 0.1677888 0.2097706 0.1688052 0.2095934 0.1677888 0.2245169 0.1471557 0.2174564 0.1121776 0.2213034 0.1289604 0.2069106 0.1539629 0.2073834 0.1561495 0.2069106 0.1539629 0.2213034 0.1289604 0.2130655 0.09697473 0.2174564 0.1121776 0.2036905 0.140968 0.2045807 0.1442682 0.2036905 0.140968 0.2174564 0.1121776 0.208213 0.08350485 0.2130655 0.09697473 0.1999417 0.1291231 0.2013911 0.1333975 0.1999417 0.1291231 0.2130655 0.09697473 0.2029855 0.07192134 0.208213 0.08350485 0.1957658 0.1188011 0.1978816 0.1237403 0.1957658 0.1188011 0.208213 0.08350485 0.1974682 0.06239169 0.2029855 0.07192134 0.191276 0.1101178 0.1941553 0.1154342 0.191276 0.1101178 0.2029855 0.07192134 0.1903253 0.1085187 0.1864957 0.1029368 0.1974682 0.06239169 0.1864957 0.1029368 0.1827835 0.09837412 0.1917477 0.05506426 0.1779717 0.04686337 0.1859077 0.05009728 0.1822062 0.09780174 0.1827835 0.09837412 0.1822062 0.09780174 0.1859077 0.05009728 0.1779717 0.04686337 0.1770238 0.0977751 0.170303 0.04721188 0.1446985 0.2802861 0.1576877 0.2514439 0.1671369 0.337072 0.1576877 0.2514439 0.1726276 0.2824167 0.1671369 0.337072 0.1672452 0.3377091 0.1671369 0.337072 0.1726276 0.2824167 0.1380146 0.1978961 0.1543651 0.2049707 0.138429 0.2141485 0.138429 0.2141485 0.1543651 0.2049707 0.1392107 0.230359 0.1392107 0.230359 0.1543651 0.2049707 0.1404161 0.2471608 0.1543651 0.2049707 0.1576877 0.2514439 0.1404161 0.2471608 0.1404161 0.2471608 0.1576877 0.2514439 0.1412061 0.2555207 0.1412061 0.2555207 0.1576877 0.2514439 0.1421571 0.2637044 0.1421571 0.2637044 0.1576877 0.2514439 0.1433218 0.272221 0.1444659 0.2796253 0.1433218 0.272221 0.1576877 0.2514439 0.1442741 0.1552898 0.1587291 0.1829188 0.1418813 0.1686607 0.1587291 0.1829188 0.1543651 0.2049707 0.1418813 0.1686607 0.1418813 0.1686607 0.1543651 0.2049707 0.1397376 0.1827574 0.1380096 0.1964244 0.1397376 0.1827574 0.1543651 0.2049707 0.1608386 0.173705 0.1587291 0.1829188 0.147041 0.1427781 0.1445882 0.1537749 0.147041 0.1427781 0.1587291 0.1829188 0.1631872 0.1657737 0.1608386 0.173705 0.1502481 0.1314483 0.1476441 0.1404185 0.1502481 0.1314483 0.1608386 0.173705 0.1659899 0.1591898 0.1631872 0.1657737 0.1538779 0.1215274 0.1518048 0.1267486 0.1538779 0.1215274 0.1631872 0.1657737 0.1694619 0.1540183 0.1659899 0.1591898 0.1622115 0.1066266 0.1622115 0.1066266 0.1659899 0.1591898 0.1578623 0.1130838 0.1571955 0.1142545 0.1578623 0.1130838 0.1659899 0.1591898 0.1738169 0.1503245 0.1694619 0.1540183 0.1668463 0.1019744 0.1635864 0.1049432 0.1668463 0.1019744 0.1694619 0.1540183 0.1792699 0.1481593 0.1738169 0.1503245 0.1770238 0.0977751 0.1770238 0.0977751 0.1738169 0.1503245 0.1717587 0.09893643 0.1705601 0.0994749 0.1717587 0.09893643 0.1738169 0.1503245 0.1830363 0.1543435 0.1792699 0.1481593 0.1903253 0.1085187 0.1903253 0.1085187 0.1792699 0.1481593 0.1864957 0.1029368 0.1864957 0.1029368 0.1792699 0.1481593 0.1827835 0.09837412 0.1822062 0.09780174 0.1827835 0.09837412 0.1792699 0.1481593 0.1862304 0.1606348 0.1830363 0.1543435 0.1941553 0.1154342 0.191276 0.1101178 0.1941553 0.1154342 0.1830363 0.1543435 0.1889659 0.1673581 0.1862304 0.1606348 0.1978816 0.1237403 0.1957658 0.1188011 0.1978816 0.1237403 0.1862304 0.1606348 0.1913533 0.1748342 0.1889659 0.1673581 0.2013911 0.1333975 0.1999417 0.1291231 0.2013911 0.1333975 0.1889659 0.1673581 0.1935047 0.1833788 0.1913533 0.1748342 0.2045807 0.1442682 0.2036905 0.140968 0.2045807 0.1442682 0.1913533 0.1748342 0.1955276 0.1933128 0.1935047 0.1833788 0.2073834 0.1561495 0.2069106 0.1539629 0.2073834 0.1561495 0.1935047 0.1833788 0.2134948 0.1959439 0.197534 0.2049614 0.21176 0.182088 0.197534 0.2049614 0.1955276 0.1933128 0.21176 0.182088 0.21176 0.182088 0.1955276 0.1933128 0.2097706 0.1688052 0.2095934 0.1677888 0.2097706 0.1688052 0.1955276 0.1933128 0.2109951 0.2525222 0.1942144 0.2514346 0.2119244 0.2417563 0.1942144 0.2514346 0.197534 0.2049614 0.2119244 0.2417563 0.2119244 0.2417563 0.197534 0.2049614 0.2129015 0.2261056 0.2129015 0.2261056 0.197534 0.2049614 0.2134938 0.2109649 0.2137071 0.1980477 0.2134938 0.2109649 0.197534 0.2049614 0.2070271 0.278044 0.1950792 0.3126772 0.1942144 0.2514346 0.1863156 0.2686727 0.1950792 0.3126772 0.1836563 0.273161 0.1836563 0.273161 0.1911783 0.3227477 0.180628 0.2769711 0.184416 0.3376779 0.1770245 0.2800703 0.1867361 0.3329591 0.180628 0.2769711 0.1867361 0.3329591 0.1770245 0.2800703 0.176757 0.3666282 0.1747986 0.3614411 0.1818975 0.3478594 0.1770245 0.2800703 0.1818975 0.3478594 0.1726321 0.2824167 0.1726321 0.2824167 0.1747986 0.3614411 0.1726276 0.2824167 1 0 1 1 0.9984102 1 1 0 0.9984102 1 0.9984102 0 0.9984102 0 0.9984102 1 0.9968459 1 0.9984102 0 0.9968459 1 0.9968459 0 0.9968459 0 0.9968459 1 0.9952906 1 0.9968459 0 0.9952906 1 0.9952906 0 0.9952906 0 0.9952906 1 0.9921807 1 0.9952906 0 0.9921807 1 0.9921807 0 0.9921807 0 0.9921807 1 0.9829753 1 0.9921807 0 0.9829753 1 0.9829753 0 0.9829753 0 0.9829753 1 0.981508 1 0.9829753 0 0.981508 1 0.981508 0 0.981508 0 0.981508 1 0.980062 1 0.981508 0 0.980062 1 0.980062 0 0.980062 0 0.980062 1 0.9786283 1 0.980062 0 0.9786283 1 0.9786283 0 0.9786283 0 0.9786283 1 0.9771909 1 0.9786283 0 0.9771909 1 0.9771909 0 0.9771909 0 0.9771909 1 0.9757253 1 0.9771909 0 0.9757253 1 0.9757253 0 0.9757253 0 0.9757253 1 0.9741989 1 0.9757253 0 0.9741989 1 0.9741989 0 0.9741989 0 0.9741989 1 0.9725738 1 0.9741989 0 0.9725738 1 0.9725738 0 0.9725738 0 0.9725738 1 0.9708083 1 0.9725738 0 0.9708083 1 0.9708083 0 0.9708083 0 0.9708083 1 0.96886 1 0.9708083 0 0.96886 1 0.96886 0 0.96886 0 0.96886 1 0.9678841 1 0.96886 0 0.9678841 1 0.9678841 0 0.9678841 0 0.9678841 1 0.9668882 1 0.9678841 0 0.9668882 1 0.9668882 0 0.9668882 0 0.9668882 1 0.9648648 1 0.9668882 0 0.9648648 1 0.9648648 0 0.9648648 0 0.9648648 1 0.9628513 1 0.9648648 0 0.9628513 1 0.9628513 0 0.9628513 0 0.9628513 1 0.9609181 1 0.9628513 0 0.9609181 1 0.9609181 0 0.9609181 0 0.9609181 1 0.9600039 1 0.9609181 0 0.9600039 1 0.9600039 0 0.9600039 0 0.9600039 1 0.9591358 1 0.9600039 0 0.9591358 1 0.9591358 0 0.9591358 0 0.9591358 1 0.9583207 1 0.9591358 0 0.9583207 1 0.9583207 0 0.9583207 0 0.9583207 1 0.9571503 1 0.9583207 0 0.9571503 1 0.9571503 0 0.9571503 0 0.9571503 1 0.9558869 1 0.9571503 0 0.9558869 1 0.9558869 0 0.9558869 0 0.9558869 1 0.954526 1 0.9558869 0 0.954526 1 0.954526 0 0.954526 0 0.954526 1 0.9530705 1 0.954526 0 0.9530705 1 0.9530705 0 0.9530705 0 0.9530705 1 0.9499052 1 0.9530705 0 0.9499052 1 0.9499052 0 0.9499052 0 0.9499052 1 0.9464654 1 0.9499052 0 0.9464654 1 0.9464654 0 0.9464654 0 0.9464654 1 0.9428498 1 0.9464654 0 0.9428498 1 0.9428498 0 0.9428498 0 0.9428498 1 0.9391631 1 0.9428498 0 0.9391631 1 0.9391631 0 0.9391631 0 0.9391631 1 0.9373246 1 0.9391631 0 0.9373246 1 0.9373246 0 0.9373246 0 0.9373246 1 0.9355067 1 0.9373246 0 0.9355067 1 0.9355067 0 0.9355067 0 0.9355067 1 0.9319772 1 0.9355067 0 0.9319772 1 0.9319772 0 0.9319772 0 0.9319772 1 0.9302831 1 0.9319772 0 0.9302831 1 0.9302831 0 0.9302831 0 0.9302831 1 0.9286456 1 0.9302831 0 0.9286456 1 0.9286456 0 0.9286456 0 0.9286456 1 0.9270683 1 0.9286456 0 0.9270683 1 0.9270683 0 0.9270683 0 0.9270683 1 0.9255499 1 0.9270683 0 0.9255499 1 0.9255499 0 0.9255499 0 0.9255499 1 0.9240842 1 0.9255499 0 0.9240842 1 0.9240842 0 0.9240842 0 0.9240842 1 0.922659 1 0.9240842 0 0.922659 1 0.922659 0 0.922659 0 0.922659 1 0.9212518 1 0.922659 0 0.9212518 1 0.9212518 0 0.9212518 0 0.9212518 1 0.9198341 1 0.9212518 0 0.9198341 1 0.9198341 0 0.9198341 0 0.9198341 1 0.9183701 1 0.9198341 0 0.9183701 1 0.9183701 0 0.9183701 0 0.9183701 1 0.9168185 1 0.9183701 0 0.9168185 1 0.9168185 0 0.9168184 0 0.9168184 1 0.9155215 1 0.9168184 0 0.9155215 1 0.9155215 0 0.9155215 0 0.9155215 1 0.914663 1 0.9155215 0 0.914663 1 0.914663 0 0.914663 0 0.914663 1 0.9138892 1 0.914663 0 0.9138892 1 0.9138892 0 0.9138892 0 0.9138892 1 0.9131559 1 0.9138892 0 0.9131559 1 0.9131559 0 0.9131559 0 0.9131559 1 0.9124205 1 0.9131559 0 0.9124205 1 0.9124205 0 0.9124205 0 0.9124205 1 0.9108192 1 0.9124205 0 0.9108192 1 0.9108192 0 0.9108192 0 0.9108192 1 0.9082946 1 0.9108192 0 0.9082946 1 0.9082946 0 0.9082946 0 0.9082946 1 0.9075987 1 0.9082946 0 0.9075987 1 0.9075987 0 0.9075987 0 0.9075987 1 0.9069097 1 0.9075987 0 0.9069097 1 0.9069097 0 0.9069097 0 0.9069097 1 0.9062334 1 0.9069097 0 0.9062334 1 0.9062334 0 0.9062334 0 0.9062334 1 0.9055658 1 0.9062334 0 0.9055658 1 0.9055658 0 0.9055658 0 0.9055658 1 0.9048869 1 0.9055658 0 0.9048869 1 0.9048869 0 0.9048869 0 0.9048869 1 0.9041605 1 0.9048869 0 0.9041605 1 0.9041605 0 0.9041605 0 0.9041605 1 0.9033401 1 0.9041605 0 0.9033401 1 0.9033401 0 0.9033401 0 0.9033401 1 0.8994813 1 0.9033401 0 0.8994813 1 0.8994813 0 0.8994813 0 0.8994813 1 0.898674 1 0.8994813 0 0.898674 1 0.898674 0 0.898674 0 0.898674 1 0.8977922 1 0.898674 0 0.8977922 1 0.8977922 0 0.8977922 0 0.8977922 1 0.8947231 1 0.8977922 0 0.8947231 1 0.8947231 0 0.8947231 0 0.8947231 1 0.8939795 1 0.8947231 0 0.8939795 1 0.8939795 0 0.8939795 0 0.8939795 1 0.8931623 1 0.8939795 0 0.8931623 1 0.8931623 0 0.8931623 0 0.8931623 1 0.8922145 1 0.8931623 0 0.8922145 1 0.8922145 0 0.8922145 0 0.8922145 1 0.8910785 1 0.8922145 0 0.8910785 1 0.8910785 0 0.8910785 0 0.8910785 1 0.8886128 1 0.8910785 0 0.8886128 1 0.8886128 0 0.8886128 0 0.8886128 1 0.8798435 1 0.8886128 0 0.8798435 1 0.8798435 0 0.8798435 0 0.8798435 1 0.8785423 1 0.8798435 0 0.8785423 1 0.8785423 0 0.8785423 0 0.8785423 1 0.8772109 1 0.8785423 0 0.8772109 1 0.8772109 0 0.8772109 0 0.8772109 1 0.8758336 1 0.8772109 0 0.8758336 1 0.8758336 0 0.8758336 0 0.8758336 1 0.8743914 1 0.8758336 0 0.8743914 1 0.8743914 0 0.8743914 0 0.8743914 1 0.8728613 1 0.8743914 0 0.8728613 1 0.8728613 0 0.8728613 0 0.8728613 1 0.8712164 1 0.8728613 0 0.8712164 1 0.8712164 0 0.8712164 0 0.8712164 1 0.8680019 1 0.8712164 0 0.8680019 1 0.8680019 0 0.8680019 0 0.8680019 1 0.8667172 1 0.8680019 0 0.8667172 1 0.8667172 0 0.8667172 0 0.8667172 1 0.8654599 1 0.8667172 0 0.8654599 1 0.8654599 0 0.8654599 0 0.8654599 1 0.8641837 1 0.8654599 0 0.8641837 1 0.8641837 0 0.8641837 0 0.8641837 1 0.8628592 1 0.8641837 0 0.8628592 1 0.8628592 0 0.8628592 0 0.8628592 1 0.8614733 1 0.8628592 0 0.8614733 1 0.8614733 0 0.8614733 0 0.8614733 1 0.8585241 1 0.8614733 0 0.8585241 1 0.8585241 0 0.8585241 0 0.8585241 1 0.8478875 1 0.8585241 0 0.8478875 1 0.8478875 0 0.8478875 0 0.8478875 1 0.8465715 1 0.8478875 0 0.8465715 1 0.8465715 0 0.8465715 0 0.8465715 1 0.8453455 1 0.8465715 0 0.8453455 1 0.8453455 0 0.8453455 0 0.8453455 1 0.8444476 1 0.8453455 0 0.8444476 1 0.8444476 0 0.8444476 0 0.8444476 1 0.8435541 1 0.8444476 0 0.8435541 1 0.8435541 0 0.8435541 0 0.8435541 1 0.8426598 1 0.8435541 0 0.8426598 1 0.8426598 0 0.8426598 0 0.8426598 1 0.8417584 1 0.8426598 0 0.8417584 1 0.8417584 0 0.8417584 0 0.8417584 1 0.8408419 1 0.8417584 0 0.8408419 1 0.8408419 0 0.8408419 0 0.8408419 1 0.8399012 1 0.8408419 0 0.8399012 1 0.8399012 0 0.8399012 0 0.8399012 1 0.838927 1 0.8399012 0 0.838927 1 0.838927 0 0.838927 0 0.838927 1 0.8379074 1 0.838927 0 0.8379074 1 0.8379074 0 0.8379074 0 0.8379074 1 0.8368317 1 0.8379074 0 0.8368317 1 0.8368317 0 0.8368317 0 0.8368317 1 0.8356887 1 0.8368317 0 0.8356887 1 0.8356887 0 0.8356887 0 0.8356887 1 0.8344663 1 0.8356887 0 0.8344663 1 0.8344663 0 0.8344663 0 0.8344663 1 0.8325062 1 0.8344663 0 0.8325062 1 0.8325062 0 0.8325062 0 0.8325062 1 0.8307608 1 0.8325062 0 0.8307608 1 0.8307608 0 0.8307608 0 0.8307608 1 0.8291973 1 0.8307608 0 0.8291973 1 0.8291973 0 0.8291973 0 0.8291973 1 0.8277798 1 0.8291973 0 0.8277798 1 0.8277798 0 0.8277798 0 0.8277798 1 0.8264718 1 0.8277798 0 0.8264718 1 0.8264718 0 0.8264718 0 0.8264718 1 0.8252354 1 0.8264718 0 0.8252354 1 0.8252354 0 0.8252354 0 0.8252354 1 0.8240364 1 0.8252354 0 0.8240364 1 0.8240364 0 0.8240364 0 0.8240364 1 0.8228446 1 0.8240364 0 0.8228446 1 0.8228446 0 0.8228446 0 0.8228446 1 0.8216367 1 0.8228446 0 0.8216367 1 0.8216367 0 0.8216367 0 0.8216367 1 0.8203967 1 0.8216367 0 0.8203967 1 0.8203967 0 0.8203967 0 0.8203967 1 0.8177856 1 0.8203967 0 0.8177856 1 0.8177856 0 0.8177856 0 0.8177856 1 0.8088336 1 0.8177856 0 0.8088336 1 0.8088336 0 0.8088336 0 0.8088336 1 0.8072182 1 0.8088336 0 0.8072182 1 0.8072182 0 0.8072182 0 0.8072182 1 0.8056297 1 0.8072182 0 0.8056297 1 0.8056297 0 0.8056297 0 0.8056297 1 0.8040741 1 0.8056297 0 0.8040741 1 0.8040741 0 0.8040741 0 0.8040741 1 0.802556 1 0.8040741 0 0.802556 1 0.802556 0 0.802556 0 0.802556 1 0.8010798 1 0.802556 0 0.8010798 1 0.8010798 0 0.8010798 0 0.8010798 1 0.7996485 1 0.8010798 0 0.7996485 1 0.7996485 0 0.7996485 0 0.7996485 1 0.7982634 1 0.7996485 0 0.7982634 1 0.7982634 0 0.7982634 0 0.7982634 1 0.7969226 1 0.7982634 0 0.7969226 1 0.7969226 0 0.7969226 0 0.7969226 1 0.795623 1 0.7969226 0 0.795623 1 0.795623 0 0.795623 0 0.795623 1 0.794355 1 0.795623 0 0.794355 1 0.794355 0 0.794355 0 0.794355 1 0.7931057 1 0.794355 0 0.7931057 1 0.7931057 0 0.7931057 0 0.7931057 1 0.7918563 1 0.7931057 0 0.7918563 1 0.7918563 0 0.7918563 0 0.7918563 1 0.7905834 1 0.7918563 0 0.7905834 1 0.7905834 0 0.7905834 0 0.7905834 1 0.7892597 1 0.7905834 0 0.7892597 1 0.7892597 0 0.7892597 0 0.7892597 1 0.7878548 1 0.7892597 0 0.7878548 1 0.7878548 0 0.7878548 0 0.7878548 1 0.7863387 1 0.7878548 0 0.7863387 1 0.7863387 0 0.7863387 0 0.7863387 1 0.7846825 1 0.7863387 0 0.7846825 1 0.7846825 0 0.7846825 0 0.7846825 1 0.7822712 1 0.7846825 0 0.7822712 1 0.7822712 0 0.7822712 0 0.7822712 1 0.7759243 1 0.7822712 0 0.7759243 1 0.7759243 0 0.7759243 0 0.7759243 1 0.7734116 1 0.7759243 0 0.7734116 1 0.7734116 0 0.7734116 0 0.7734116 1 0.7721719 1 0.7734116 0 0.7721719 1 0.7721719 0 0.7721719 0 0.7721719 1 0.7709354 1 0.7721719 0 0.7709354 1 0.7709354 0 0.7709354 0 0.7709354 1 0.7696874 1 0.7709354 0 0.7696874 1 0.7696874 0 0.7696874 0 0.7696874 1 0.7684041 1 0.7696874 0 0.7684041 1 0.7684041 0 0.7684041 0 0.7684041 1 0.7670568 1 0.7684041 0 0.7670568 1 0.7670568 0 0.7670568 0 0.7670568 1 0.7656103 1 0.7670568 0 0.7656103 1 0.7656103 0 0.7656103 0 0.7656103 1 0.7636349 1 0.7656103 0 0.7636349 1 0.7636349 0 0.7636349 0 0.7636349 1 0.7624448 1 0.7636349 0 0.7624448 1 0.7624448 0 0.7624448 0 0.7624448 1 0.7612548 1 0.7624448 0 0.7612548 1 0.7612548 0 0.7612548 0 0.7612548 1 0.760048 1 0.7612548 0 0.760048 1 0.760048 0 0.760048 0 0.760048 1 0.7588167 1 0.760048 0 0.7588167 1 0.7588167 0 0.7588167 0 0.7588167 1 0.7575586 1 0.7588167 0 0.7575586 1 0.7575586 0 0.7575586 0 0.7575586 1 0.7562788 1 0.7575586 0 0.7562788 1 0.7562788 0 0.7562788 0 0.7562788 1 0.7549844 1 0.7562788 0 0.7549844 1 0.7549844 0 0.7549844 0 0.7549844 1 0.7536844 1 0.7549844 0 0.7536844 1 0.7536844 0 0.7536844 0 0.7536844 1 0.7523882 1 0.7536844 0 0.7523882 1 0.7523882 0 0.7523882 0 0.7523882 1 0.7511039 1 0.7523882 0 0.7511039 1 0.7511039 0 0.7511039 0 0.7511039 1 0.7498372 1 0.7511039 0 0.7498372 1 0.7498372 0 0.7498372 0 0.7498372 1 0.748589 1 0.7498372 0 0.748589 1 0.748589 0 0.748589 0 0.748589 1 0.7473543 1 0.748589 0 0.7473543 1 0.7473543 0 0.7473543 0 0.7473543 1 0.7461196 1 0.7473543 0 0.7461196 1 0.7461196 0 0.7461196 0 0.7461196 1 0.7448625 1 0.7461196 0 0.7448625 1 0.7448625 0 0.7448625 0 0.7448625 1 0.7435507 1 0.7448625 0 0.7435507 1 0.7435507 0 0.7435507 0 0.7435507 1 0.7424455 1 0.7435507 0 0.7424455 1 0.7424455 0 0.7424455 0 0.7424455 1 0.7412646 1 0.7424455 0 0.7412646 1 0.7412646 0 0.7412646 0 0.7412646 1 0.7399992 1 0.7412646 0 0.7399992 1 0.7399992 0 0.7399992 0 0.7399992 1 0.7386494 1 0.7399992 0 0.7386494 1 0.7386494 0 0.7386494 0 0.7386494 1 0.7357233 1 0.7386494 0 0.7357233 1 0.7357233 0 0.7357233 0 0.7357233 1 0.7341652 1 0.7357233 0 0.7341652 1 0.7341652 0 0.7341652 0 0.7341652 1 0.7292729 1 0.7341652 0 0.7292729 1 0.7292729 0 0.7292729 0 0.7292729 1 0.7213111 1 0.7292729 0 0.7213111 1 0.7213111 0 0.7213111 0 0.7213111 1 0.7173768 1 0.7213111 0 0.7173768 1 0.7173768 0 0.7173768 0 0.7173768 1 0.7165902 1 0.7173768 0 0.7165902 1 0.7165902 0 0.7165902 0 0.7165902 1 0.7158221 1 0.7165902 0 0.7158221 1 0.7158221 0 0.7158221 0 0.7158221 1 0.7143173 1 0.7158221 0 0.7143173 1 0.7143173 0 0.7143173 0 0.7143173 1 0.7129075 1 0.7143173 0 0.7129075 1 0.7129075 0 0.7129075 0 0.7129075 1 0.7122647 1 0.7129075 0 0.7122647 1 0.7122647 0 0.7122647 0 0.7122647 1 0.7116605 1 0.7122647 0 0.7116605 1 0.7116605 0 0.7116605 0 0.7116605 1 0.7109338 1 0.7116605 0 0.7109338 1 0.7109338 0 0.7109338 0 0.7109338 1 0.7093482 1 0.7109338 0 0.7093482 1 0.7093482 0 0.7093482 0 0.7093482 1 0.7080037 1 0.7093482 0 0.7080037 1 0.7080037 0 0.7080037 0 0.7080037 1 0.7068524 1 0.7080037 0 0.7068524 1 0.7068524 0 0.7068524 0 0.7068524 1 0.7058337 1 0.7068524 0 0.7058337 1 0.7058337 0 0.7058337 0 0.7058337 1 0.7048744 1 0.7058337 0 0.7048744 1 0.7048744 0 0.7048744 0 0.7048744 1 0.703898 1 0.7048744 0 0.703898 1 0.703898 0 0.703898 0 0.703898 1 0.7028429 1 0.703898 0 0.7028429 1 0.7028429 0 0.7028429 0 0.7028429 1 0.7016659 1 0.7028429 0 0.7016659 1 0.7016659 0 0.7016659 0 0.7016659 1 0.7003424 1 0.7016659 0 0.7003424 1 0.7003424 0 0.7003424 0 0.7003424 1 0.6988597 1 0.7003424 0 0.6988597 1 0.6988597 0 0.6988597 0 0.6988597 1 0.6984013 1 0.6988597 0 0.6984013 1 0.6984013 0 0.6984013 0 0.6984013 1 0.6682861 1 0.6984013 0 0.6682861 1 0.6682861 0 0.6682861 0 0.6682861 1 0.6627148 1 0.6682861 0 0.6627148 1 0.6627148 0 0.6627148 0 0.6627148 1 0.6595504 1 0.6627148 0 0.6595504 1 0.6595504 0 0.6595504 0 0.6595504 1 0.658163 1 0.6595504 0 0.658163 1 0.658163 0 0.658163 0 0.658163 1 0.6569133 1 0.658163 0 0.6569133 1 0.6569133 0 0.6569133 0 0.6569133 1 0.6557998 1 0.6569133 0 0.6557998 1 0.6557998 0 0.6557998 0 0.6557998 1 0.6547743 1 0.6557998 0 0.6547743 1 0.6547743 0 0.6547743 0 0.6547743 1 0.6514927 1 0.6547743 0 0.6514927 1 0.6514927 0 0.6514927 0 0.6514927 1 0.6485872 1 0.6514927 0 0.6485872 1 0.6485872 0 0.6485872 0 0.6485872 1 0.6459714 1 0.6485872 0 0.6459714 1 0.6459714 0 0.6459714 0 0.6459714 1 0.6435551 1 0.6459714 0 0.6435551 1 0.6435551 0 0.6435551 0 0.6435551 1 0.6412479 1 0.6435551 0 0.6412479 1 0.6412479 0 0.6412479 0 0.6412479 1 0.638967 1 0.6412479 0 0.638967 1 0.638967 0 0.638967 0 0.638967 1 0.6366442 1 0.638967 0 0.6366442 1 0.6366442 0 0.6366442 0 0.6366442 1 0.6352684 1 0.6366442 0 0.6352684 1 0.6352684 0 0.6352684 0 0.6352684 1 0.5954717 1 0.6352684 0 0.5954717 1 0.5954717 0 0.5954717 0 0.5954717 1 0.5944635 1 0.5954717 0 0.5944635 1 0.5944635 0 0.5944635 0 0.5944635 1 0.593569 1 0.5944635 0 0.593569 1 0.593569 0 0.593569 0 0.593569 1 0.5928006 1 0.593569 0 0.5928006 1 0.5928006 0 0.5928006 0 0.5928006 1 0.5924701 1 0.5928006 0 0.5924701 1 0.5924701 0 0.5924701 0 0.5924701 1 0.5921395 1 0.5924701 0 0.5921395 1 0.5921395 0 0.5921395 0 0.5921395 1 0.5905628 1 0.5921395 0 0.5905628 1 0.5905628 0 0.5905628 0 0.5905628 1 0.589089 1 0.5905628 0 0.589089 1 0.589089 0 0.589089 0 0.589089 1 0.5876899 1 0.589089 0 0.5876899 1 0.5876899 0 0.5876899 0 0.5876899 1 0.5863415 1 0.5876899 0 0.5863415 1 0.5863415 0 0.5863415 0 0.5863415 1 0.5850232 1 0.5863415 0 0.5850232 1 0.5850232 0 0.5850232 0 0.5850232 1 0.5837197 1 0.5850232 0 0.5837197 1 0.5837197 0 0.5837197 0 0.5837197 1 0.5824201 1 0.5837197 0 0.5824201 1 0.5824201 0 0.5824201 0 0.5824201 1 0.5811182 1 0.5824201 0 0.5811182 1 0.5811182 0 0.5811182 0 0.5811182 1 0.5798117 1 0.5811182 0 0.5798117 1 0.5798117 0 0.5798117 0 0.5798117 1 0.5785012 1 0.5798117 0 0.5785012 1 0.5785012 0 0.5785012 0 0.5785012 1 0.5771895 1 0.5785012 0 0.5771895 1 0.5771895 0 0.5771895 0 0.5771895 1 0.5758807 1 0.5771895 0 0.5758807 1 0.5758807 0 0.5758807 0 0.5758807 1 0.5745785 1 0.5758807 0 0.5745785 1 0.5745785 0 0.5745785 0 0.5745785 1 0.5732888 1 0.5745785 0 0.5732888 1 0.5732888 0 0.5732888 0 0.5732888 1 0.5720139 1 0.5732888 0 0.5720139 1 0.5720139 0 0.5720139 0 0.5720139 1 0.5707554 1 0.5720139 0 0.5707554 1 0.5707554 0 0.5707554 0 0.5707554 1 0.5695139 1 0.5707554 0 0.5695139 1 0.5695139 0 0.5695139 0 0.5695139 1 0.5684233 1 0.5695139 0 0.5684233 1 0.5684233 0 0.5684233 0 0.5684233 1 0.5664431 1 0.5684233 0 0.5664431 1 0.5664431 0 0.5664431 0 0.5664431 1 0.564669 1 0.5664431 0 0.564669 1 0.564669 0 0.564669 0 0.564669 1 0.5630194 1 0.564669 0 0.5630194 1 0.5630194 0 0.5630194 0 0.5630194 1 0.5614041 1 0.5630194 0 0.5614041 1 0.5614041 0 0.5614041 0 0.5614041 1 0.5605795 1 0.5614041 0 0.5605795 1 0.5605795 0 0.5605795 0 0.5605795 1 0.5545329 1 0.5605795 0 0.5545329 1 0.5545329 0 0.5545329 0 0.5545329 1 0.5519012 1 0.5545329 0 0.5519012 1 0.5519012 0 0.5519012 0 0.5519012 1 0.5495029 1 0.5519012 0 0.5495029 1 0.5495029 0 0.5495029 0 0.5495029 1 0.5473095 1 0.5495029 0 0.5473095 1 0.5473095 0 0.5473095 0 0.5473095 1 0.5452874 1 0.5473095 0 0.5452874 1 0.5452874 0 0.5452874 0 0.5452874 1 0.5433963 1 0.5452874 0 0.5433963 1 0.5433963 0 0.5433963 0 0.5433963 1 0.5415889 1 0.5433963 0 0.5415889 1 0.5415889 0 0.5415889 0 0.5415889 1 0.5398128 1 0.5415889 0 0.5398128 1 0.5398128 0 0.5398128 0 0.5398128 1 0.5380169 1 0.5398128 0 0.5380169 1 0.5380169 0 0.5380169 0 0.5380169 1 0.5361523 1 0.5380169 0 0.5361523 1 0.5361523 0 0.5361523 0 0.5361523 1 0.5341779 1 0.5361523 0 0.5341779 1 0.5341779 0 0.5341779 0 0.5341779 1 0.5320602 1 0.5341779 0 0.5320602 1 0.5320602 0 0.5320602 0 0.5320602 1 0.5297744 1 0.5320602 0 0.5297744 1 0.5297744 0 0.5297744 0 0.5297744 1 0.5246319 1 0.5297744 0 0.5246319 1 0.5246319 0 0.5246319 0 0.5246319 1 0.5186502 1 0.5246319 0 0.5186502 1 0.5186502 0 0.5186502 0 0.5186502 1 0.5153296 1 0.5186502 0 0.5153296 1 0.5153296 0 0.5153296 0 0.5153296 1 0.5140674 1 0.5153296 0 0.5140674 1 0.5140674 0 0.5140674 0 0.5140674 1 0.5129032 1 0.5140674 0 0.5129032 1 0.5129032 0 0.5129032 0 0.5129032 1 0.5118175 1 0.5129032 0 0.5118175 1 0.5118175 0 0.5118175 0 0.5118175 1 0.5107915 1 0.5118175 0 0.5107915 1 0.5107915 0 0.5107915 0 0.5107915 1 0.5098096 1 0.5107915 0 0.5098096 1 0.5098096 0 0.5098096 0 0.5098096 1 0.5088563 1 0.5098096 0 0.5088563 1 0.5088563 0 0.5088563 0 0.5088563 1 0.5079203 1 0.5088563 0 0.5079203 1 0.5079203 0 0.5079203 0 0.5079203 1 0.5069932 1 0.5079203 0 0.5069932 1 0.5069932 0 0.5069932 0 0.5069932 1 0.5060688 1 0.5069932 0 0.5060688 1 0.5060688 0 0.5060688 0 0.5060688 1 0.5051451 1 0.5060688 0 0.5051451 1 0.5051451 0 0.5051451 0 0.5051451 1 0.5042222 1 0.5051451 0 0.5042222 1 0.5042222 0 0.5042222 0 0.5042222 1 0.5016539 1 0.5042222 0 0.5016539 1 0.5016539 0 0.5016539 0 0.5016539 1 0.5009053 1 0.5016539 0 0.5009053 1 0.5009053 0 0.5009053 0 0.5009053 1 0.5002071 1 0.5009053 0 0.5002071 1 0.5002071 0 0.5002071 0 0.5002071 1 0.4995518 1 0.5002071 0 0.4995518 1 0.4995518 0 0.4995518 0 0.4995518 1 0.4989296 1 0.4995518 0 0.4989296 1 0.4989296 0 0.4989296 0 0.4989296 1 0.4983235 1 0.4989296 0 0.4983235 1 0.4983235 0 0.4983235 0 0.4983235 1 0.497714 1 0.4983235 0 0.497714 1 0.497714 0 0.497714 0 0.497714 1 0.4930664 1 0.497714 0 0.4930664 1 0.4930664 0 0.4930664 0 0.4930664 1 0.4830386 1 0.4930664 0 0.4830386 1 0.4830386 0 0.4830386 0 0.4830386 1 0.4729708 1 0.4830386 0 0.4729708 1 0.4729708 0 0.4729708 0 0.4729708 1 0.4542686 1 0.4729708 0 0.4542686 1 0.4542686 0 0.4542686 0 0.4542686 1 0.4506211 1 0.4542686 0 0.4506211 1 0.4506211 0 0.4506211 0 0.4506211 1 0.4472696 1 0.4506211 0 0.4472696 1 0.4472696 0 0.4472696 0 0.4472696 1 0.4457229 1 0.4472696 0 0.4457229 1 0.4457229 0 0.4457229 0 0.4457229 1 0.444265 1 0.4457229 0 0.444265 1 0.444265 0 0.444265 0 0.444265 1 0.4428877 1 0.444265 0 0.4428877 1 0.4428877 0 0.4428877 0 0.4428877 1 0.4415749 1 0.4428877 0 0.4415749 1 0.4415749 0 0.4415749 0 0.4415749 1 0.4402961 1 0.4415749 0 0.4402961 1 0.4402961 0 0.4402961 0 0.4402961 1 0.43901 1 0.4402961 0 0.43901 1 0.43901 0 0.43901 0 0.43901 1 0.4355126 1 0.43901 0 0.4355126 1 0.4355126 0 0.4355126 0 0.4355126 1 0.432823 1 0.4355126 0 0.432823 1 0.432823 0 0.432823 0 0.432823 1 0.4299204 1 0.432823 0 0.4299204 1 0.4299204 0 0.4299204 0 0.4299204 1 0.4235918 1 0.4299204 0 0.4235918 1 0.4235918 0 0.4235918 0 0.4235918 1 0.4119201 1 0.4235918 0 0.4119201 1 0.4119201 0 0.4119201 0 0.4119201 1 0.40872 1 0.4119201 0 0.40872 1 0.40872 0 0.40872 0 0.40872 1 0.4056618 1 0.40872 0 0.4056618 1 0.4056618 0 0.4056618 0 0.4056618 1 0.404192 1 0.4056618 0 0.404192 1 0.404192 0 0.404192 0 0.404192 1 0.3941297 1 0.404192 0 0.3941297 1 0.3941297 0 0.3941297 0 0.3941297 1 0.3748381 1 0.3941297 0 0.3748381 1 0.3748381 0 0.3748381 0 0.3748381 1 0.3710916 1 0.3748381 0 0.3710916 1 0.3710916 0 0.3710916 0 0.3710916 1 0.3676168 1 0.3710916 0 0.3676168 1 0.3676168 0 0.3676168 0 0.3676168 1 0.3660002 1 0.3676168 0 0.3660002 1 0.3660002 0 0.3660002 0 0.3660002 1 0.3644676 1 0.3660002 0 0.3644676 1 0.3644676 0 0.3644676 0 0.3644676 1 0.3630165 1 0.3644676 0 0.3630165 1 0.3630165 0 0.3630165 0 0.3630165 1 0.361636 1 0.3630165 0 0.361636 1 0.361636 0 0.361636 0 0.361636 1 0.3603068 1 0.361636 0 0.3603068 1 0.3603068 0 0.3603068 0 0.3603068 1 0.3589988 1 0.3603068 0 0.3589988 1 0.3589988 0 0.3589988 0 0.3589988 1 0.3576722 1 0.3589988 0 0.3576722 1 0.3576722 0 0.3576722 0 0.3576722 1 0.3562787 1 0.3576722 0 0.3562787 1 0.3562787 0 0.3562787 0 0.3562787 1 0.3547689 1 0.3562787 0 0.3547689 1 0.3547689 0 0.3547689 0 0.3547689 1 0.3530949 1 0.3547689 0 0.3530949 1 0.3530949 0 0.3530949 0 0.3530949 1 0.3517976 1 0.3530949 0 0.3517976 1 0.3517976 0 0.3517976 0 0.3517976 1 0.3442196 1 0.3517976 0 0.3442196 1 0.3442196 0 0.3442196 0 0.3442196 1 0.3375263 1 0.3442196 0 0.3375263 1 0.3375263 0 0.3375263 0 0.3375263 1 0.3359848 1 0.3375263 0 0.3359848 1 0.3359848 0 0.3359848 0 0.3359848 1 0.3345239 1 0.3359848 0 0.3345239 1 0.3345239 0 0.3345239 0 0.3345239 1 0.3331225 1 0.3345239 0 0.3331225 1 0.3331225 0 0.3331225 0 0.3331225 1 0.3317617 1 0.3331225 0 0.3317617 1 0.3317617 0 0.3317617 0 0.3317617 1 0.330427 1 0.3317617 0 0.330427 1 0.330427 0 0.330427 0 0.330427 1 0.32911 1 0.330427 0 0.32911 1 0.32911 0 0.32911 0 0.32911 1 0.3278045 1 0.32911 0 0.3278045 1 0.3278045 0 0.3278045 0 0.3278045 1 0.3265084 1 0.3278045 0 0.3265084 1 0.3265084 0 0.3265084 0 0.3265084 1 0.3252233 1 0.3265084 0 0.3252233 1 0.3252233 0 0.3252233 0 0.3252233 1 0.3239513 1 0.3252233 0 0.3239513 1 0.3239513 0 0.3239513 0 0.3239513 1 0.322696 1 0.3239513 0 0.322696 1 0.322696 0 0.322696 0 0.322696 1 0.3214617 1 0.322696 0 0.3214617 1 0.3214617 0 0.3214617 0 0.3214617 1 0.3202518 1 0.3214617 0 0.3202518 1 0.3202518 0 0.3202518 0 0.3202518 1 0.3190677 1 0.3202518 0 0.3190677 1 0.3190677 0 0.3190677 0 0.3190677 1 0.3175023 1 0.3190677 0 0.3175023 1 0.3175023 0 0.3175023 0 0.3175023 1 0.3160024 1 0.3175023 0 0.3160024 1 0.3160024 0 0.3160024 0 0.3160024 1 0.3145498 1 0.3160024 0 0.3145498 1 0.3145498 0 0.3145498 0 0.3145498 1 0.3131282 1 0.3145498 0 0.3131282 1 0.3131282 0 0.3131282 0 0.3131282 1 0.3117268 1 0.3131282 0 0.3117268 1 0.3117268 0 0.3117268 0 0.3117268 1 0.3103359 1 0.3117268 0 0.3103359 1 0.3103359 0 0.3103359 0 0.3103359 1 0.30895 1 0.3103359 0 0.30895 1 0.30895 0 0.30895 0 0.30895 1 0.3075644 1 0.30895 0 0.3075644 1 0.3075644 0 0.3075644 0 0.3075644 1 0.3061761 1 0.3075644 0 0.3061761 1 0.3061761 0 0.3061761 0 0.3061761 1 0.3047816 1 0.3061761 0 0.3047816 1 0.3047816 0 0.3047816 0 0.3047816 1 0.303377 1 0.3047816 0 0.303377 1 0.303377 0 0.303377 0 0.303377 1 0.3019569 1 0.303377 0 0.3019569 1 0.3019569 0 0.3019569 0 0.3019569 1 0.3005129 1 0.3019569 0 0.3005129 1 0.3005129 0 0.3005129 0 0.3005129 1 0.2990342 1 0.3005129 0 0.2990342 1 0.2990342 0 0.2990342 0 0.2990342 1 0.2975072 1 0.2990342 0 0.2975072 1 0.2975072 0 0.2975072 0 0.2975072 1 0.2965494 1 0.2975072 0 0.2965494 1 0.2965494 0 0.2965494 0 0.2965494 1 0.2956377 1 0.2965494 0 0.2956377 1 0.2956377 0 0.2956377 0 0.2956377 1 0.2947532 1 0.2956377 0 0.2947532 1 0.2947532 0 0.2947532 0 0.2947532 1 0.2938818 1 0.2947532 0 0.2938818 1 0.2938818 0 0.2938818 0 0.2938818 1 0.2895479 1 0.2938818 0 0.2895479 1 0.2895479 0 0.2895479 0 0.2895479 1 0.25773 1 0.2895479 0 0.25773 1 0.25773 0 0.25773 0 0.25773 1 0.2532624 1 0.25773 0 0.2532624 1 0.2532624 0 0.2532624 0 0.2532624 1 0.2489295 1 0.2532624 0 0.2489295 1 0.2489295 0 0.2489295 0 0.2489295 1 0.2447433 1 0.2489295 0 0.2447433 1 0.2447433 0 0.2447433 0 0.2447433 1 0.240725 1 0.2447433 0 0.240725 1 0.240725 0 0.240725 0 0.240725 1 0.2356797 1 0.240725 0 0.2356797 1 0.2356797 0 0.2356797 0 0.2356797 1 0.2272598 1 0.2356797 0 0.2272598 1 0.2272598 0 0.2272598 0 0.2272598 1 0.2257496 1 0.2272598 0 0.2257496 1 0.2257496 0 0.2257496 0 0.2257496 1 0.224223 1 0.2257496 0 0.224223 1 0.224223 0 0.224223 0 0.224223 1 0.2226616 1 0.224223 0 0.2226616 1 0.2226616 0 0.2226616 0 0.2226616 1 0.221053 1 0.2226616 0 0.221053 1 0.221053 0 0.221053 0 0.221053 1 0.2193903 1 0.221053 0 0.2193903 1 0.2193903 0 0.2193903 0 0.2193903 1 0.2159051 1 0.2193903 0 0.2159051 1 0.2159051 0 0.2159051 0 0.2159051 1 0.2122361 1 0.2159051 0 0.2122361 1 0.2122361 0 0.2122361 0 0.2122361 1 0.2084571 1 0.2122361 0 0.2084571 1 0.2084571 0 0.2084571 0 0.2084571 1 0.2027978 1 0.2084571 0 0.2027978 1 0.2027978 0 0.2027978 0 0.2027978 1 0.1958677 1 0.2027978 0 0.1958677 1 0.1958677 0 0.1958677 0 0.1958677 1 0.188016 1 0.1958677 0 0.188016 1 0.188016 0 0.188016 0 0.188016 1 0.17945 1 0.188016 0 0.17945 1 0.17945 0 0.17945 0 0.17945 1 0.1731699 1 0.17945 0 0.1731699 1 0.1731699 0 0.1731699 0 0.1731699 1 0.1671859 1 0.1731699 0 0.1671859 1 0.1671859 0 0.1671859 0 0.1671859 1 0.1634188 1 0.1671859 0 0.1634188 1 0.1634188 0 0.1634188 0 0.1634188 1 0.1598553 1 0.1634188 0 0.1598553 1 0.1598553 0 0.1598553 0 0.1598553 1 0.1564967 1 0.1598553 0 0.1564967 1 0.1564967 0 0.1564967 0 0.1564967 1 0.1548861 1 0.1564967 0 0.1548861 1 0.1548861 0 0.1548861 0 0.1548861 1 0.1533138 1 0.1548861 0 0.1533138 1 0.1533138 0 0.1533138 0 0.1533138 1 0.151771 1 0.1533138 0 0.151771 1 0.151771 0 0.151771 0 0.151771 1 0.1502459 1 0.151771 0 0.1502459 1 0.1502459 0 0.1502459 0 0.1502459 1 0.148723 1 0.1502459 0 0.148723 1 0.148723 0 0.148723 0 0.148723 1 0.1471951 1 0.148723 0 0.1471951 1 0.1471951 0 0.1471951 0 0.1471951 1 0.1457443 1 0.1471951 0 0.1457443 1 0.1457443 0 0.1457443 0 0.1457443 1 0.1443417 1 0.1457443 0 0.1443417 1 0.1443417 0 0.1443417 0 0.1443417 1 0.1429588 1 0.1443417 0 0.1429588 1 0.1429588 0 0.1429588 0 0.1429588 1 0.1415725 1 0.1429588 0 0.1415725 1 0.1415725 0 0.1415725 0 0.1415725 1 0.140166 1 0.1415725 0 0.140166 1 0.140166 0 0.140166 0 0.140166 1 0.138725 1 0.140166 0 0.138725 1 0.138725 0 0.138725 0 0.138725 1 0.137243 1 0.138725 0 0.137243 1 0.137243 0 0.137243 0 0.137243 1 0.1357159 1 0.137243 0 0.1357159 1 0.1357159 0 0.1357159 0 0.1357159 1 0.1325303 1 0.1357159 0 0.1325303 1 0.1325303 0 0.1325303 0 0.1325303 1 0.1291951 1 0.1325303 0 0.1291951 1 0.1291951 0 0.1291951 0 0.1291951 1 0.1257658 1 0.1291951 0 0.1257658 1 0.1257658 0 0.1257658 0 0.1257658 1 0.1223139 1 0.1257658 0 0.1223139 1 0.1223139 0 0.1223139 0 0.1223139 1 0.1172767 1 0.1223139 0 0.1172767 1 0.1172767 0 0.1172767 0 0.1172767 1 0.1141388 1 0.1172767 0 0.1141388 1 0.1141388 0 0.1141388 0 0.1141388 1 0.1112818 1 0.1141388 0 0.1112818 1 0.1112818 0 0.1112818 0 0.1112818 1 0.1087927 1 0.1112818 0 0.1087927 1 0.1087927 0 0.1087927 0 0.1087927 1 0.1077108 1 0.1087927 0 0.1077108 1 0.1077108 0 0.1077108 0 0.1077108 1 0.1072526 1 0.1077108 0 0.1072526 1 0.1072526 0 0.1072526 0 0.1072526 1 0.0958864 1 0.1072526 0 0.0958864 1 0.0958864 0 0.0958864 0 0.0958864 1 0.09412848 1 0.0958864 0 0.09412848 1 0.09412848 0 0.09412848 0 0.09412848 1 0.09205746 1 0.09412848 0 0.09205746 1 0.09205746 0 0.09205746 0 0.09205746 1 0.08980226 1 0.09205746 0 0.08980226 1 0.08980226 0 0.08980226 0 0.08980226 1 0.08748787 1 0.08980226 0 0.08748787 1 0.08748787 0 0.08748787 0 0.08748787 1 0.08634495 1 0.08748787 0 0.08634495 1 0.08634495 0 0.08634495 0 0.08634495 1 0.08522844 1 0.08634495 0 0.08522844 1 0.08522844 0 0.08522844 0 0.08522844 1 0.08414852 1 0.08522844 0 0.08414852 1 0.08414852 0 0.08414852 0 0.08414852 1 0.083112 1 0.08414852 0 0.083112 1 0.083112 0 0.083112 0 0.083112 1 0.08212143 1 0.083112 0 0.08212143 1 0.08212143 0 0.08212143 0 0.08212143 1 0.08117192 1 0.08212143 0 0.08117192 1 0.08117192 0 0.08117192 0 0.08117192 1 0.0802505 1 0.08117192 0 0.0802505 1 0.0802505 0 0.0802505 0 0.0802505 1 0.07933223 1 0.0802505 0 0.07933223 1 0.07933223 0 0.07933223 0 0.07933223 1 0.07838302 1 0.07933223 0 0.07838302 1 0.07838302 0 0.07838302 0 0.07838302 1 0.07735925 1 0.07838302 0 0.07735925 1 0.07735925 0 0.07735925 0 0.07735925 1 0.07627767 1 0.07735925 0 0.07627767 1 0.07627767 0 0.07627767 0 0.07627767 1 0.07516795 1 0.07627767 0 0.07516795 1 0.07516795 0 0.07516795 0 0.07516795 1 0.07401239 1 0.07516795 0 0.07401239 1 0.07401239 0 0.07401239 0 0.07401239 1 0.07280158 1 0.07401239 0 0.07280158 1 0.07280158 0 0.07280158 0 0.07280158 1 0.07153415 1 0.07280158 0 0.07153415 1 0.07153415 0 0.07153415 0 0.07153415 1 0.06884127 1 0.07153415 0 0.06884127 1 0.06884127 0 0.06884127 0 0.06884127 1 0.06598925 1 0.06884127 0 0.06598925 1 0.06598925 0 0.06598925 0 0.06598925 1 0.06161069 1 0.06598925 0 0.06161069 1 0.06161069 0 0.06161069 0 0.06161069 1 0.05743396 1 0.06161069 0 0.05743396 1 0.05743396 0 0.05743396 0 0.05743396 1 0.05697429 1 0.05743396 0 0.05697429 1 0.05697429 0 0.05697429 0 0.05697429 1 0.02580559 1 0.05697429 0 0.02580559 1 0.02580559 0 0.02580559 0 0.02580559 1 0.0222941 1 0.02580559 0 0.0222941 1 0.0222941 0 0.0222941 0 0.0222941 1 0.01930028 1 0.0222941 0 0.01930028 1 0.01930028 0 0.01930028 0 0.01930028 1 0.017672 1 0.01930028 0 0.017672 1 0.017672 0 0.017672 0 0.017672 1 0.01696068 1 0.017672 0 0.01696068 1 0.01696068 0 0.01696068 0 0.01696068 1 0.01628267 1 0.01696068 0 0.01628267 1 0.01628267 0 0.01628267 0 0.01628267 1 0.01559573 1 0.01628267 0 0.01559573 1 0.01559573 0 0.01559573 0 0.01559573 1 0.01484286 1 0.01559573 0 0.01484286 1 0.01484286 0 0.01484286 0 0.01484286 1 0.01396006 1 0.01484286 0 0.01396006 1 0.01396006 0 0.01396006 0 0.01396006 1 0.01288491 1 0.01396006 0 0.01288491 1 0.01288491 0 0.01288491 0 0.01288491 1 0.01205193 1 0.01288491 0 0.01205193 1 0.01205193 0 0.01205193 0 0.01205193 1 0.01131254 1 0.01205193 0 0.01131254 1 0.01131254 0 0.01131254 0 0.01131254 1 0.01063066 1 0.01131254 0 0.01063066 1 0.01063066 0 0.01063066 0 0.01063066 1 0.009968042 1 0.01063066 0 0.009968042 1 0.009968042 0 0.009968042 0 0.009968042 1 0.009285569 1 0.009968042 0 0.009285569 1 0.009285569 0 0.009285569 0 0.009285569 1 0.008546173 1 0.009285569 0 0.008546173 1 0.008546173 0 0.008546173 0 0.008546173 1 0.007715165 1 0.008546173 0 0.007715165 1 0.007715165 0 0.007715165 0 0.007715165 1 0.004721462 1 0.007715165 0 0.004721462 1 0.004721462 0 0.004721462 0 0.004721462 1 0.00283432 1 0.004721462 0 0.00283432 1 0.00283432 0 0.00283432 0 0.00283432 1 0.002242565 1 0.00283432 0 0.002242565 1 0.002242565 0 0.002242565 0 0.002242565 1 0.001603662 1 0.002242565 0 0.001603662 1 0.001603662 0 0.001603662 0 0.001603662 1 8.72493e-4 1 0.001603662 0 8.72493e-4 1 8.72493e-4 0 8.72493e-4 0 8.72493e-4 1 8.9407e-7 1 8.72493e-4 0 8.9407e-7 1 8.9407e-7 0 8.9407e-7 0 8.9407e-7 1 0 1 8.9407e-7 0 0 1 0 0 0.9814775 0.3796098 0.9575057 0.3048878 0.9573175 0.3055708 0.4178215 0.08226412 0.4347843 0.1459906 0.4349725 0.1454423 0.4541524 0.2026753 0.4349725 0.1454423 0.4347843 0.1459906 0.4862015 0.3880801 0.511694 0.3886073 0.5116906 0.3881638 0.5372079 0.3888654 0.5116906 0.3881638 0.511694 0.3886073 0.3280028 0.551015 0.3101979 0.6100649 0.3101985 0.6100661 0.2902347 0.6620915 0.3101985 0.6100661 0.3101979 0.6100649 0.1576877 0.2514439 0.1444659 0.2796253 0.1446985 0.2802861 0.8137443 0.1370713 0.8134021 0.1398209 0.8169547 0.1461984 0.8208283 0.1030548 0.8207992 0.1031515 0.8246502 0.1201044 0.8376612 0.2130693 0.8382236 0.2112091 0.8314733 0.2014254 0.7713947 0.2655082 0.7720088 0.2627068 0.7673214 0.2626835 0.8018414 0.1540834 0.7802636 0.15573 0.7802972 0.1568755 0.4278493 0.1719449 0.4279886 0.1713013 0.4055245 0.1259217 0.1672452 0.3377091 0.1671369 0.337072 0.1493931 0.3598347 0.06228148 0.822048 0.05813646 0.8604994 0.05860066 0.8611219 0.1747986 0.3614411 0.1726321 0.2824167 0.1726276 0.2824167 0.8792885 0.001268386 0.8613994 0.008670032 0.8634259 0.0426886 0.8529734 0.01491945 0.8549244 0.03652596 0.8607246 0.02910023 0.8450088 0.02294844 0.8478623 0.04660373 0.8549244 0.03652596 0.8375942 0.03281736 0.8414076 0.05694431 0.8478623 0.04660373 0.830816 0.0445913 0.8355495 0.06757199 0.8414076 0.05694431 0.830816 0.0445913 0.8247608 0.05832606 0.8302399 0.07859301 0.8247608 0.05832606 0.8195199 0.07407253 0.8253856 0.09024995 0.8195199 0.07407253 0.8151754 0.09191006 0.8208283 0.1030548 0.8178242 0.1144853 0.8207992 0.1031515 0.8151754 0.09191006 0.809534 0.134062 0.8137443 0.1370713 0.8153834 0.126604 0.8127074 0.1469023 0.8134021 0.1398209 0.809534 0.134062 0.8084121 0.1584882 0.8150439 0.1584882 0.8127074 0.1469023 0.8169547 0.1461984 0.8134021 0.1398209 0.8127074 0.1469023 0.8191778 0.1360182 0.8153834 0.126604 0.8137443 0.1370713 0.821734 0.1274874 0.8178242 0.1144853 0.816909 0.118507 0.8246502 0.1201044 0.8207992 0.1031515 0.8178242 0.1144853 0.8316437 0.1068621 0.8607246 0.02910023 0.8549244 0.03652596 0.8346106 0.1378582 0.8657513 0.05583482 0.8316437 0.1068621 0.8233535 0.1376351 0.8213964 0.1468768 0.8279965 0.1589232 0.8213964 0.1468768 0.8197724 0.1566017 0.8263946 0.1655204 0.8197724 0.1566017 0.818625 0.1667447 0.8250834 0.1717933 0.818625 0.1667447 0.8181006 0.1772364 0.8240299 0.1780192 0.8181006 0.1772364 0.8183411 0.1880066 0.8231391 0.1851074 0.8183411 0.1880066 0.81949 0.1989907 0.8223348 0.1949014 0.81949 0.1989907 0.8216876 0.2101048 0.8223348 0.1949014 0.8360404 0.1679993 0.8308846 0.1486871 0.8297476 0.1524378 0.8393765 0.1604396 0.8346106 0.1378582 0.8308846 0.1486871 0.8432624 0.153326 0.8885592 0.03260761 0.8803924 0.04013025 0.8823163 0.1073545 0.8901828 0.09241569 0.888764 0.03388035 0.8333243 0.1910965 0.8314733 0.2014254 0.8382236 0.2112091 0.8357042 0.2189321 0.8376612 0.2130693 0.8314733 0.2014254 0.8299868 0.2135711 0.8289201 0.2282723 0.8324761 0.2300767 0.8289201 0.2282723 0.8283315 0.2462445 0.8324761 0.2300767 0.8402743 0.2336807 0.8376612 0.2130693 0.8357042 0.2189321 0.8811246 0.1761816 0.8747395 0.1230504 0.8401837 0.2056016 0.8874995 0.1702575 0.8823163 0.1073545 0.8747395 0.1230504 0.8941553 0.1658155 0.8901828 0.09241569 0.8823163 0.1073545 0.9011456 0.1631484 0.8992157 0.08207887 0.8967459 0.08222633 0.9011456 0.1631484 0.908517 0.1625584 0.9091292 0.08297783 0.91632 0.1643472 0.9194064 0.08642274 0.9133777 0.08402115 0.9246072 0.1688124 0.9365568 0.09716081 0.9291393 0.09181821 0.936229 0.2049567 0.9691095 0.1829888 0.9667533 0.1711595 0.9339013 0.2240626 0.9640933 0.2711366 0.96482 0.2647608 0.9575057 0.3048878 0.9593381 0.2973119 0.9304473 0.2409242 0.9522117 0.3200518 0.9551493 0.3121194 0.9304473 0.2409242 0.9384226 0.3474323 0.9445744 0.3368503 0.9260011 0.2557789 0.9206975 0.2688772 0.9146662 0.2804467 0.9286732 0.3619281 0.9146662 0.2804467 0.9009544 0.299966 0.9116978 0.3832754 0.8495655 0.3553509 0.8623324 0.4490099 0.8646801 0.4448279 0.8435612 0.3647971 0.8599657 0.4539117 0.8623324 0.4490099 0.8382889 0.3753444 0.8576067 0.4593693 0.8599657 0.4539117 0.8346899 0.3842097 0.8562385 0.4628692 0.8576067 0.4593693 0.8346899 0.3842097 0.831321 0.3938044 0.8546956 0.4671111 0.831321 0.3938044 0.8282045 0.4042124 0.8533709 0.4710573 0.8282045 0.4042124 0.8253644 0.4155031 0.8521833 0.4749103 0.8253644 0.4155031 0.8228201 0.4277417 0.8510578 0.4789079 0.8228201 0.4277417 0.8205941 0.4410025 0.8499276 0.4833198 0.8205941 0.4410025 0.8187116 0.4553458 0.8487172 0.4885283 0.8187116 0.4553458 0.8171922 0.4708555 0.8473632 0.4949564 0.8171922 0.4708555 0.8160613 0.4875964 0.8458189 0.5030484 0.8153397 0.5056337 0.8457567 0.5136904 0.8456908 0.5037886 0.8150513 0.5250509 0.8459917 0.5259228 0.8457567 0.5136904 0.8153322 0.5562096 0.8467164 0.5491549 0.8459917 0.5259228 0.8163676 0.5837767 0.8475436 0.5672983 0.8467164 0.5491549 0.8163676 0.5837767 0.8181155 0.6080401 0.8483972 0.580891 0.8181155 0.6080401 0.8205388 0.6292834 0.8492171 0.5907536 0.8205388 0.6292834 0.8235955 0.6477853 0.8499886 0.5979996 0.8235955 0.6477853 0.8272468 0.6638339 0.8507757 0.6039459 0.8272468 0.6638339 0.8314524 0.677708 0.851732 0.6099404 0.8314524 0.677708 0.8361749 0.6896864 0.8530817 0.6171749 0.8413724 0.7000617 0.8551239 0.6259892 0.8548316 0.6254388 0.8413724 0.7000617 0.8470063 0.7091083 0.8583468 0.6314544 0.8470063 0.7091083 0.8594245 0.7243577 0.8683599 0.6464536 0.8945198 0.6750258 0.8847829 0.6664905 0.9030265 0.7676807 0.9112854 0.7672997 0.9098947 0.6825206 0.9070801 0.6826574 0.9193768 0.7651019 0.9160022 0.6811259 0.9134966 0.6819395 0.9218412 0.6785443 0.9160022 0.6811259 0.9193768 0.7651019 0.9347694 0.7554143 0.9272959 0.6745857 0.9227749 0.6780162 0.9347694 0.7554143 0.9419316 0.7480033 0.9323409 0.6700672 0.9419316 0.7480033 0.9486441 0.7389335 0.9369501 0.6652414 0.9410043 0.6596989 0.9380291 0.663928 0.9486441 0.7389335 0.9548352 0.7282375 0.9604392 0.7159571 0.9445434 0.6539465 0.9604392 0.7159571 0.9653813 0.7021388 0.9476051 0.6482291 0.9653813 0.7021388 0.9695928 0.6868103 0.9502621 0.642498 0.9695928 0.6868103 0.9730036 0.6700136 0.9526411 0.6365342 0.9730036 0.6700136 0.9755464 0.6517858 0.9549118 0.629886 0.9755464 0.6517858 0.9771465 0.6321641 0.9572906 0.6217011 0.9771465 0.6321641 0.9777365 0.611195 0.9600101 0.6106761 0.9777365 0.611195 0.977245 0.5889062 0.9632725 0.5950723 0.9674748 0.572587 0.9646691 0.5872004 0.977245 0.5889062 0.9756031 0.5653445 0.9727422 0.540556 0.9674748 0.572587 0.9608948 0.5511776 0.9646691 0.5872004 0.9674748 0.572587 0.9304024 0.5857235 0.9380291 0.663928 0.9410043 0.6596989 0.9179217 0.5952068 0.9227749 0.6780162 0.9272959 0.6745857 0.911629 0.5975857 0.9134966 0.6819395 0.9160022 0.6811259 0.9053078 0.597911 0.9041202 0.681301 0.9070801 0.6826574 0.9053078 0.597911 0.8989614 0.5958294 0.8945198 0.6750258 0.8989614 0.5958294 0.892588 0.590974 0.8847829 0.6664905 0.8861953 0.5829914 0.8748954 0.6554217 0.8847829 0.6664905 0.879783 0.5715287 0.8548316 0.6254388 0.8551239 0.6259892 0.8781217 0.540542 0.8456908 0.5037886 0.8457567 0.5136904 0.8599657 0.4539117 0.8576067 0.4593693 0.8781217 0.540542 0.8843038 0.5241264 0.8908819 0.5099734 0.8745539 0.4292525 0.8908819 0.5099734 0.8977916 0.4977302 0.8844087 0.4153544 0.8977916 0.4977302 0.9123252 0.4776625 0.9016521 0.394201 0.9286732 0.3619281 0.9116978 0.3832754 0.9123252 0.4776625 0.9635033 0.419039 0.9485624 0.3290011 0.9480866 0.33008 0.969941 0.4077297 0.9522117 0.3200518 0.9485624 0.3290011 0.9759557 0.3946965 0.9551493 0.3121194 0.9522117 0.3200518 0.9864361 0.3621346 0.9593381 0.2973119 0.9575057 0.3048878 0.9907671 0.3419415 0.9610754 0.2890244 0.9593381 0.2973119 0.9629313 0.2787027 0.9610754 0.2890244 0.9907671 0.3419415 0.997269 0.2920812 0.96482 0.2647608 0.9640933 0.2711366 0.997269 0.2920812 0.9993008 0.2617495 0.9666155 0.2456258 0.9993008 0.2617495 0.9998447 0.2463234 0.9671118 0.2391999 0.9998447 0.2463234 1 0.2304933 0.9675281 0.2327119 1 0.2304933 0.9992306 0.1984053 0.9685115 0.2116263 0.9992306 0.1984053 0.9971793 0.1670281 0.9690625 0.1904866 0.994036 0.1378814 0.9667533 0.1711595 0.9691095 0.1829888 0.9921132 0.1246299 0.9655484 0.1657375 0.9667533 0.1711595 0.9899873 0.1125121 0.9643297 0.160675 0.9655484 0.1657375 0.9876806 0.1017186 0.9637361 0.1584197 0.9643297 0.160675 0.9837574 0.08766329 0.9623779 0.1538853 0.9637361 0.1584197 0.9837574 0.08766329 0.9788959 0.07443034 0.9603853 0.1480854 0.9788959 0.07443034 0.9731844 0.06207108 0.9573621 0.1402196 0.9731844 0.06207108 0.9667109 0.05065011 0.953788 0.1317564 0.9667109 0.05065011 0.9518293 0.03086119 0.9428594 0.1087661 0.9349442 0.01555138 0.9291393 0.09181821 0.9365568 0.09716081 0.9167593 0.005189895 0.9133777 0.08402115 0.9194064 0.08642274 0.8979753 2.69353e-4 0.8967459 0.08222633 0.8992157 0.08207887 0.888764 0.03388035 0.8960604 0.0823459 0.8979753 2.69353e-4 0.8792885 0.001268386 0.8803924 0.04013025 0.8885592 0.03260761 0.7318709 0.04771715 0.7406911 0.05175095 0.7403294 0.002550721 0.6966853 0.05455929 0.7056751 0.04914426 0.7154051 0.00919044 0.6606186 0.06416636 0.6639998 0.07535946 0.6753109 0.03112602 0.6556903 0.0449351 0.6539498 0.05621188 0.6606186 0.06416636 0.6528457 0.06793481 0.6639998 0.07535946 0.6606186 0.06416636 0.6705423 0.09608393 0.6706938 0.09446495 0.6517969 0.09164065 0.6510351 0.1139339 0.6690583 0.1233893 0.6692399 0.1186444 0.650291 0.1238911 0.6679717 0.142155 0.6679859 0.1417472 0.649051 0.1326913 0.6615661 0.2400572 0.6679717 0.142155 0.649051 0.1326913 0.6457254 0.1275386 0.6272996 0.159803 0.6457254 0.1275386 0.6463977 0.1024109 0.6279652 0.1011648 0.6463977 0.1024109 0.6461257 0.08104687 0.6278558 0.08808946 0.6461257 0.08104687 0.6449156 0.06313043 0.6275938 0.08069348 0.6449156 0.06313043 0.6427763 0.04835951 0.6273752 0.07762205 0.6427763 0.04835951 0.6397165 0.03643691 0.6272173 0.07624721 0.6397165 0.03643691 0.6357411 0.02704197 0.6267307 0.07324445 0.6357411 0.02704197 0.6308616 0.01988643 0.6252436 0.06604921 0.6308616 0.01988643 0.6250829 0.01465922 0.6221892 0.05355632 0.6250829 0.01465922 0.6184152 0.01106292 0.6173402 0.03586 0.6184152 0.01106292 0.6108691 0.008795619 0.6118499 0.01728922 0.6108691 0.008795619 0.6092122 0.01395303 0.6118499 0.01728922 0.6111291 0.4928143 0.6494978 0.4982128 0.6485995 0.2653437 0.6111291 0.4928143 0.6082038 0.5809424 0.6447932 0.5985354 0.6231707 0.6448521 0.6358172 0.6163474 0.6082038 0.5809424 0.6140967 0.6639317 0.6169106 0.6575701 0.6049275 0.630222 0.6028254 0.6512933 0.6003887 0.6696652 0.6066754 0.6791633 0.6003887 0.6696652 0.5975935 0.6850911 0.6025387 0.6865697 0.5975935 0.6850911 0.5992503 0.7005637 0.6025387 0.6865697 0.6160278 0.7012373 0.6169106 0.6575701 0.6140967 0.6639317 0.6307899 0.706432 0.6358172 0.6163474 0.6231707 0.6448521 0.6438101 0.7159571 0.6539008 0.6135317 0.6358172 0.6163474 0.6438101 0.7159571 0.6553572 0.7296221 0.6651422 0.6636214 0.6553572 0.7296221 0.6657075 0.7472273 0.6737086 0.7079741 0.6657075 0.7472273 0.6751346 0.7685821 0.6804227 0.7484369 0.6751346 0.7685821 0.6839073 0.7934821 0.6837464 0.7715044 0.6839073 0.7934821 0.6888823 0.7780142 0.6837464 0.7715044 0.6615661 0.2400572 0.6485995 0.2653437 0.6494978 0.4982128 0.687209 0.1293041 0.6692399 0.1186444 0.6690583 0.1233893 0.6883221 0.115509 0.6705423 0.09608393 0.6703803 0.09868603 0.6883221 0.115509 0.6899595 0.1043996 0.677095 0.07830756 0.6851234 0.06424528 0.6782255 0.07623022 0.6899595 0.1043996 0.6922035 0.09653782 0.6997705 0.08789092 0.6966853 0.05455929 0.6997705 0.08789092 0.7071434 0.08304005 0.7056751 0.04914426 0.7142847 0.08172059 0.7144625 0.04593932 0.7056751 0.04914426 0.7211511 0.08365345 0.7231676 0.04566347 0.7169337 0.04561686 0.7277037 0.08857411 0.7318709 0.04771715 0.7231676 0.04566347 0.7338992 0.09621268 0.7406911 0.05175095 0.7318709 0.04771715 0.7397004 0.1062953 0.7495123 0.05886989 0.7478435 0.05733883 0.7450639 0.118557 0.7583224 0.06884121 0.7495123 0.05886989 0.7499477 0.1327332 0.7669549 0.08197093 0.7651575 0.07888275 0.7543146 0.1485403 0.7744053 0.1003929 0.7738993 0.09851622 0.7768729 0.1135097 0.775873 0.1073359 0.7543146 0.1485403 0.7796938 0.1434373 0.7789096 0.1315809 0.7581198 0.165718 0.7804552 0.1713627 0.7802972 0.1568755 0.7613245 0.1839874 0.7796362 0.2022567 0.780311 0.1866989 0.7638881 0.2030982 0.7768787 0.2336657 0.7785372 0.2180188 0.7657691 0.222757 0.7720088 0.2627068 0.7745614 0.2493234 0.7669269 0.2427086 0.7673214 0.2626835 0.766912 0.282384 0.7713947 0.2655082 0.766912 0.282384 0.7728013 0.2776216 0.7713947 0.2655082 0.7783096 0.2695833 0.7745614 0.2493234 0.7720088 0.2627068 0.7833832 0.2586596 0.7768787 0.2336657 0.7761325 0.2392579 0.7879668 0.2452362 0.7785372 0.2180188 0.7768787 0.2336657 0.7920155 0.2296894 0.7796362 0.2022567 0.778952 0.2129893 0.7954771 0.2124187 0.780311 0.1866989 0.7796362 0.2022567 0.7983022 0.1938053 0.7804552 0.1713627 0.7803561 0.1848529 0.8004401 0.1742302 0.7802972 0.1568755 0.7804552 0.1713627 0.8018414 0.1540834 0.7796938 0.1434373 0.7802636 0.15573 0.8024555 0.1337507 0.7789096 0.1315809 0.7796938 0.1434373 0.8022329 0.113618 0.7779312 0.1215428 0.7784865 0.126769 0.8011244 0.09407073 0.7768729 0.1135097 0.7779312 0.1215428 0.7990791 0.07549446 0.775873 0.1073359 0.7768729 0.1135097 0.7960463 0.05827486 0.7749195 0.1025227 0.775873 0.1073359 0.7919797 0.04279321 0.7738993 0.09851622 0.7744053 0.1003929 0.7919797 0.04279321 0.7868239 0.02944874 0.7724466 0.09406882 0.7868239 0.02944874 0.7819101 0.02076917 0.7711776 0.09081792 0.7819101 0.02076917 0.7762867 0.01392972 0.7687714 0.08551067 0.7651575 0.07888275 0.7669549 0.08197093 0.7762867 0.01392972 0.7700315 0.00878632 0.7632263 0.005208432 0.7607256 0.07206773 0.7495123 0.05886989 0.7583224 0.06884121 0.7632263 0.005208432 0.7482953 0.002225518 0.7403294 0.002550721 0.7411143 0.05203425 0.5471757 0.04128307 0.5511632 0.1038934 0.5560232 0.09874969 0.5383597 0.04793202 0.5447529 0.1135883 0.5504255 0.1047837 0.5304371 0.05693203 0.5397678 0.1228658 0.5409057 0.120422 0.5231075 0.06877112 0.5352978 0.133852 0.5397678 0.1228658 0.5195713 0.07591259 0.5240889 0.168295 0.5248632 0.1655237 0.5030287 0.1425835 0.5148596 0.1814739 0.5240889 0.168295 0.489808 0.04988819 0.4765443 0.04283493 0.4736744 0.1135271 0.4765443 0.04283493 0.464322 0.03971731 0.4636904 0.1062192 0.4531096 0.04051184 0.4550766 0.1128838 0.4631303 0.1059039 0.4428802 0.0451861 0.4482001 0.1202905 0.4550766 0.1128838 0.4336085 0.05372142 0.4427849 0.1281146 0.4444245 0.1253131 0.425266 0.06609022 0.4385127 0.1368389 0.4427849 0.1281146 0.4112495 0.1022111 0.4314536 0.1574162 0.4347843 0.1459906 0.4112495 0.1022111 0.4055245 0.1259217 0.4279886 0.1713013 0.4006137 0.1533539 0.4246624 0.1894151 0.4278493 0.1719449 0.3964918 0.184494 0.4213552 0.2119393 0.422779 0.2013175 0.3931318 0.2193093 0.418456 0.2379748 0.4190781 0.2316095 0.3885841 0.2998545 0.4138203 0.3090791 0.4164548 0.263833 0.386745 0.3948035 0.4116836 0.3970726 0.4117075 0.3912891 0.3867734 0.4476097 0.4126004 0.5548841 0.4116836 0.3970726 0.3867734 0.4476097 0.3805838 0.4419271 0.3760782 0.5011504 0.3805838 0.4419271 0.3747243 0.4386561 0.3726227 0.4934683 0.3691831 0.4376245 0.3692174 0.4901266 0.3705239 0.4893605 0.3639482 0.4386653 0.366149 0.4925448 0.3692174 0.4901266 0.3590165 0.4415972 0.3634234 0.4952662 0.366149 0.4925448 0.3543762 0.4462389 0.3608671 0.498367 0.3634234 0.4952662 0.3500212 0.4524139 0.358357 0.5019475 0.3608671 0.498367 0.3500212 0.4524139 0.3459471 0.4599505 0.3557947 0.5061416 0.3459471 0.4599505 0.3421404 0.4686624 0.3531271 0.5110408 0.3460794 0.5027707 0.3526012 0.5121067 0.3421404 0.4686624 0.3385981 0.478378 0.3353129 0.488916 0.3460794 0.5027707 0.3351202 0.5297532 0.3492301 0.5282312 0.3460794 0.5027707 0.3351202 0.5297532 0.3354414 0.5416154 0.3476123 0.5368739 0.3354414 0.5416154 0.3360285 0.5525669 0.3461311 0.5455824 0.3360285 0.5525669 0.3369294 0.5626031 0.3449022 0.5538493 0.3369294 0.5626031 0.3381873 0.5716914 0.3438495 0.5623931 0.3381873 0.5716914 0.3398471 0.5798318 0.3428809 0.5726136 0.3398471 0.5798318 0.3419507 0.5869827 0.3428809 0.5726136 0.3635269 0.5560098 0.3705239 0.4893605 0.3692174 0.4901266 0.4068748 0.594209 0.4049991 0.5731974 0.3635269 0.5560098 0.3884317 0.6954014 0.4398832 0.6902393 0.4068748 0.594209 0.4365905 0.3930099 0.4117075 0.3912891 0.4116836 0.3970726 0.4380606 0.3351856 0.4131932 0.3249419 0.4117075 0.3912891 0.441204 0.2827931 0.4164548 0.263833 0.4138203 0.3090791 0.4435301 0.259287 0.4190781 0.2316095 0.418456 0.2379748 0.44643 0.2379275 0.422779 0.2013175 0.4213552 0.2119393 0.4499542 0.2189655 0.4278493 0.1719449 0.4246624 0.1894151 0.4427849 0.1281146 0.4385127 0.1368389 0.4541524 0.2026753 0.4647851 0.1791368 0.4631303 0.1059039 0.4550766 0.1128838 0.4813894 0.1997899 0.5030287 0.1425835 0.4845064 0.1230287 0.5139943 0.2229747 0.5146321 0.1879641 0.4813894 0.1997899 0.4859325 0.287444 0.5130932 0.2826418 0.5132714 0.2574573 0.4862015 0.3880801 0.4849122 0.5736429 0.5122339 0.5721387 0.5128424 0.6108294 0.5122339 0.5721387 0.4849122 0.5736429 0.4858564 0.6244465 0.4880316 0.6726062 0.4968357 0.6675888 0.4880316 0.6726062 0.4896929 0.6954014 0.4968357 0.6675888 0.541143 0.6954014 0.5128424 0.6108294 0.5110645 0.6166874 0.5383104 0.3293869 0.512223 0.3209631 0.5116906 0.3881638 0.5409532 0.2747455 0.5132714 0.2574573 0.5130932 0.2826418 0.5429747 0.2498176 0.5139943 0.2229747 0.5139782 0.2264962 0.5455279 0.2267761 0.5146321 0.1879641 0.5139943 0.2229747 0.5248632 0.1655237 0.5240889 0.168295 0.5455279 0.2267761 0.5486608 0.205858 0.5524227 0.1872819 0.5325036 0.1414303 0.5397678 0.1228658 0.5352978 0.133852 0.5524227 0.1872819 0.5504255 0.1047837 0.5447529 0.1135883 0.5568643 0.1712843 0.5560232 0.09874969 0.5511632 0.1038934 0.562032 0.1580792 0.5679751 0.147913 0.5747444 0.1409944 0.5722845 0.1083967 0.5747444 0.1409944 0.5823846 0.1375608 0.5819629 0.1178988 0.5823846 0.1375608 0.5909437 0.1378349 0.5863449 0.1233846 0.5909437 0.1378349 0.5909437 0.117205 0.5863449 0.1233846 0.5627267 0.03461545 0.5586839 0.07208991 0.5722845 0.1083967 0.5627267 0.03461545 0.5571825 0.03647869 0.5586839 0.07208991 0.1629705 0.05089181 0.1668463 0.1019744 0.1705601 0.0994749 0.1560339 0.05764764 0.1622115 0.1066266 0.1635864 0.1049432 0.1495634 0.06722378 0.1578623 0.1130838 0.1622115 0.1066266 0.1436188 0.07936489 0.1538779 0.1215274 0.1571955 0.1142545 0.1382659 0.0938059 0.1502481 0.1314483 0.1518048 0.1267486 0.1335703 0.1103051 0.147041 0.1427781 0.1476441 0.1404185 0.1295962 0.128598 0.1442741 0.1552898 0.1445882 0.1537749 0.1295962 0.128598 0.1264051 0.1484287 0.1418813 0.1686607 0.1264051 0.1484287 0.1240655 0.1695466 0.1397376 0.1827574 0.1226402 0.1916913 0.1380146 0.1978961 0.1380096 0.1964244 0.1221935 0.2146119 0.138429 0.2141485 0.1380146 0.1978961 0.1227896 0.2380529 0.1392107 0.230359 0.138429 0.2141485 0.1244943 0.2617495 0.1404161 0.2471608 0.1392107 0.230359 0.1244943 0.2617495 0.1261869 0.2760418 0.1412061 0.2555207 0.1261869 0.2760418 0.1283189 0.2889356 0.1421571 0.2637044 0.1283189 0.2889356 0.1308183 0.3006583 0.1433218 0.272221 0.1336106 0.3114566 0.1446985 0.2802861 0.1444659 0.2796253 0.1493931 0.3598347 0.1671369 0.337072 0.1446985 0.2802861 0.1723753 0.9227354 0.1772705 0.9074937 0.1750224 0.890379 0.1249126 0.86269 0.1233389 0.9189692 0.1350291 0.9248353 0.1029449 0.8537642 0.1001846 0.9038613 0.1022211 0.9054406 0.1029449 0.8537642 0.08200812 0.8399181 0.07843369 0.8841028 0.05860066 0.8611219 0.07561284 0.8811838 0.06228148 0.822048 0.03816998 0.7935193 0.03399491 0.8224248 0.04277324 0.8375844 0.02219378 0.797499 0.02837753 0.8113358 0.03816998 0.7935193 0 0.7315875 0.002544224 0.7542619 0.005285143 0.7506009 0.00611788 0.7758443 0.01066166 0.7674109 0.005285143 0.7506009 0.01062971 0.7963303 0.01626342 0.7828629 0.01066166 0.7674109 0.01599168 0.8157289 0.02219378 0.797499 0.01626342 0.7828629 0.02211552 0.8340682 0.02837753 0.8113358 0.02219378 0.797499 0.03629946 0.8676198 0.04277324 0.8375844 0.03399491 0.8224248 0.05247789 0.8971569 0.05860066 0.8611219 0.05813646 0.8604994 0.06994867 0.9228329 0.07561284 0.8811838 0.05860066 0.8611219 0.09704214 0.9544376 0.1022211 0.9054406 0.1001846 0.9038613 0.1311321 0.984509 0.1350291 0.9248353 0.1233389 0.9189692 0.1709693 1 0.1723753 0.9227354 0.1683887 0.9335688 0.2147657 0.9984574 0.2136596 0.9280518 0.1962797 0.9315754 0.246758 0.9898477 0.2436748 0.9165709 0.2290104 0.9231373 0.2768933 0.9733809 0.2713598 0.8971674 0.2698683 0.8985557 0.2954562 0.9573881 0.2871639 0.8795281 0.2856261 0.8815246 0.3124473 0.9369253 0.3007688 0.8580848 0.2940397 0.8693279 0.327568 0.9116025 0.3120594 0.8329972 0.3099138 0.838415 0.3343328 0.896999 0.3159829 0.821891 0.3120594 0.8329972 0.3405194 0.8810293 0.3195801 0.8096823 0.3175396 0.817088 0.346089 0.8636565 0.3225544 0.7977994 0.3195801 0.8096823 0.3510013 0.84482 0.3250489 0.7862976 0.3247413 0.7880728 0.3552248 0.8244735 0.3267856 0.7748426 0.3250489 0.7862976 0.3586191 0.8025889 0.3280662 0.7648323 0.3267856 0.7748426 0.3288795 0.7568668 0.3280662 0.7648323 0.3586191 0.8025889 0.3620135 0.7585831 0.3293573 0.7494231 0.3292436 0.7521332 0.3620135 0.7585831 0.3621435 0.7365964 0.3295039 0.7416173 0.3621435 0.7365964 0.3613142 0.7147026 0.3294763 0.7326638 0.3613142 0.7147026 0.3595932 0.6929853 0.3292284 0.721943 0.3284838 0.7093438 0.328969 0.71566 0.3595932 0.6929853 0.357043 0.6714865 0.3537308 0.6502897 0.327141 0.6950312 0.3254745 0.6804509 0.3257644 0.6824288 0.3537308 0.6502897 0.339865 0.58912 0.3190786 0.6446292 0.3210611 0.6542485 0.314648 0.5156746 0.2988919 0.5782359 0.3042732 0.5925841 0.3003236 0.4836052 0.2862381 0.5505881 0.2920504 0.562712 0.2728729 0.5276742 0.285458 0.5491138 0.3003236 0.4836052 0.2545509 0.4868372 0.2589869 0.5080716 0.2781587 0.4428053 0.2636909 0.4212321 0.2500747 0.4047746 0.2455183 0.4470151 0.2500747 0.4047746 0.2378314 0.3939625 0.2365406 0.4111392 0.2378314 0.3939625 0.2323918 0.3908401 0.2332119 0.3990567 0.2323918 0.3908401 0.2307335 0.3959882 0.2332119 0.3990567 0.2323948 0.576663 0.2436626 0.545598 0.2455183 0.4470151 0.2323948 0.576663 0.241284 0.5808076 0.2436626 0.545598 0.2515029 0.5894452 0.2599154 0.5091462 0.2589869 0.5080716 0.2622761 0.6022321 0.2728729 0.5276742 0.2654823 0.5165858 0.2622761 0.6022321 0.2728386 0.618829 0.285458 0.5491138 0.2728386 0.618829 0.2777972 0.6284471 0.2920504 0.562712 0.2824136 0.6388921 0.2982741 0.5767195 0.2920504 0.562712 0.2865923 0.6501178 0.3042732 0.5925841 0.2988919 0.5782359 0.2932481 0.6747529 0.315765 0.6304866 0.3101985 0.6100661 0.2955338 0.6880741 0.3210611 0.6542485 0.3190786 0.6446292 0.296995 0.702004 0.3257644 0.6824288 0.3254745 0.6804509 0.2975358 0.71651 0.328969 0.71566 0.3284838 0.7093438 0.2970607 0.7315317 0.3292436 0.7521332 0.3293573 0.7494231 0.3250489 0.7862976 0.3267856 0.7748426 0.2954741 0.7470461 0.3195801 0.8096823 0.3225544 0.7977994 0.2954741 0.7470461 0.3120594 0.8329972 0.3159829 0.821891 0.2926355 0.7618077 0.2889767 0.7752962 0.2845814 0.7875765 0.3020591 0.8555956 0.2940397 0.8693279 0.3007688 0.8580848 0.2845814 0.7875765 0.2739083 0.8087362 0.2856261 0.8815246 0.2871639 0.8795281 0.2612677 0.8257141 0.2698683 0.8985557 0.2713598 0.8971674 0.2612677 0.8257141 0.2473198 0.8389516 0.2531823 0.9109834 0.225376 0.8527607 0.2290104 0.9231373 0.2436748 0.9165709 0.2041703 0.8606362 0.1962797 0.9315754 0.2136596 0.9280518 0.2025075 0.8554695 0.1750224 0.890379 0.1772705 0.9074937 0.1818975 0.3478594 0.176757 0.3666282 0.2041658 0.359844 0.225745 0.2772313 0.2109951 0.2525222 0.2070271 0.278044 0.228119 0.2538554 0.2119244 0.2417563 0.2109951 0.2525222 0.2129015 0.2261056 0.2119244 0.2417563 0.228119 0.2538554 0.2293455 0.2309393 0.2295144 0.2086599 0.2134938 0.2109649 0.2287091 0.1871656 0.2134948 0.1959439 0.2137071 0.1980477 0.2270149 0.1666054 0.21176 0.182088 0.2134948 0.1959439 0.2245169 0.1471557 0.2097706 0.1688052 0.21176 0.182088 0.2213034 0.1289604 0.2073834 0.1561495 0.2095934 0.1677888 0.2174564 0.1121776 0.2045807 0.1442682 0.2069106 0.1539629 0.2130655 0.09697473 0.2013911 0.1333975 0.2036905 0.140968 0.208213 0.08350485 0.1978816 0.1237403 0.1999417 0.1291231 0.2029855 0.07192134 0.1941553 0.1154342 0.1957658 0.1188011 0.1974682 0.06239169 0.1903253 0.1085187 0.191276 0.1101178 0.1974682 0.06239169 0.1917477 0.05506426 0.1864957 0.1029368 0.1917477 0.05506426 0.1859077 0.05009728 0.1827835 0.09837412 0.1779717 0.04686337 0.1770238 0.0977751 0.1822062 0.09780174 0.170303 0.04721188 0.1717587 0.09893643 0.1770238 0.0977751 0.1543651 0.2049707 0.1380096 0.1964244 0.1380146 0.1978961 0.1587291 0.1829188 0.1445882 0.1537749 0.1442741 0.1552898 0.1608386 0.173705 0.1476441 0.1404185 0.147041 0.1427781 0.1631872 0.1657737 0.1518048 0.1267486 0.1502481 0.1314483 0.1659899 0.1591898 0.1571955 0.1142545 0.1538779 0.1215274 0.1694619 0.1540183 0.1635864 0.1049432 0.1622115 0.1066266 0.1738169 0.1503245 0.1705601 0.0994749 0.1668463 0.1019744 0.1792699 0.1481593 0.1822062 0.09780174 0.1770238 0.0977751 0.1830363 0.1543435 0.191276 0.1101178 0.1903253 0.1085187 0.1862304 0.1606348 0.1957658 0.1188011 0.1941553 0.1154342 0.1889659 0.1673581 0.1999417 0.1291231 0.1978816 0.1237403 0.1913533 0.1748342 0.2036905 0.140968 0.2013911 0.1333975 0.1935047 0.1833788 0.2069106 0.1539629 0.2045807 0.1442682 0.1955276 0.1933128 0.2095934 0.1677888 0.2073834 0.1561495 0.197534 0.2049614 0.2137071 0.1980477 0.2134948 0.1959439 0.1942144 0.2514346 0.2070271 0.278044 0.2109951 0.2525222 0.1942144 0.2514346 0.1863156 0.2686727 0.1950792 0.3126772 0.1836563 0.273161 0.1911783 0.3227477 0.1950792 0.3126772 0.180628 0.2769711 0.1867361 0.3329591 0.1911783 0.3227477 0.1770245 0.2800703 0.1818975 0.3478594 0.184416 0.3376779 0.1726321 0.2824167 0.1747986 0.3614411 0.1818975 0.3478594 0.1726276 0.2824167 0.1672452 0.3377091 0.1747986 0.3614411 0.8803924 0.04013025 0.8792885 0.001268386 0.8634259 0.0426886 0.8634259 0.0426886 0.8657513 0.05583482 0.8803924 0.04013025 0.8613994 0.008670032 0.8529734 0.01491945 0.8607246 0.02910023 0.8607246 0.02910023 0.8634259 0.0426886 0.8613994 0.008670032 0.8549244 0.03652596 0.8529734 0.01491945 0.8450088 0.02294844 0.8478623 0.04660373 0.8450088 0.02294844 0.8375942 0.03281736 0.8414076 0.05694431 0.8375942 0.03281736 0.830816 0.0445913 0.8302399 0.07859301 0.8355495 0.06757199 0.830816 0.0445913 0.8253856 0.09024995 0.8302399 0.07859301 0.8247608 0.05832606 0.8208283 0.1030548 0.8253856 0.09024995 0.8195199 0.07407253 0.8207992 0.1031515 0.8208283 0.1030548 0.8151754 0.09191006 0.8178242 0.1144853 0.8151754 0.09191006 0.8118169 0.1118895 0.8118169 0.1118895 0.816909 0.118507 0.8178242 0.1144853 0.8118169 0.1118895 0.809534 0.134062 0.8153834 0.126604 0.8153834 0.126604 0.816909 0.118507 0.8118169 0.1118895 0.8134021 0.1398209 0.8137443 0.1370713 0.809534 0.134062 0.809534 0.134062 0.8084121 0.1584882 0.8127074 0.1469023 0.8127074 0.1469023 0.8150439 0.1584882 0.8169547 0.1461984 0.8169547 0.1461984 0.8191778 0.1360182 0.8137443 0.1370713 0.8191778 0.1360182 0.821734 0.1274874 0.816909 0.118507 0.816909 0.118507 0.8153834 0.126604 0.8191778 0.1360182 0.8178242 0.1144853 0.821734 0.1274874 0.8246502 0.1201044 0.8316437 0.1068621 0.8549244 0.03652596 0.8478623 0.04660373 0.8316437 0.1068621 0.8478623 0.04660373 0.8414076 0.05694431 0.8316437 0.1068621 0.8414076 0.05694431 0.8355495 0.06757199 0.8316437 0.1068621 0.8355495 0.06757199 0.8302399 0.07859301 0.8316437 0.1068621 0.8302399 0.07859301 0.8253856 0.09024995 0.8246502 0.1201044 0.8316437 0.1068621 0.8253856 0.09024995 0.8246502 0.1201044 0.8253856 0.09024995 0.8208283 0.1030548 0.8316437 0.1068621 0.8657513 0.05583482 0.8634259 0.0426886 0.8346106 0.1378582 0.8316437 0.1068621 0.8233535 0.1376351 0.8634259 0.0426886 0.8607246 0.02910023 0.8316437 0.1068621 0.8308846 0.1486871 0.8346106 0.1378582 0.8233535 0.1376351 0.8233535 0.1376351 0.8297476 0.1524378 0.8308846 0.1486871 0.8279965 0.1589232 0.8297476 0.1524378 0.8233535 0.1376351 0.8263946 0.1655204 0.8279965 0.1589232 0.8213964 0.1468768 0.8250834 0.1717933 0.8263946 0.1655204 0.8197724 0.1566017 0.8240299 0.1780192 0.8250834 0.1717933 0.818625 0.1667447 0.8231391 0.1851074 0.8240299 0.1780192 0.8181006 0.1772364 0.8223348 0.1949014 0.8231391 0.1851074 0.8183411 0.1880066 0.8360404 0.1679993 0.8297476 0.1524378 0.8279965 0.1589232 0.8360404 0.1679993 0.8279965 0.1589232 0.8263946 0.1655204 0.8360404 0.1679993 0.8263946 0.1655204 0.8250834 0.1717933 0.8360404 0.1679993 0.8250834 0.1717933 0.8240299 0.1780192 0.8360404 0.1679993 0.8240299 0.1780192 0.8231391 0.1851074 0.8360404 0.1679993 0.8231391 0.1851074 0.8223348 0.1949014 0.8223348 0.1949014 0.8216876 0.2101048 0.8360404 0.1679993 0.8308846 0.1486871 0.8360404 0.1679993 0.8393765 0.1604396 0.8432624 0.153326 0.8803924 0.04013025 0.8657513 0.05583482 0.8432624 0.153326 0.8657513 0.05583482 0.8346106 0.1378582 0.8346106 0.1378582 0.8393765 0.1604396 0.8432624 0.153326 0.8901828 0.09241569 0.8960604 0.0823459 0.888764 0.03388035 0.8747395 0.1230504 0.8823163 0.1073545 0.888764 0.03388035 0.8747395 0.1230504 0.888764 0.03388035 0.8432624 0.153326 0.888764 0.03388035 0.8885592 0.03260761 0.8432624 0.153326 0.8401837 0.2056016 0.8747395 0.1230504 0.8432624 0.153326 0.8432624 0.153326 0.8333243 0.1910965 0.8401837 0.2056016 0.8382236 0.2112091 0.8401837 0.2056016 0.8333243 0.1910965 0.8314733 0.2014254 0.8299868 0.2135711 0.8357042 0.2189321 0.8324761 0.2300767 0.8357042 0.2189321 0.8299868 0.2135711 0.8402743 0.2336807 0.8357042 0.2189321 0.8324761 0.2300767 0.8324761 0.2300767 0.8283315 0.2462445 0.8402743 0.2336807 0.8402743 0.2336807 0.8811246 0.1761816 0.8401837 0.2056016 0.8402743 0.2336807 0.8401837 0.2056016 0.8382236 0.2112091 0.8382236 0.2112091 0.8376612 0.2130693 0.8402743 0.2336807 0.8747395 0.1230504 0.8811246 0.1761816 0.8874995 0.1702575 0.8823163 0.1073545 0.8874995 0.1702575 0.8941553 0.1658155 0.9011456 0.1631484 0.8967459 0.08222633 0.8960604 0.0823459 0.9011456 0.1631484 0.8960604 0.0823459 0.8901828 0.09241569 0.8901828 0.09241569 0.8941553 0.1658155 0.9011456 0.1631484 0.9091292 0.08297783 0.8992157 0.08207887 0.9011456 0.1631484 0.908517 0.1625584 0.91632 0.1643472 0.9133777 0.08402115 0.9133777 0.08402115 0.9091292 0.08297783 0.908517 0.1625584 0.91632 0.1643472 0.9246072 0.1688124 0.9291393 0.09181821 0.9291393 0.09181821 0.9194064 0.08642274 0.91632 0.1643472 0.936229 0.2049567 0.9667533 0.1711595 0.9655484 0.1657375 0.936229 0.2049567 0.9655484 0.1657375 0.9643297 0.160675 0.936229 0.2049567 0.9643297 0.160675 0.9637361 0.1584197 0.936229 0.2049567 0.9637361 0.1584197 0.9623779 0.1538853 0.936229 0.2049567 0.9623779 0.1538853 0.9603853 0.1480854 0.936229 0.2049567 0.9603853 0.1480854 0.9573621 0.1402196 0.936229 0.2049567 0.9573621 0.1402196 0.953788 0.1317564 0.936229 0.2049567 0.953788 0.1317564 0.9428594 0.1087661 0.9246072 0.1688124 0.936229 0.2049567 0.9428594 0.1087661 0.9428594 0.1087661 0.9365568 0.09716081 0.9246072 0.1688124 0.9339013 0.2240626 0.96482 0.2647608 0.9666155 0.2456258 0.9339013 0.2240626 0.9666155 0.2456258 0.9671118 0.2391999 0.936229 0.2049567 0.9339013 0.2240626 0.9671118 0.2391999 0.936229 0.2049567 0.9671118 0.2391999 0.9675281 0.2327119 0.936229 0.2049567 0.9675281 0.2327119 0.9685115 0.2116263 0.936229 0.2049567 0.9685115 0.2116263 0.9690625 0.1904866 0.9690625 0.1904866 0.9691095 0.1829888 0.936229 0.2049567 0.9304473 0.2409242 0.9593381 0.2973119 0.9610754 0.2890244 0.9304473 0.2409242 0.9573175 0.3055708 0.9575057 0.3048878 0.9339013 0.2240626 0.9304473 0.2409242 0.9610754 0.2890244 0.9339013 0.2240626 0.9610754 0.2890244 0.9629313 0.2787027 0.9629313 0.2787027 0.9640933 0.2711366 0.9339013 0.2240626 0.9551493 0.3121194 0.9573175 0.3055708 0.9304473 0.2409242 0.9485624 0.3290011 0.9522117 0.3200518 0.9304473 0.2409242 0.9480866 0.33008 0.9485624 0.3290011 0.9304473 0.2409242 0.9304473 0.2409242 0.9260011 0.2557789 0.9480866 0.33008 0.9445744 0.3368503 0.9480866 0.33008 0.9260011 0.2557789 0.9260011 0.2557789 0.9206975 0.2688772 0.9384226 0.3474323 0.9286732 0.3619281 0.9384226 0.3474323 0.9206975 0.2688772 0.9116978 0.3832754 0.9286732 0.3619281 0.9146662 0.2804467 0.8495655 0.3553509 0.8646801 0.4448279 0.8745539 0.4292525 0.8495655 0.3553509 0.8745539 0.4292525 0.8844087 0.4153544 0.9009544 0.299966 0.8495655 0.3553509 0.8844087 0.4153544 0.9009544 0.299966 0.8844087 0.4153544 0.9016521 0.394201 0.9016521 0.394201 0.9116978 0.3832754 0.9009544 0.299966 0.8623324 0.4490099 0.8495655 0.3553509 0.8435612 0.3647971 0.8599657 0.4539117 0.8435612 0.3647971 0.8382889 0.3753444 0.8576067 0.4593693 0.8382889 0.3753444 0.8346899 0.3842097 0.8546956 0.4671111 0.8562385 0.4628692 0.8346899 0.3842097 0.8533709 0.4710573 0.8546956 0.4671111 0.831321 0.3938044 0.8521833 0.4749103 0.8533709 0.4710573 0.8282045 0.4042124 0.8510578 0.4789079 0.8521833 0.4749103 0.8253644 0.4155031 0.8499276 0.4833198 0.8510578 0.4789079 0.8228201 0.4277417 0.8487172 0.4885283 0.8499276 0.4833198 0.8205941 0.4410025 0.8473632 0.4949564 0.8487172 0.4885283 0.8187116 0.4553458 0.8458189 0.5030484 0.8473632 0.4949564 0.8171922 0.4708555 0.8160613 0.4875964 0.8153397 0.5056337 0.8456908 0.5037886 0.8456908 0.5037886 0.8458189 0.5030484 0.8160613 0.4875964 0.8457567 0.5136904 0.8153397 0.5056337 0.8150513 0.5250509 0.8459917 0.5259228 0.8150513 0.5250509 0.8153322 0.5562096 0.8467164 0.5491549 0.8153322 0.5562096 0.8163676 0.5837767 0.8483972 0.580891 0.8475436 0.5672983 0.8163676 0.5837767 0.8492171 0.5907536 0.8483972 0.580891 0.8181155 0.6080401 0.8499886 0.5979996 0.8492171 0.5907536 0.8205388 0.6292834 0.8507757 0.6039459 0.8499886 0.5979996 0.8235955 0.6477853 0.851732 0.6099404 0.8507757 0.6039459 0.8272468 0.6638339 0.8530817 0.6171749 0.851732 0.6099404 0.8314524 0.677708 0.8361749 0.6896864 0.8413724 0.7000617 0.8548316 0.6254388 0.8548316 0.6254388 0.8530817 0.6171749 0.8361749 0.6896864 0.8583468 0.6314544 0.8551239 0.6259892 0.8413724 0.7000617 0.8683599 0.6464536 0.8583468 0.6314544 0.8470063 0.7091083 0.8594245 0.7243577 0.9030265 0.7676807 0.8847829 0.6664905 0.9041202 0.681301 0.8945198 0.6750258 0.9030265 0.7676807 0.8594245 0.7243577 0.8847829 0.6664905 0.8748954 0.6554217 0.8748954 0.6554217 0.8683599 0.6464536 0.8594245 0.7243577 0.9030265 0.7676807 0.9070801 0.6826574 0.9041202 0.681301 0.9070801 0.6826574 0.9030265 0.7676807 0.9112854 0.7672997 0.9112854 0.7672997 0.9193768 0.7651019 0.9134966 0.6819395 0.9134966 0.6819395 0.9098947 0.6825206 0.9112854 0.7672997 0.9193768 0.7651019 0.9272277 0.7611246 0.9218412 0.6785443 0.9272277 0.7611246 0.9347694 0.7554143 0.9227749 0.6780162 0.9227749 0.6780162 0.9218412 0.6785443 0.9272277 0.7611246 0.9323409 0.6700672 0.9272959 0.6745857 0.9347694 0.7554143 0.9369501 0.6652414 0.9323409 0.6700672 0.9419316 0.7480033 0.9380291 0.663928 0.9369501 0.6652414 0.9486441 0.7389335 0.9486441 0.7389335 0.9548352 0.7282375 0.9410043 0.6596989 0.9445434 0.6539465 0.9410043 0.6596989 0.9548352 0.7282375 0.9476051 0.6482291 0.9445434 0.6539465 0.9604392 0.7159571 0.9502621 0.642498 0.9476051 0.6482291 0.9653813 0.7021388 0.9526411 0.6365342 0.9502621 0.642498 0.9695928 0.6868103 0.9549118 0.629886 0.9526411 0.6365342 0.9730036 0.6700136 0.9572906 0.6217011 0.9549118 0.629886 0.9755464 0.6517858 0.9600101 0.6106761 0.9572906 0.6217011 0.9771465 0.6321641 0.9632725 0.5950723 0.9600101 0.6106761 0.9777365 0.611195 0.9646691 0.5872004 0.9632725 0.5950723 0.977245 0.5889062 0.977245 0.5889062 0.9756031 0.5653445 0.9674748 0.572587 0.9674748 0.572587 0.9727422 0.540556 0.9608948 0.5511776 0.9304024 0.5857235 0.9410043 0.6596989 0.9445434 0.6539465 0.9304024 0.5857235 0.9445434 0.6539465 0.9476051 0.6482291 0.9304024 0.5857235 0.9476051 0.6482291 0.9502621 0.642498 0.9304024 0.5857235 0.9502621 0.642498 0.9526411 0.6365342 0.9304024 0.5857235 0.9526411 0.6365342 0.9549118 0.629886 0.9304024 0.5857235 0.9549118 0.629886 0.9572906 0.6217011 0.9304024 0.5857235 0.9572906 0.6217011 0.9600101 0.6106761 0.9304024 0.5857235 0.9600101 0.6106761 0.9632725 0.5950723 0.9304024 0.5857235 0.9632725 0.5950723 0.9646691 0.5872004 0.9646691 0.5872004 0.9608948 0.5511776 0.9304024 0.5857235 0.9179217 0.5952068 0.9272959 0.6745857 0.9323409 0.6700672 0.9304024 0.5857235 0.9179217 0.5952068 0.9323409 0.6700672 0.9304024 0.5857235 0.9323409 0.6700672 0.9369501 0.6652414 0.9369501 0.6652414 0.9380291 0.663928 0.9304024 0.5857235 0.9179217 0.5952068 0.911629 0.5975857 0.9160022 0.6811259 0.9179217 0.5952068 0.9160022 0.6811259 0.9218412 0.6785443 0.9218412 0.6785443 0.9227749 0.6780162 0.9179217 0.5952068 0.9053078 0.597911 0.9070801 0.6826574 0.9098947 0.6825206 0.911629 0.5975857 0.9053078 0.597911 0.9098947 0.6825206 0.9098947 0.6825206 0.9134966 0.6819395 0.911629 0.5975857 0.8945198 0.6750258 0.9041202 0.681301 0.9053078 0.597911 0.8847829 0.6664905 0.8945198 0.6750258 0.8989614 0.5958294 0.8847829 0.6664905 0.892588 0.590974 0.8861953 0.5829914 0.879783 0.5715287 0.8551239 0.6259892 0.8583468 0.6314544 0.879783 0.5715287 0.8583468 0.6314544 0.8683599 0.6464536 0.8861953 0.5829914 0.879783 0.5715287 0.8683599 0.6464536 0.8683599 0.6464536 0.8748954 0.6554217 0.8861953 0.5829914 0.8781217 0.540542 0.8457567 0.5136904 0.8459917 0.5259228 0.8781217 0.540542 0.8459917 0.5259228 0.8467164 0.5491549 0.8781217 0.540542 0.8467164 0.5491549 0.8475436 0.5672983 0.879783 0.5715287 0.8781217 0.540542 0.8475436 0.5672983 0.879783 0.5715287 0.8475436 0.5672983 0.8483972 0.580891 0.879783 0.5715287 0.8483972 0.580891 0.8492171 0.5907536 0.879783 0.5715287 0.8492171 0.5907536 0.8499886 0.5979996 0.879783 0.5715287 0.8499886 0.5979996 0.8507757 0.6039459 0.879783 0.5715287 0.8507757 0.6039459 0.851732 0.6099404 0.879783 0.5715287 0.851732 0.6099404 0.8530817 0.6171749 0.8530817 0.6171749 0.8548316 0.6254388 0.879783 0.5715287 0.8781217 0.540542 0.8576067 0.4593693 0.8562385 0.4628692 0.8623324 0.4490099 0.8599657 0.4539117 0.8781217 0.540542 0.8781217 0.540542 0.8562385 0.4628692 0.8546956 0.4671111 0.8781217 0.540542 0.8546956 0.4671111 0.8533709 0.4710573 0.8781217 0.540542 0.8533709 0.4710573 0.8521833 0.4749103 0.8781217 0.540542 0.8521833 0.4749103 0.8510578 0.4789079 0.8781217 0.540542 0.8510578 0.4789079 0.8499276 0.4833198 0.8781217 0.540542 0.8499276 0.4833198 0.8487172 0.4885283 0.8781217 0.540542 0.8487172 0.4885283 0.8473632 0.4949564 0.8781217 0.540542 0.8473632 0.4949564 0.8458189 0.5030484 0.8458189 0.5030484 0.8456908 0.5037886 0.8781217 0.540542 0.8646801 0.4448279 0.8623324 0.4490099 0.8781217 0.540542 0.8781217 0.540542 0.8843038 0.5241264 0.8646801 0.4448279 0.8745539 0.4292525 0.8646801 0.4448279 0.8843038 0.5241264 0.8844087 0.4153544 0.8745539 0.4292525 0.8908819 0.5099734 0.9016521 0.394201 0.8844087 0.4153544 0.8977916 0.4977302 0.9116978 0.3832754 0.9016521 0.394201 0.9123252 0.4776625 0.9286732 0.3619281 0.9123252 0.4776625 0.9567116 0.4289497 0.9384226 0.3474323 0.9286732 0.3619281 0.9567116 0.4289497 0.9567116 0.4289497 0.9445744 0.3368503 0.9384226 0.3474323 0.9635033 0.419039 0.9480866 0.33008 0.9445744 0.3368503 0.9445744 0.3368503 0.9567116 0.4289497 0.9635033 0.419039 0.9485624 0.3290011 0.9635033 0.419039 0.969941 0.4077297 0.9522117 0.3200518 0.969941 0.4077297 0.9759557 0.3946965 0.9814775 0.3796098 0.9573175 0.3055708 0.9551493 0.3121194 0.9551493 0.3121194 0.9759557 0.3946965 0.9814775 0.3796098 0.9575057 0.3048878 0.9814775 0.3796098 0.9864361 0.3621346 0.9593381 0.2973119 0.9864361 0.3621346 0.9907671 0.3419415 0.9907671 0.3419415 0.9944006 0.3187003 0.9629313 0.2787027 0.9944006 0.3187003 0.997269 0.2920812 0.9640933 0.2711366 0.9640933 0.2711366 0.9629313 0.2787027 0.9944006 0.3187003 0.9666155 0.2456258 0.96482 0.2647608 0.997269 0.2920812 0.9671118 0.2391999 0.9666155 0.2456258 0.9993008 0.2617495 0.9675281 0.2327119 0.9671118 0.2391999 0.9998447 0.2463234 0.9685115 0.2116263 0.9675281 0.2327119 1 0.2304933 0.9690625 0.1904866 0.9685115 0.2116263 0.9992306 0.1984053 0.9971793 0.1670281 0.994036 0.1378814 0.9691095 0.1829888 0.9691095 0.1829888 0.9690625 0.1904866 0.9971793 0.1670281 0.9667533 0.1711595 0.994036 0.1378814 0.9921132 0.1246299 0.9655484 0.1657375 0.9921132 0.1246299 0.9899873 0.1125121 0.9643297 0.160675 0.9899873 0.1125121 0.9876806 0.1017186 0.9637361 0.1584197 0.9876806 0.1017186 0.9837574 0.08766329 0.9603853 0.1480854 0.9623779 0.1538853 0.9837574 0.08766329 0.9573621 0.1402196 0.9603853 0.1480854 0.9788959 0.07443034 0.953788 0.1317564 0.9573621 0.1402196 0.9731844 0.06207108 0.9428594 0.1087661 0.953788 0.1317564 0.9667109 0.05065011 0.9518293 0.03086119 0.9349442 0.01555138 0.9365568 0.09716081 0.9365568 0.09716081 0.9428594 0.1087661 0.9518293 0.03086119 0.9349442 0.01555138 0.9167593 0.005189895 0.9194064 0.08642274 0.9194064 0.08642274 0.9291393 0.09181821 0.9349442 0.01555138 0.8979753 2.69353e-4 0.8992157 0.08207887 0.9091292 0.08297783 0.9167593 0.005189895 0.8979753 2.69353e-4 0.9091292 0.08297783 0.9091292 0.08297783 0.9133777 0.08402115 0.9167593 0.005189895 0.8960604 0.0823459 0.8967459 0.08222633 0.8979753 2.69353e-4 0.8979753 2.69353e-4 0.8885752 0 0.888764 0.03388035 0.8885752 0 0.8792885 0.001268386 0.8885592 0.03260761 0.8885592 0.03260761 0.888764 0.03388035 0.8885752 0 0.7406911 0.05175095 0.7411143 0.05203425 0.7403294 0.002550721 0.7231676 0.04566347 0.7318709 0.04771715 0.7403294 0.002550721 0.7231676 0.04566347 0.7403294 0.002550721 0.7154051 0.00919044 0.7154051 0.00919044 0.7169337 0.04561686 0.7231676 0.04566347 0.7154051 0.00919044 0.7056751 0.04914426 0.7144625 0.04593932 0.6966853 0.05455929 0.7154051 0.00919044 0.6753109 0.03112602 0.7144625 0.04593932 0.7169337 0.04561686 0.7154051 0.00919044 0.6851234 0.06424528 0.6966853 0.05455929 0.6753109 0.03112602 0.6753109 0.03112602 0.6782255 0.07623022 0.6851234 0.06424528 0.6753109 0.03112602 0.6639998 0.07535946 0.677095 0.07830756 0.6753109 0.03112602 0.6556903 0.0449351 0.6606186 0.06416636 0.6639998 0.07535946 0.6706938 0.09446495 0.677095 0.07830756 0.677095 0.07830756 0.6782255 0.07623022 0.6753109 0.03112602 0.6606186 0.06416636 0.6539498 0.05621188 0.6528457 0.06793481 0.6517969 0.09164065 0.6706938 0.09446495 0.6639998 0.07535946 0.6517969 0.09164065 0.6703803 0.09868603 0.6705423 0.09608393 0.6639998 0.07535946 0.6528457 0.06793481 0.6517969 0.09164065 0.6517969 0.09164065 0.6510351 0.1139339 0.6692399 0.1186444 0.6692399 0.1186444 0.6703803 0.09868603 0.6517969 0.09164065 0.650291 0.1238911 0.6679859 0.1417472 0.6690583 0.1233893 0.6690583 0.1233893 0.6510351 0.1139339 0.650291 0.1238911 0.6679717 0.142155 0.650291 0.1238911 0.649051 0.1326913 0.6615661 0.2400572 0.649051 0.1326913 0.6272996 0.159803 0.6272996 0.159803 0.6485995 0.2653437 0.6615661 0.2400572 0.6279652 0.1011648 0.6272996 0.159803 0.6457254 0.1275386 0.6278558 0.08808946 0.6279652 0.1011648 0.6463977 0.1024109 0.6275938 0.08069348 0.6278558 0.08808946 0.6461257 0.08104687 0.6273752 0.07762205 0.6275938 0.08069348 0.6449156 0.06313043 0.6272173 0.07624721 0.6273752 0.07762205 0.6427763 0.04835951 0.6267307 0.07324445 0.6272173 0.07624721 0.6397165 0.03643691 0.6252436 0.06604921 0.6267307 0.07324445 0.6357411 0.02704197 0.6221892 0.05355632 0.6252436 0.06604921 0.6308616 0.01988643 0.6173402 0.03586 0.6221892 0.05355632 0.6250829 0.01465922 0.6118499 0.01728922 0.6173402 0.03586 0.6184152 0.01106292 0.6111291 0.4928143 0.6485995 0.2653437 0.6272996 0.159803 0.6111291 0.4928143 0.6272996 0.159803 0.6279652 0.1011648 0.6111291 0.4928143 0.6279652 0.1011648 0.6278558 0.08808946 0.6111291 0.4928143 0.6278558 0.08808946 0.6275938 0.08069348 0.6111291 0.4928143 0.6275938 0.08069348 0.6273752 0.07762205 0.6111291 0.4928143 0.6273752 0.07762205 0.6272173 0.07624721 0.6111291 0.4928143 0.6272173 0.07624721 0.6267307 0.07324445 0.6111291 0.4928143 0.6267307 0.07324445 0.6252436 0.06604921 0.6111291 0.4928143 0.6252436 0.06604921 0.6221892 0.05355632 0.6111291 0.4928143 0.6221892 0.05355632 0.6173402 0.03586 0.6111291 0.4928143 0.6173402 0.03586 0.6118499 0.01728922 0.6118499 0.01728922 0.6092122 0.01395303 0.6111291 0.4928143 0.6111291 0.4928143 0.6447932 0.5985354 0.6481328 0.5911449 0.6481328 0.5911449 0.6494978 0.4982128 0.6111291 0.4928143 0.6358172 0.6163474 0.6447932 0.5985354 0.6082038 0.5809424 0.6082038 0.5809424 0.6049275 0.630222 0.6231707 0.6448521 0.6169106 0.6575701 0.6231707 0.6448521 0.6049275 0.630222 0.6049275 0.630222 0.6028254 0.6512933 0.6140967 0.6639317 0.6066754 0.6791633 0.6140967 0.6639317 0.6028254 0.6512933 0.6025387 0.6865697 0.6066754 0.6791633 0.6003887 0.6696652 0.6160278 0.7012373 0.6140967 0.6639317 0.6066754 0.6791633 0.6160278 0.7012373 0.6066754 0.6791633 0.6025387 0.6865697 0.6025387 0.6865697 0.5992503 0.7005637 0.6160278 0.7012373 0.6307899 0.706432 0.6231707 0.6448521 0.6169106 0.6575701 0.6169106 0.6575701 0.6160278 0.7012373 0.6307899 0.706432 0.6447932 0.5985354 0.6358172 0.6163474 0.6539008 0.6135317 0.6358172 0.6163474 0.6307899 0.706432 0.6438101 0.7159571 0.6539008 0.6135317 0.6481328 0.5911449 0.6447932 0.5985354 0.6651422 0.6636214 0.6539008 0.6135317 0.6438101 0.7159571 0.6737086 0.7079741 0.6651422 0.6636214 0.6553572 0.7296221 0.6804227 0.7484369 0.6737086 0.7079741 0.6657075 0.7472273 0.6837464 0.7715044 0.6804227 0.7484369 0.6751346 0.7685821 0.6615661 0.2400572 0.6494978 0.4982128 0.6865352 0.1451995 0.6865352 0.1451995 0.6494978 0.4982128 0.6481328 0.5911449 0.6679717 0.142155 0.6615661 0.2400572 0.6865352 0.1451995 0.6865352 0.1451995 0.6481328 0.5911449 0.6539008 0.6135317 0.6865352 0.1451995 0.6539008 0.6135317 0.6651422 0.6636214 0.6865352 0.1451995 0.6651422 0.6636214 0.6737086 0.7079741 0.6865352 0.1451995 0.6737086 0.7079741 0.6804227 0.7484369 0.6865352 0.1451995 0.6804227 0.7484369 0.6837464 0.7715044 0.6837464 0.7715044 0.6888823 0.7780142 0.6865352 0.1451995 0.6865352 0.1451995 0.6679859 0.1417472 0.6679717 0.142155 0.6865352 0.1451995 0.687209 0.1293041 0.6690583 0.1233893 0.6690583 0.1233893 0.6679859 0.1417472 0.6865352 0.1451995 0.6883221 0.115509 0.6703803 0.09868603 0.6692399 0.1186444 0.6692399 0.1186444 0.687209 0.1293041 0.6883221 0.115509 0.6883221 0.115509 0.677095 0.07830756 0.6706938 0.09446495 0.6706938 0.09446495 0.6705423 0.09608393 0.6883221 0.115509 0.6782255 0.07623022 0.677095 0.07830756 0.6899595 0.1043996 0.6899595 0.1043996 0.6922035 0.09653782 0.6851234 0.06424528 0.6966853 0.05455929 0.6851234 0.06424528 0.6922035 0.09653782 0.7056751 0.04914426 0.6966853 0.05455929 0.6997705 0.08789092 0.7056751 0.04914426 0.7071434 0.08304005 0.7142847 0.08172059 0.7142847 0.08172059 0.7211511 0.08365345 0.7169337 0.04561686 0.7169337 0.04561686 0.7144625 0.04593932 0.7142847 0.08172059 0.7231676 0.04566347 0.7211511 0.08365345 0.7277037 0.08857411 0.7318709 0.04771715 0.7277037 0.08857411 0.7338992 0.09621268 0.7397004 0.1062953 0.7478435 0.05733883 0.7411143 0.05203425 0.7397004 0.1062953 0.7411143 0.05203425 0.7406911 0.05175095 0.7406911 0.05175095 0.7338992 0.09621268 0.7397004 0.1062953 0.7495123 0.05886989 0.7397004 0.1062953 0.7450639 0.118557 0.7499477 0.1327332 0.7651575 0.07888275 0.7607256 0.07206773 0.7499477 0.1327332 0.7607256 0.07206773 0.7583224 0.06884121 0.7583224 0.06884121 0.7450639 0.118557 0.7499477 0.1327332 0.7543146 0.1485403 0.7738993 0.09851622 0.7724466 0.09406882 0.7543146 0.1485403 0.7724466 0.09406882 0.7711776 0.09081792 0.7543146 0.1485403 0.7711776 0.09081792 0.7687714 0.08551067 0.7543146 0.1485403 0.7687714 0.08551067 0.7669549 0.08197093 0.7669549 0.08197093 0.7499477 0.1327332 0.7543146 0.1485403 0.7543146 0.1485403 0.775873 0.1073359 0.7749195 0.1025227 0.7779312 0.1215428 0.7768729 0.1135097 0.7543146 0.1485403 0.7749195 0.1025227 0.7744053 0.1003929 0.7543146 0.1485403 0.7784865 0.126769 0.7779312 0.1215428 0.7543146 0.1485403 0.7543146 0.1485403 0.7581198 0.165718 0.7784865 0.126769 0.7789096 0.1315809 0.7784865 0.126769 0.7581198 0.165718 0.7802636 0.15573 0.7796938 0.1434373 0.7581198 0.165718 0.7581198 0.165718 0.7613245 0.1839874 0.7802636 0.15573 0.7802972 0.1568755 0.7802636 0.15573 0.7613245 0.1839874 0.7803561 0.1848529 0.7804552 0.1713627 0.7613245 0.1839874 0.7613245 0.1839874 0.7638881 0.2030982 0.7803561 0.1848529 0.780311 0.1866989 0.7803561 0.1848529 0.7638881 0.2030982 0.778952 0.2129893 0.7796362 0.2022567 0.7638881 0.2030982 0.7638881 0.2030982 0.7657691 0.222757 0.778952 0.2129893 0.7785372 0.2180188 0.778952 0.2129893 0.7657691 0.222757 0.7761325 0.2392579 0.7768787 0.2336657 0.7657691 0.222757 0.7657691 0.222757 0.7669269 0.2427086 0.7761325 0.2392579 0.7745614 0.2493234 0.7761325 0.2392579 0.7669269 0.2427086 0.7669269 0.2427086 0.7673214 0.2626835 0.7720088 0.2627068 0.7783096 0.2695833 0.7720088 0.2627068 0.7713947 0.2655082 0.7713947 0.2655082 0.7728013 0.2776216 0.7783096 0.2695833 0.7833832 0.2586596 0.7761325 0.2392579 0.7745614 0.2493234 0.7745614 0.2493234 0.7783096 0.2695833 0.7833832 0.2586596 0.7768787 0.2336657 0.7833832 0.2586596 0.7879668 0.2452362 0.7920155 0.2296894 0.778952 0.2129893 0.7785372 0.2180188 0.7785372 0.2180188 0.7879668 0.2452362 0.7920155 0.2296894 0.7796362 0.2022567 0.7920155 0.2296894 0.7954771 0.2124187 0.7983022 0.1938053 0.7803561 0.1848529 0.780311 0.1866989 0.780311 0.1866989 0.7954771 0.2124187 0.7983022 0.1938053 0.7804552 0.1713627 0.7983022 0.1938053 0.8004401 0.1742302 0.7802972 0.1568755 0.8004401 0.1742302 0.8018414 0.1540834 0.7796938 0.1434373 0.8018414 0.1540834 0.8024555 0.1337507 0.8022329 0.113618 0.7784865 0.126769 0.7789096 0.1315809 0.7789096 0.1315809 0.8024555 0.1337507 0.8022329 0.113618 0.7779312 0.1215428 0.8022329 0.113618 0.8011244 0.09407073 0.7768729 0.1135097 0.8011244 0.09407073 0.7990791 0.07549446 0.775873 0.1073359 0.7990791 0.07549446 0.7960463 0.05827486 0.7960463 0.05827486 0.7919797 0.04279321 0.7744053 0.1003929 0.7744053 0.1003929 0.7749195 0.1025227 0.7960463 0.05827486 0.7724466 0.09406882 0.7738993 0.09851622 0.7919797 0.04279321 0.7711776 0.09081792 0.7724466 0.09406882 0.7868239 0.02944874 0.7687714 0.08551067 0.7711776 0.09081792 0.7819101 0.02076917 0.7669549 0.08197093 0.7687714 0.08551067 0.7762867 0.01392972 0.7762867 0.01392972 0.7700315 0.00878632 0.7651575 0.07888275 0.7607256 0.07206773 0.7651575 0.07888275 0.7700315 0.00878632 0.7583224 0.06884121 0.7607256 0.07206773 0.7632263 0.005208432 0.7495123 0.05886989 0.7632263 0.005208432 0.7482953 0.002225518 0.7482953 0.002225518 0.7478435 0.05733883 0.7495123 0.05886989 0.7411143 0.05203425 0.7478435 0.05733883 0.7482953 0.002225518 0.5471757 0.04128307 0.5560232 0.09874969 0.5586839 0.07208991 0.5586839 0.07208991 0.5571825 0.03647869 0.5471757 0.04128307 0.5471757 0.04128307 0.5383597 0.04793202 0.5504255 0.1047837 0.5504255 0.1047837 0.5511632 0.1038934 0.5471757 0.04128307 0.5304371 0.05693203 0.5409057 0.120422 0.5447529 0.1135883 0.5447529 0.1135883 0.5383597 0.04793202 0.5304371 0.05693203 0.5397678 0.1228658 0.5304371 0.05693203 0.5231075 0.06877112 0.5195713 0.07591259 0.5248632 0.1655237 0.5325036 0.1414303 0.5195713 0.07591259 0.5325036 0.1414303 0.5352978 0.133852 0.5352978 0.133852 0.5231075 0.06877112 0.5195713 0.07591259 0.5030287 0.1425835 0.5240889 0.168295 0.5195713 0.07591259 0.5030287 0.1425835 0.5195713 0.07591259 0.489808 0.04988819 0.489808 0.04988819 0.4845064 0.1230287 0.5030287 0.1425835 0.4736744 0.1135271 0.4845064 0.1230287 0.489808 0.04988819 0.4636904 0.1062192 0.4736744 0.1135271 0.4765443 0.04283493 0.464322 0.03971731 0.4531096 0.04051184 0.4631303 0.1059039 0.4631303 0.1059039 0.4636904 0.1062192 0.464322 0.03971731 0.4550766 0.1128838 0.4531096 0.04051184 0.4428802 0.0451861 0.4336085 0.05372142 0.4444245 0.1253131 0.4482001 0.1202905 0.4482001 0.1202905 0.4428802 0.0451861 0.4336085 0.05372142 0.4427849 0.1281146 0.4336085 0.05372142 0.425266 0.06609022 0.4178215 0.08226412 0.4349725 0.1454423 0.4385127 0.1368389 0.4385127 0.1368389 0.425266 0.06609022 0.4178215 0.08226412 0.4347843 0.1459906 0.4178215 0.08226412 0.4112495 0.1022111 0.4279886 0.1713013 0.4314536 0.1574162 0.4112495 0.1022111 0.4055245 0.1259217 0.4006137 0.1533539 0.4278493 0.1719449 0.4006137 0.1533539 0.3964918 0.184494 0.422779 0.2013175 0.422779 0.2013175 0.4246624 0.1894151 0.4006137 0.1533539 0.3964918 0.184494 0.3931318 0.2193093 0.4190781 0.2316095 0.4190781 0.2316095 0.4213552 0.2119393 0.3964918 0.184494 0.3931318 0.2193093 0.3885841 0.2998545 0.4164548 0.263833 0.4164548 0.263833 0.418456 0.2379748 0.3931318 0.2193093 0.386745 0.3948035 0.4117075 0.3912891 0.4131932 0.3249419 0.3885841 0.2998545 0.386745 0.3948035 0.4131932 0.3249419 0.4131932 0.3249419 0.4138203 0.3090791 0.3885841 0.2998545 0.4116836 0.3970726 0.386745 0.3948035 0.3867734 0.4476097 0.4126004 0.5548841 0.3867734 0.4476097 0.3760782 0.5011504 0.3760782 0.5011504 0.4049991 0.5731974 0.4126004 0.5548841 0.3726227 0.4934683 0.3760782 0.5011504 0.3805838 0.4419271 0.3747243 0.4386561 0.3691831 0.4376245 0.3705239 0.4893605 0.3705239 0.4893605 0.3726227 0.4934683 0.3747243 0.4386561 0.3692174 0.4901266 0.3691831 0.4376245 0.3639482 0.4386653 0.366149 0.4925448 0.3639482 0.4386653 0.3590165 0.4415972 0.3634234 0.4952662 0.3590165 0.4415972 0.3543762 0.4462389 0.3608671 0.498367 0.3543762 0.4462389 0.3500212 0.4524139 0.3557947 0.5061416 0.358357 0.5019475 0.3500212 0.4524139 0.3531271 0.5110408 0.3557947 0.5061416 0.3459471 0.4599505 0.3526012 0.5121067 0.3531271 0.5110408 0.3421404 0.4686624 0.3421404 0.4686624 0.3385981 0.478378 0.3460794 0.5027707 0.3492301 0.5282312 0.3526012 0.5121067 0.3460794 0.5027707 0.3460794 0.5027707 0.3353129 0.488916 0.3351202 0.5297532 0.3476123 0.5368739 0.3492301 0.5282312 0.3351202 0.5297532 0.3461311 0.5455824 0.3476123 0.5368739 0.3354414 0.5416154 0.3449022 0.5538493 0.3461311 0.5455824 0.3360285 0.5525669 0.3438495 0.5623931 0.3449022 0.5538493 0.3369294 0.5626031 0.3428809 0.5726136 0.3438495 0.5623931 0.3381873 0.5716914 0.3635269 0.5560098 0.3692174 0.4901266 0.366149 0.4925448 0.3635269 0.5560098 0.366149 0.4925448 0.3634234 0.4952662 0.3635269 0.5560098 0.3634234 0.4952662 0.3608671 0.498367 0.3635269 0.5560098 0.3608671 0.498367 0.358357 0.5019475 0.3635269 0.5560098 0.358357 0.5019475 0.3557947 0.5061416 0.3635269 0.5560098 0.3557947 0.5061416 0.3531271 0.5110408 0.3635269 0.5560098 0.3531271 0.5110408 0.3526012 0.5121067 0.3635269 0.5560098 0.3526012 0.5121067 0.3492301 0.5282312 0.3635269 0.5560098 0.3492301 0.5282312 0.3476123 0.5368739 0.3635269 0.5560098 0.3476123 0.5368739 0.3461311 0.5455824 0.3635269 0.5560098 0.3461311 0.5455824 0.3449022 0.5538493 0.3635269 0.5560098 0.3449022 0.5538493 0.3438495 0.5623931 0.3635269 0.5560098 0.3438495 0.5623931 0.3428809 0.5726136 0.3428809 0.5726136 0.3419507 0.5869827 0.3635269 0.5560098 0.3635269 0.5560098 0.4049991 0.5731974 0.3760782 0.5011504 0.3635269 0.5560098 0.3884317 0.6954014 0.4068748 0.594209 0.3635269 0.5560098 0.3760782 0.5011504 0.3726227 0.4934683 0.3726227 0.4934683 0.3705239 0.4893605 0.3635269 0.5560098 0.4365905 0.3930099 0.4116836 0.3970726 0.4126004 0.5548841 0.4398832 0.6902393 0.4365905 0.3930099 0.4126004 0.5548841 0.4068748 0.594209 0.4398832 0.6902393 0.4126004 0.5548841 0.4126004 0.5548841 0.4049991 0.5731974 0.4068748 0.594209 0.4117075 0.3912891 0.4365905 0.3930099 0.4380606 0.3351856 0.4380606 0.3351856 0.441204 0.2827931 0.4138203 0.3090791 0.4138203 0.3090791 0.4131932 0.3249419 0.4380606 0.3351856 0.441204 0.2827931 0.4435301 0.259287 0.418456 0.2379748 0.418456 0.2379748 0.4164548 0.263833 0.441204 0.2827931 0.4435301 0.259287 0.44643 0.2379275 0.4213552 0.2119393 0.4213552 0.2119393 0.4190781 0.2316095 0.4435301 0.259287 0.44643 0.2379275 0.4499542 0.2189655 0.4246624 0.1894151 0.4246624 0.1894151 0.422779 0.2013175 0.44643 0.2379275 0.4541524 0.2026753 0.4347843 0.1459906 0.4314536 0.1574162 0.4499542 0.2189655 0.4541524 0.2026753 0.4314536 0.1574162 0.4499542 0.2189655 0.4314536 0.1574162 0.4279886 0.1713013 0.4279886 0.1713013 0.4278493 0.1719449 0.4499542 0.2189655 0.4385127 0.1368389 0.4349725 0.1454423 0.4541524 0.2026753 0.4427849 0.1281146 0.4541524 0.2026753 0.4590811 0.1893122 0.4590811 0.1893122 0.4444245 0.1253131 0.4427849 0.1281146 0.4590811 0.1893122 0.4647851 0.1791368 0.4550766 0.1128838 0.4590811 0.1893122 0.4550766 0.1128838 0.4482001 0.1202905 0.4482001 0.1202905 0.4444245 0.1253131 0.4590811 0.1893122 0.4647851 0.1791368 0.4813894 0.1997899 0.4845064 0.1230287 0.4647851 0.1791368 0.4845064 0.1230287 0.4736744 0.1135271 0.4647851 0.1791368 0.4736744 0.1135271 0.4636904 0.1062192 0.4636904 0.1062192 0.4631303 0.1059039 0.4647851 0.1791368 0.4813894 0.1997899 0.5146321 0.1879641 0.5148596 0.1814739 0.5139943 0.2229747 0.4813894 0.1997899 0.4843729 0.2415423 0.5148596 0.1814739 0.5030287 0.1425835 0.4813894 0.1997899 0.4843729 0.2415423 0.5139782 0.2264962 0.5139943 0.2229747 0.4843729 0.2415423 0.4859325 0.287444 0.5132714 0.2574573 0.5132714 0.2574573 0.5139782 0.2264962 0.4843729 0.2415423 0.4862015 0.3880801 0.5116906 0.3881638 0.512223 0.3209631 0.4859325 0.287444 0.4862015 0.3880801 0.512223 0.3209631 0.512223 0.3209631 0.5130932 0.2826418 0.4859325 0.287444 0.5122339 0.5721387 0.511694 0.3886073 0.4862015 0.3880801 0.5110645 0.6166874 0.5128424 0.6108294 0.4849122 0.5736429 0.4849122 0.5736429 0.4858564 0.6244465 0.5110645 0.6166874 0.4968357 0.6675888 0.5110645 0.6166874 0.4858564 0.6244465 0.541143 0.6954014 0.5110645 0.6166874 0.4968357 0.6675888 0.4968357 0.6675888 0.4896929 0.6954014 0.541143 0.6954014 0.5372079 0.3888654 0.511694 0.3886073 0.5122339 0.5721387 0.541143 0.6954014 0.5372079 0.3888654 0.5122339 0.5721387 0.5122339 0.5721387 0.5128424 0.6108294 0.541143 0.6954014 0.5116906 0.3881638 0.5372079 0.3888654 0.5383104 0.3293869 0.5383104 0.3293869 0.5409532 0.2747455 0.5130932 0.2826418 0.5130932 0.2826418 0.512223 0.3209631 0.5383104 0.3293869 0.5429747 0.2498176 0.5139782 0.2264962 0.5132714 0.2574573 0.5132714 0.2574573 0.5409532 0.2747455 0.5429747 0.2498176 0.5139943 0.2229747 0.5429747 0.2498176 0.5455279 0.2267761 0.5455279 0.2267761 0.5240889 0.168295 0.5148596 0.1814739 0.5455279 0.2267761 0.5486608 0.205858 0.5248632 0.1655237 0.5148596 0.1814739 0.5146321 0.1879641 0.5455279 0.2267761 0.5325036 0.1414303 0.5248632 0.1655237 0.5486608 0.205858 0.5352978 0.133852 0.5325036 0.1414303 0.5524227 0.1872819 0.5409057 0.120422 0.5397678 0.1228658 0.5524227 0.1872819 0.5524227 0.1872819 0.5568643 0.1712843 0.5409057 0.120422 0.5447529 0.1135883 0.5409057 0.120422 0.5568643 0.1712843 0.5568643 0.1712843 0.562032 0.1580792 0.5504255 0.1047837 0.5511632 0.1038934 0.5504255 0.1047837 0.562032 0.1580792 0.5613973 0.1008682 0.5560232 0.09874969 0.562032 0.1580792 0.562032 0.1580792 0.5679751 0.147913 0.5613973 0.1008682 0.5722845 0.1083967 0.5613973 0.1008682 0.5679751 0.147913 0.5819629 0.1178988 0.5722845 0.1083967 0.5747444 0.1409944 0.5863449 0.1233846 0.5819629 0.1178988 0.5823846 0.1375608 0.5613973 0.1008682 0.5722845 0.1083967 0.5586839 0.07208991 0.5627267 0.03461545 0.5722845 0.1083967 0.5819629 0.1178988 0.5586839 0.07208991 0.5560232 0.09874969 0.5613973 0.1008682 0.5627267 0.03461545 0.5819629 0.1178988 0.5863449 0.1233846 0.5863449 0.1233846 0.5909437 0.117205 0.5627267 0.03461545 0.170303 0.04721188 0.1629705 0.05089181 0.1705601 0.0994749 0.1705601 0.0994749 0.1717587 0.09893643 0.170303 0.04721188 0.1629705 0.05089181 0.1560339 0.05764764 0.1635864 0.1049432 0.1635864 0.1049432 0.1668463 0.1019744 0.1629705 0.05089181 0.1622115 0.1066266 0.1560339 0.05764764 0.1495634 0.06722378 0.1495634 0.06722378 0.1436188 0.07936489 0.1571955 0.1142545 0.1571955 0.1142545 0.1578623 0.1130838 0.1495634 0.06722378 0.1436188 0.07936489 0.1382659 0.0938059 0.1518048 0.1267486 0.1518048 0.1267486 0.1538779 0.1215274 0.1436188 0.07936489 0.1382659 0.0938059 0.1335703 0.1103051 0.1476441 0.1404185 0.1476441 0.1404185 0.1502481 0.1314483 0.1382659 0.0938059 0.1335703 0.1103051 0.1295962 0.128598 0.1445882 0.1537749 0.1445882 0.1537749 0.147041 0.1427781 0.1335703 0.1103051 0.1418813 0.1686607 0.1442741 0.1552898 0.1295962 0.128598 0.1397376 0.1827574 0.1418813 0.1686607 0.1264051 0.1484287 0.1240655 0.1695466 0.1226402 0.1916913 0.1380096 0.1964244 0.1380096 0.1964244 0.1397376 0.1827574 0.1240655 0.1695466 0.1380146 0.1978961 0.1226402 0.1916913 0.1221935 0.2146119 0.138429 0.2141485 0.1221935 0.2146119 0.1227896 0.2380529 0.1392107 0.230359 0.1227896 0.2380529 0.1244943 0.2617495 0.1412061 0.2555207 0.1404161 0.2471608 0.1244943 0.2617495 0.1421571 0.2637044 0.1412061 0.2555207 0.1261869 0.2760418 0.1433218 0.272221 0.1421571 0.2637044 0.1283189 0.2889356 0.1308183 0.3006583 0.1336106 0.3114566 0.1444659 0.2796253 0.1444659 0.2796253 0.1433218 0.272221 0.1308183 0.3006583 0.1446985 0.2802861 0.1336106 0.3114566 0.1493931 0.3598347 0.1723753 0.9227354 0.1750224 0.890379 0.1477348 0.8657845 0.1477348 0.8657845 0.1750224 0.890379 0.176757 0.3666282 0.1477348 0.8657845 0.1683887 0.9335688 0.1723753 0.9227354 0.1477348 0.8657845 0.176757 0.3666282 0.1747986 0.3614411 0.1493931 0.3598347 0.1477348 0.8657845 0.1747986 0.3614411 0.1493931 0.3598347 0.1747986 0.3614411 0.1672452 0.3377091 0.1477348 0.8657845 0.1249126 0.86269 0.1350291 0.9248353 0.1350291 0.9248353 0.1683887 0.9335688 0.1477348 0.8657845 0.1249126 0.86269 0.1029449 0.8537642 0.1022211 0.9054406 0.1022211 0.9054406 0.1233389 0.9189692 0.1249126 0.86269 0.07843369 0.8841028 0.1001846 0.9038613 0.1029449 0.8537642 0.08200812 0.8399181 0.06228148 0.822048 0.07561284 0.8811838 0.07561284 0.8811838 0.07843369 0.8841028 0.08200812 0.8399181 0.06228148 0.822048 0.03816998 0.7935193 0.04277324 0.8375844 0.04277324 0.8375844 0.05813646 0.8604994 0.06228148 0.822048 0.02837753 0.8113358 0.03399491 0.8224248 0.03816998 0.7935193 0.01626342 0.7828629 0.02219378 0.797499 0.03816998 0.7935193 0.01066166 0.7674109 0.01626342 0.7828629 0.03816998 0.7935193 0.005285143 0.7506009 0.01066166 0.7674109 0.03816998 0.7935193 0.03816998 0.7935193 0 0.7315875 0.005285143 0.7506009 0.005285143 0.7506009 0.002544224 0.7542619 0.00611788 0.7758443 0.01066166 0.7674109 0.00611788 0.7758443 0.01062971 0.7963303 0.01626342 0.7828629 0.01062971 0.7963303 0.01599168 0.8157289 0.02219378 0.797499 0.01599168 0.8157289 0.02211552 0.8340682 0.02211552 0.8340682 0.03629946 0.8676198 0.03399491 0.8224248 0.03399491 0.8224248 0.02837753 0.8113358 0.02211552 0.8340682 0.05247789 0.8971569 0.05813646 0.8604994 0.04277324 0.8375844 0.04277324 0.8375844 0.03629946 0.8676198 0.05247789 0.8971569 0.05860066 0.8611219 0.05247789 0.8971569 0.06994867 0.9228329 0.09704214 0.9544376 0.1001846 0.9038613 0.07843369 0.8841028 0.06994867 0.9228329 0.09704214 0.9544376 0.07843369 0.8841028 0.07843369 0.8841028 0.07561284 0.8811838 0.06994867 0.9228329 0.09704214 0.9544376 0.1311321 0.984509 0.1233389 0.9189692 0.1233389 0.9189692 0.1022211 0.9054406 0.09704214 0.9544376 0.1311321 0.984509 0.1709693 1 0.1683887 0.9335688 0.1683887 0.9335688 0.1350291 0.9248353 0.1311321 0.984509 0.1709693 1 0.2147657 0.9984574 0.1962797 0.9315754 0.1723753 0.9227354 0.1709693 1 0.1962797 0.9315754 0.1962797 0.9315754 0.1772705 0.9074937 0.1723753 0.9227354 0.2147657 0.9984574 0.246758 0.9898477 0.2290104 0.9231373 0.2290104 0.9231373 0.2136596 0.9280518 0.2147657 0.9984574 0.2768933 0.9733809 0.2698683 0.8985557 0.2531823 0.9109834 0.246758 0.9898477 0.2768933 0.9733809 0.2531823 0.9109834 0.2531823 0.9109834 0.2436748 0.9165709 0.246758 0.9898477 0.2954562 0.9573881 0.2856261 0.8815246 0.2713598 0.8971674 0.2713598 0.8971674 0.2768933 0.9733809 0.2954562 0.9573881 0.2954562 0.9573881 0.3124473 0.9369253 0.2940397 0.8693279 0.2940397 0.8693279 0.2871639 0.8795281 0.2954562 0.9573881 0.327568 0.9116025 0.3099138 0.838415 0.3020591 0.8555956 0.3124473 0.9369253 0.327568 0.9116025 0.3020591 0.8555956 0.3020591 0.8555956 0.3007688 0.8580848 0.3124473 0.9369253 0.3120594 0.8329972 0.327568 0.9116025 0.3343328 0.896999 0.3405194 0.8810293 0.3175396 0.817088 0.3159829 0.821891 0.3159829 0.821891 0.3343328 0.896999 0.3405194 0.8810293 0.3195801 0.8096823 0.3405194 0.8810293 0.346089 0.8636565 0.3510013 0.84482 0.3247413 0.7880728 0.3225544 0.7977994 0.3225544 0.7977994 0.346089 0.8636565 0.3510013 0.84482 0.3250489 0.7862976 0.3510013 0.84482 0.3552248 0.8244735 0.3267856 0.7748426 0.3552248 0.8244735 0.3586191 0.8025889 0.3586191 0.8025889 0.3608601 0.7805976 0.3288795 0.7568668 0.3608601 0.7805976 0.3620135 0.7585831 0.3292436 0.7521332 0.3292436 0.7521332 0.3288795 0.7568668 0.3608601 0.7805976 0.3295039 0.7416173 0.3293573 0.7494231 0.3620135 0.7585831 0.3294763 0.7326638 0.3295039 0.7416173 0.3621435 0.7365964 0.3292284 0.721943 0.3294763 0.7326638 0.3613142 0.7147026 0.328969 0.71566 0.3292284 0.721943 0.3595932 0.6929853 0.3595932 0.6929853 0.357043 0.6714865 0.3284838 0.7093438 0.327141 0.6950312 0.3284838 0.7093438 0.357043 0.6714865 0.3257644 0.6824288 0.327141 0.6950312 0.3537308 0.6502897 0.3537308 0.6502897 0.3497194 0.6294553 0.3254745 0.6804509 0.3497194 0.6294553 0.339865 0.58912 0.3210611 0.6542485 0.3210611 0.6542485 0.3254745 0.6804509 0.3497194 0.6294553 0.3280028 0.551015 0.3101985 0.6100661 0.315765 0.6304866 0.339865 0.58912 0.3280028 0.551015 0.315765 0.6304866 0.315765 0.6304866 0.3190786 0.6446292 0.339865 0.58912 0.3280028 0.551015 0.314648 0.5156746 0.3042732 0.5925841 0.3042732 0.5925841 0.3101979 0.6100649 0.3280028 0.551015 0.314648 0.5156746 0.3003236 0.4836052 0.2920504 0.562712 0.314648 0.5156746 0.2920504 0.562712 0.2982741 0.5767195 0.2982741 0.5767195 0.2988919 0.5782359 0.314648 0.5156746 0.285458 0.5491138 0.2862381 0.5505881 0.3003236 0.4836052 0.2728729 0.5276742 0.3003236 0.4836052 0.2781587 0.4428053 0.2781587 0.4428053 0.2654823 0.5165858 0.2728729 0.5276742 0.2781587 0.4428053 0.2589869 0.5080716 0.2599154 0.5091462 0.2781587 0.4428053 0.2636909 0.4212321 0.2545509 0.4868372 0.2599154 0.5091462 0.2654823 0.5165858 0.2781587 0.4428053 0.2455183 0.4470151 0.2545509 0.4868372 0.2636909 0.4212321 0.2365406 0.4111392 0.2455183 0.4470151 0.2500747 0.4047746 0.2332119 0.3990567 0.2365406 0.4111392 0.2378314 0.3939625 0.2545509 0.4868372 0.2455183 0.4470151 0.2436626 0.545598 0.2323948 0.576663 0.2455183 0.4470151 0.2365406 0.4111392 0.2436626 0.545598 0.2589869 0.5080716 0.2545509 0.4868372 0.2323948 0.576663 0.2365406 0.4111392 0.2332119 0.3990567 0.2332119 0.3990567 0.2307335 0.3959882 0.2323948 0.576663 0.2515029 0.5894452 0.2589869 0.5080716 0.2436626 0.545598 0.2436626 0.545598 0.241284 0.5808076 0.2515029 0.5894452 0.2515029 0.5894452 0.2622761 0.6022321 0.2654823 0.5165858 0.2654823 0.5165858 0.2599154 0.5091462 0.2515029 0.5894452 0.285458 0.5491138 0.2728729 0.5276742 0.2622761 0.6022321 0.2728386 0.618829 0.2920504 0.562712 0.2862381 0.5505881 0.2862381 0.5505881 0.285458 0.5491138 0.2728386 0.618829 0.2920504 0.562712 0.2777972 0.6284471 0.2824136 0.6388921 0.2824136 0.6388921 0.2865923 0.6501178 0.2988919 0.5782359 0.2988919 0.5782359 0.2982741 0.5767195 0.2824136 0.6388921 0.2902347 0.6620915 0.3101979 0.6100649 0.3042732 0.5925841 0.3042732 0.5925841 0.2865923 0.6501178 0.2902347 0.6620915 0.3101985 0.6100661 0.2902347 0.6620915 0.2932481 0.6747529 0.2955338 0.6880741 0.3190786 0.6446292 0.315765 0.6304866 0.315765 0.6304866 0.2932481 0.6747529 0.2955338 0.6880741 0.296995 0.702004 0.3254745 0.6804509 0.3210611 0.6542485 0.3210611 0.6542485 0.2955338 0.6880741 0.296995 0.702004 0.2975358 0.71651 0.3284838 0.7093438 0.327141 0.6950312 0.2975358 0.71651 0.327141 0.6950312 0.3257644 0.6824288 0.3257644 0.6824288 0.296995 0.702004 0.2975358 0.71651 0.2970607 0.7315317 0.3293573 0.7494231 0.3295039 0.7416173 0.2970607 0.7315317 0.3295039 0.7416173 0.3294763 0.7326638 0.2970607 0.7315317 0.3294763 0.7326638 0.3292284 0.721943 0.2970607 0.7315317 0.3292284 0.721943 0.328969 0.71566 0.328969 0.71566 0.2975358 0.71651 0.2970607 0.7315317 0.2970607 0.7315317 0.2954741 0.7470461 0.3267856 0.7748426 0.2954741 0.7470461 0.3247413 0.7880728 0.3250489 0.7862976 0.2970607 0.7315317 0.3267856 0.7748426 0.3280662 0.7648323 0.2970607 0.7315317 0.3280662 0.7648323 0.3288795 0.7568668 0.3288795 0.7568668 0.3292436 0.7521332 0.2970607 0.7315317 0.3225544 0.7977994 0.3247413 0.7880728 0.2954741 0.7470461 0.3195801 0.8096823 0.2954741 0.7470461 0.2926355 0.7618077 0.2926355 0.7618077 0.3175396 0.817088 0.3195801 0.8096823 0.3159829 0.821891 0.3175396 0.817088 0.2926355 0.7618077 0.3099138 0.838415 0.3120594 0.8329972 0.2926355 0.7618077 0.2926355 0.7618077 0.2889767 0.7752962 0.3099138 0.838415 0.3020591 0.8555956 0.3099138 0.838415 0.2889767 0.7752962 0.3007688 0.8580848 0.3020591 0.8555956 0.2845814 0.7875765 0.2845814 0.7875765 0.2795302 0.7987093 0.2940397 0.8693279 0.2795302 0.7987093 0.2739083 0.8087362 0.2871639 0.8795281 0.2871639 0.8795281 0.2940397 0.8693279 0.2795302 0.7987093 0.2739083 0.8087362 0.2612677 0.8257141 0.2713598 0.8971674 0.2713598 0.8971674 0.2856261 0.8815246 0.2739083 0.8087362 0.2531823 0.9109834 0.2698683 0.8985557 0.2612677 0.8257141 0.2473198 0.8389516 0.225376 0.8527607 0.2436748 0.9165709 0.2436748 0.9165709 0.2531823 0.9109834 0.2473198 0.8389516 0.225376 0.8527607 0.2041703 0.8606362 0.2136596 0.9280518 0.2136596 0.9280518 0.2290104 0.9231373 0.225376 0.8527607 0.2041703 0.8606362 0.2025075 0.8554695 0.1772705 0.9074937 0.1772705 0.9074937 0.1962797 0.9315754 0.2041703 0.8606362 0.2025075 0.8554695 0.2041658 0.359844 0.176757 0.3666282 0.2041658 0.359844 0.184416 0.3376779 0.1818975 0.3478594 0.176757 0.3666282 0.1750224 0.890379 0.2025075 0.8554695 0.2041658 0.359844 0.225745 0.2772313 0.2070271 0.278044 0.2041658 0.359844 0.2070271 0.278044 0.1950792 0.3126772 0.2041658 0.359844 0.1950792 0.3126772 0.1911783 0.3227477 0.2041658 0.359844 0.1911783 0.3227477 0.1867361 0.3329591 0.1867361 0.3329591 0.184416 0.3376779 0.2041658 0.359844 0.2109951 0.2525222 0.225745 0.2772313 0.228119 0.2538554 0.228119 0.2538554 0.2293455 0.2309393 0.2129015 0.2261056 0.2134938 0.2109649 0.2129015 0.2261056 0.2293455 0.2309393 0.2295144 0.2086599 0.2287091 0.1871656 0.2137071 0.1980477 0.2137071 0.1980477 0.2134938 0.2109649 0.2295144 0.2086599 0.2134948 0.1959439 0.2287091 0.1871656 0.2270149 0.1666054 0.21176 0.182088 0.2270149 0.1666054 0.2245169 0.1471557 0.2245169 0.1471557 0.2213034 0.1289604 0.2095934 0.1677888 0.2095934 0.1677888 0.2097706 0.1688052 0.2245169 0.1471557 0.2213034 0.1289604 0.2174564 0.1121776 0.2069106 0.1539629 0.2069106 0.1539629 0.2073834 0.1561495 0.2213034 0.1289604 0.2174564 0.1121776 0.2130655 0.09697473 0.2036905 0.140968 0.2036905 0.140968 0.2045807 0.1442682 0.2174564 0.1121776 0.2130655 0.09697473 0.208213 0.08350485 0.1999417 0.1291231 0.1999417 0.1291231 0.2013911 0.1333975 0.2130655 0.09697473 0.208213 0.08350485 0.2029855 0.07192134 0.1957658 0.1188011 0.1957658 0.1188011 0.1978816 0.1237403 0.208213 0.08350485 0.2029855 0.07192134 0.1974682 0.06239169 0.191276 0.1101178 0.191276 0.1101178 0.1941553 0.1154342 0.2029855 0.07192134 0.1864957 0.1029368 0.1903253 0.1085187 0.1974682 0.06239169 0.1827835 0.09837412 0.1864957 0.1029368 0.1917477 0.05506426 0.1859077 0.05009728 0.1779717 0.04686337 0.1822062 0.09780174 0.1822062 0.09780174 0.1827835 0.09837412 0.1859077 0.05009728 0.1770238 0.0977751 0.1779717 0.04686337 0.170303 0.04721188 0.1576877 0.2514439 0.1446985 0.2802861 0.1671369 0.337072 0.1726276 0.2824167 0.1576877 0.2514439 0.1671369 0.337072 0.1671369 0.337072 0.1672452 0.3377091 0.1726276 0.2824167 0.1543651 0.2049707 0.1380146 0.1978961 0.138429 0.2141485 0.1543651 0.2049707 0.138429 0.2141485 0.1392107 0.230359 0.1543651 0.2049707 0.1392107 0.230359 0.1404161 0.2471608 0.1576877 0.2514439 0.1543651 0.2049707 0.1404161 0.2471608 0.1576877 0.2514439 0.1404161 0.2471608 0.1412061 0.2555207 0.1576877 0.2514439 0.1412061 0.2555207 0.1421571 0.2637044 0.1576877 0.2514439 0.1421571 0.2637044 0.1433218 0.272221 0.1433218 0.272221 0.1444659 0.2796253 0.1576877 0.2514439 0.1587291 0.1829188 0.1442741 0.1552898 0.1418813 0.1686607 0.1543651 0.2049707 0.1587291 0.1829188 0.1418813 0.1686607 0.1543651 0.2049707 0.1418813 0.1686607 0.1397376 0.1827574 0.1397376 0.1827574 0.1380096 0.1964244 0.1543651 0.2049707 0.1587291 0.1829188 0.1608386 0.173705 0.147041 0.1427781 0.147041 0.1427781 0.1445882 0.1537749 0.1587291 0.1829188 0.1608386 0.173705 0.1631872 0.1657737 0.1502481 0.1314483 0.1502481 0.1314483 0.1476441 0.1404185 0.1608386 0.173705 0.1631872 0.1657737 0.1659899 0.1591898 0.1538779 0.1215274 0.1538779 0.1215274 0.1518048 0.1267486 0.1631872 0.1657737 0.1659899 0.1591898 0.1694619 0.1540183 0.1622115 0.1066266 0.1659899 0.1591898 0.1622115 0.1066266 0.1578623 0.1130838 0.1578623 0.1130838 0.1571955 0.1142545 0.1659899 0.1591898 0.1694619 0.1540183 0.1738169 0.1503245 0.1668463 0.1019744 0.1668463 0.1019744 0.1635864 0.1049432 0.1694619 0.1540183 0.1738169 0.1503245 0.1792699 0.1481593 0.1770238 0.0977751 0.1738169 0.1503245 0.1770238 0.0977751 0.1717587 0.09893643 0.1717587 0.09893643 0.1705601 0.0994749 0.1738169 0.1503245 0.1792699 0.1481593 0.1830363 0.1543435 0.1903253 0.1085187 0.1792699 0.1481593 0.1903253 0.1085187 0.1864957 0.1029368 0.1792699 0.1481593 0.1864957 0.1029368 0.1827835 0.09837412 0.1827835 0.09837412 0.1822062 0.09780174 0.1792699 0.1481593 0.1830363 0.1543435 0.1862304 0.1606348 0.1941553 0.1154342 0.1941553 0.1154342 0.191276 0.1101178 0.1830363 0.1543435 0.1862304 0.1606348 0.1889659 0.1673581 0.1978816 0.1237403 0.1978816 0.1237403 0.1957658 0.1188011 0.1862304 0.1606348 0.1889659 0.1673581 0.1913533 0.1748342 0.2013911 0.1333975 0.2013911 0.1333975 0.1999417 0.1291231 0.1889659 0.1673581 0.1913533 0.1748342 0.1935047 0.1833788 0.2045807 0.1442682 0.2045807 0.1442682 0.2036905 0.140968 0.1913533 0.1748342 0.1935047 0.1833788 0.1955276 0.1933128 0.2073834 0.1561495 0.2073834 0.1561495 0.2069106 0.1539629 0.1935047 0.1833788 0.197534 0.2049614 0.2134948 0.1959439 0.21176 0.182088 0.1955276 0.1933128 0.197534 0.2049614 0.21176 0.182088 0.1955276 0.1933128 0.21176 0.182088 0.2097706 0.1688052 0.2097706 0.1688052 0.2095934 0.1677888 0.1955276 0.1933128 0.1942144 0.2514346 0.2109951 0.2525222 0.2119244 0.2417563 0.197534 0.2049614 0.1942144 0.2514346 0.2119244 0.2417563 0.197534 0.2049614 0.2119244 0.2417563 0.2129015 0.2261056 0.197534 0.2049614 0.2129015 0.2261056 0.2134938 0.2109649 0.2134938 0.2109649 0.2137071 0.1980477 0.197534 0.2049614 0.1950792 0.3126772 0.2070271 0.278044 0.1942144 0.2514346 0.1950792 0.3126772 0.1863156 0.2686727 0.1836563 0.273161 0.1911783 0.3227477 0.1836563 0.273161 0.180628 0.2769711 0.1770245 0.2800703 0.184416 0.3376779 0.1867361 0.3329591 0.1867361 0.3329591 0.180628 0.2769711 0.1770245 0.2800703 0.1747986 0.3614411 0.176757 0.3666282 0.1818975 0.3478594 0.1818975 0.3478594 0.1770245 0.2800703 0.1726321 0.2824167</float_array>
          <technique_common>
            <accessor source="#Layer_1-mesh-map-0-array" count="10002" stride="2">
              <param name="S" type="float"/>
              <param name="T" type="float"/>
            </accessor>
          </technique_common>
        </source>
        <vertices id="Layer_1-mesh-vertices">
          <input semantic="POSITION" source="#Layer_1-mesh-positions"/>
        </vertices>
        <triangles material="Layer_1_Front_Inflation_Material-material" count="1245">
          <input semantic="VERTEX" source="#Layer_1-mesh-vertices" offset="0"/>
          <input semantic="NORMAL" source="#Layer_1-mesh-normals" offset="1"/>
          <input semantic="TEXCOORD" source="#Layer_1-mesh-map-0" offset="2" set="0"/>
          <p>3 0 0 1 0 1 2 0 2 4 0 3 5 0 4 254 0 5 6 0 6 7 0 7 4 0 8 8 0 9 9 0 10 6 0 11 10 1 12 11 2 13 8 3 14 13 4 15 11 5 16 12 6 17 15 7 18 13 8 19 14 9 20 17 10 21 15 11 22 16 12 23 31 0 24 29 0 25 17 0 26 20 0 27 21 0 28 27 0 29 25 0 30 23 0 31 21 0 32 24 0 33 22 0 34 23 0 35 25 0 36 26 0 37 23 0 38 27 0 39 28 0 40 20 0 41 29 0 42 30 0 43 18 0 44 31 0 45 32 0 46 29 0 47 254 0 48 33 0 49 4 0 50 255 13 51 51 14 52 33 15 53 37 0 54 35 0 55 36 0 56 39 0 57 37 0 58 38 0 59 41 0 60 39 0 61 40 0 62 43 0 63 41 0 64 42 0 65 45 0 66 43 0 67 44 0 68 46 16 69 45 17 70 47 18 71 48 19 72 46 20 73 47 21 74 49 22 75 50 23 76 34 24 77 51 0 78 52 0 79 49 0 80 53 0 81 54 0 82 0 0 83 70 0 84 68 0 85 252 0 86 58 25 87 56 26 88 57 27 89 64 28 90 59 29 91 58 30 92 61 31 93 60 32 94 62 33 95 63 0 96 61 0 97 62 0 98 64 0 99 65 0 100 59 0 101 66 34 102 67 35 103 55 36 104 68 37 105 69 38 106 66 39 107 70 0 108 71 0 109 68 0 110 72 40 111 73 41 112 250 42 113 75 0 114 73 0 115 74 0 116 76 43 117 77 44 118 248 45 119 78 0 120 79 0 121 246 0 122 80 46 123 81 47 124 228 48 125 82 0 126 83 0 127 216 0 128 211 0 129 209 0 130 85 0 131 207 49 132 205 50 133 85 51 134 201 0 135 88 0 136 87 0 137 91 52 138 89 53 139 90 54 140 93 55 141 91 56 142 92 57 143 94 58 144 95 59 145 193 60 146 96 0 147 97 0 148 94 0 149 98 61 150 99 62 151 96 63 152 100 0 153 101 0 154 98 0 155 103 0 156 101 0 157 102 0 158 105 0 159 103 0 160 104 0 161 107 0 162 105 0 163 106 0 164 109 0 165 107 0 166 108 0 167 111 0 168 109 0 169 110 0 170 113 0 171 111 0 172 112 0 173 115 0 174 113 0 175 114 0 176 117 64 177 115 65 178 116 66 179 118 0 180 119 0 181 262 0 182 120 0 183 121 0 184 118 0 185 122 0 186 123 0 187 120 0 188 124 0 189 125 0 190 122 0 191 127 67 192 125 68 193 126 69 194 129 0 195 127 0 196 128 0 197 131 0 198 129 0 199 130 0 200 133 0 201 131 0 202 132 0 203 135 0 204 133 0 205 134 0 206 137 0 207 135 0 208 136 0 209 138 0 210 139 0 211 261 0 212 141 0 213 139 0 214 140 0 215 143 70 216 141 71 217 142 72 218 256 73 219 186 74 220 145 75 221 146 0 222 147 0 223 144 0 224 260 76 225 148 77 226 259 78 227 260 79 228 149 80 229 148 81 230 151 0 231 152 0 232 258 0 233 154 82 234 152 83 235 153 84 236 156 0 237 154 0 238 155 0 239 180 85 240 157 86 241 156 87 242 160 0 243 158 0 244 159 0 245 162 0 246 160 0 247 161 0 248 164 88 249 162 89 250 163 90 251 166 0 252 164 0 253 165 0 254 168 0 255 166 0 256 167 0 257 170 91 258 168 92 259 169 93 260 172 94 261 170 95 262 171 96 263 174 0 264 172 0 265 173 0 266 178 0 267 176 0 268 174 0 269 177 0 270 175 0 271 176 0 272 178 97 273 179 98 274 176 99 275 180 0 276 181 0 277 157 0 278 258 0 279 182 0 280 151 0 281 259 0 282 183 0 283 260 0 284 184 0 285 185 0 286 144 0 287 187 0 288 185 0 289 186 0 290 188 0 291 187 0 292 256 0 293 189 100 294 190 101 295 256 102 296 261 0 297 191 0 298 138 0 299 262 0 300 192 0 301 118 0 302 98 0 303 96 0 304 192 0 305 196 103 306 194 104 307 195 105 308 198 0 309 196 0 310 197 0 311 200 0 312 198 0 313 199 0 314 92 0 315 90 0 316 200 0 317 203 106 318 204 107 319 86 108 320 205 0 321 206 0 322 203 0 323 207 0 324 208 0 325 205 0 326 209 0 327 210 0 328 84 0 329 211 0 330 212 0 331 209 0 332 263 109 333 213 110 334 211 111 335 263 112 336 214 113 337 213 114 338 216 115 339 217 116 340 82 117 341 219 0 342 217 0 343 218 0 344 221 0 345 219 0 346 220 0 347 223 118 348 221 119 349 222 120 350 225 0 351 223 0 352 224 0 353 227 0 354 225 0 355 226 0 356 228 121 357 229 122 358 80 123 359 230 0 360 231 0 361 228 0 362 232 0 363 233 0 364 230 0 365 234 0 366 235 0 367 232 0 368 236 0 369 237 0 370 234 0 371 239 0 372 237 0 373 238 0 374 241 0 375 239 0 376 240 0 377 243 0 378 241 0 379 242 0 380 245 0 381 243 0 382 244 0 383 246 0 384 247 0 385 78 0 386 248 124 387 249 125 388 76 126 389 250 0 390 251 0 391 72 0 392 257 127 393 252 128 394 251 129 395 0 0 396 1 0 397 53 0 398 353 130 399 351 131 400 265 132 401 417 133 402 344 134 403 267 135 404 273 0 405 271 0 406 269 0 407 272 0 408 270 0 409 271 0 410 273 136 411 274 137 412 271 138 413 418 0 414 338 0 415 276 0 416 277 0 417 278 0 418 336 0 419 279 0 420 280 0 421 334 0 422 281 0 423 282 0 424 279 0 425 284 0 426 282 0 427 283 0 428 286 0 429 284 0 430 285 0 431 288 0 432 286 0 433 287 0 434 290 139 435 288 140 436 289 141 437 292 0 438 290 0 439 291 0 440 294 0 441 292 0 442 293 0 443 296 0 444 294 0 445 295 0 446 298 0 447 296 0 448 297 0 449 300 142 450 298 143 451 299 144 452 302 0 453 300 0 454 301 0 455 303 0 456 302 0 457 304 0 458 305 145 459 303 146 460 304 147 461 306 0 462 307 0 463 420 0 464 309 148 465 307 149 466 308 150 467 321 0 468 310 0 469 309 0 470 319 0 471 312 0 472 311 0 473 315 0 474 313 0 475 314 0 476 316 151 477 315 152 478 317 153 479 318 0 480 316 0 481 317 0 482 319 154 483 320 155 484 312 156 485 321 0 486 322 0 487 310 0 488 323 157 489 324 158 490 321 159 491 326 160 492 324 161 493 325 162 494 328 0 495 326 0 496 327 0 497 330 163 498 328 164 499 329 165 500 331 0 501 330 0 502 332 0 503 333 166 504 331 167 505 332 168 506 420 0 507 281 0 508 306 0 509 336 169 510 337 170 511 277 171 512 338 0 513 339 0 514 275 0 515 341 0 516 339 0 517 340 0 518 268 172 519 342 173 520 341 174 521 345 0 522 343 0 523 344 0 524 346 0 525 345 0 526 417 0 527 347 0 528 348 0 529 417 0 530 349 175 531 350 176 532 266 177 533 351 0 534 352 0 535 349 0 536 353 178 537 354 179 538 351 180 539 355 181 540 356 182 541 415 183 542 357 184 543 358 185 544 355 186 545 359 0 546 360 0 547 411 0 548 361 187 549 362 188 550 403 189 551 400 0 552 398 0 553 362 0 554 394 0 555 392 0 556 364 0 557 390 0 558 388 0 559 366 0 560 386 190 561 384 191 562 368 192 563 382 193 564 380 194 565 370 195 566 378 0 567 373 0 568 372 0 569 375 196 570 374 197 571 376 198 572 377 0 573 375 0 574 376 0 575 378 0 576 379 0 577 373 0 578 380 0 579 381 0 580 371 0 581 382 0 582 383 0 583 380 0 584 384 0 585 385 0 586 369 0 587 386 199 588 387 200 589 384 201 590 388 202 591 389 203 592 367 204 593 390 0 594 391 0 595 388 0 596 392 0 597 393 0 598 365 0 599 394 205 600 395 206 601 392 207 602 396 0 603 397 0 604 363 0 605 398 0 606 399 0 607 396 0 608 400 0 609 401 0 610 398 0 611 419 0 612 402 0 613 400 0 614 403 0 615 404 0 616 361 0 617 406 0 618 404 0 619 405 0 620 408 0 621 406 0 622 407 0 623 410 0 624 408 0 625 409 0 626 359 0 627 411 0 628 410 0 629 414 0 630 412 0 631 413 0 632 357 208 633 355 209 634 414 210 635 265 211 636 416 212 637 264 213 638 424 0 639 425 0 640 819 0 641 426 0 642 427 0 643 551 0 644 428 0 645 429 0 646 549 0 647 430 0 648 431 0 649 428 0 650 432 214 651 433 215 652 545 216 653 835 0 654 520 0 655 432 0 656 437 217 657 435 218 658 436 219 659 439 220 660 437 221 661 438 222 662 440 0 663 441 0 664 820 0 665 442 223 666 443 224 667 440 225 668 444 226 669 445 227 670 517 228 671 446 0 672 447 0 673 444 0 674 448 0 675 449 0 676 515 0 677 450 0 678 451 0 679 448 0 680 453 229 681 451 230 682 452 231 683 454 232 684 455 233 685 513 234 686 456 0 687 457 0 688 511 0 689 458 0 690 459 0 691 509 0 692 460 235 693 461 236 694 507 237 695 462 0 696 463 0 697 822 0 698 464 238 699 465 239 700 462 240 701 467 0 702 465 0 703 466 0 704 469 241 705 467 242 706 468 243 707 470 0 708 471 0 709 807 0 710 472 244 711 473 245 712 470 246 713 474 247 714 475 248 715 472 249 716 476 0 717 477 0 718 474 0 719 478 250 720 479 251 721 476 252 722 481 0 723 479 0 724 480 0 725 483 0 726 481 0 727 482 0 728 818 0 729 485 0 730 483 0 731 486 253 732 484 254 733 485 255 734 487 0 735 488 0 736 485 0 737 490 256 738 488 257 739 489 258 740 492 0 741 490 0 742 491 0 743 494 0 744 492 0 745 493 0 746 496 0 747 494 0 748 495 0 749 497 0 750 496 0 751 498 0 752 499 0 753 497 0 754 498 0 755 807 0 756 500 0 757 470 0 758 834 0 759 502 0 760 500 0 761 503 259 762 501 260 763 502 261 764 822 0 765 504 0 766 462 0 767 505 0 768 506 0 769 822 0 770 507 0 771 508 0 772 460 0 773 509 0 774 510 0 775 458 0 776 511 0 777 512 0 778 456 0 779 513 262 780 514 263 781 454 264 782 515 0 783 516 0 784 448 0 785 446 0 786 444 0 787 516 0 788 820 0 789 519 0 790 440 0 791 520 0 792 521 0 793 434 0 794 543 0 795 541 0 796 521 0 797 524 0 798 525 0 799 539 0 800 526 0 801 527 0 802 824 0 803 528 0 804 527 0 805 828 0 806 828 0 807 534 0 808 528 0 809 531 0 810 530 0 811 532 0 812 533 265 813 531 266 814 532 267 815 534 268 816 535 269 817 529 270 818 824 0 819 536 0 820 526 0 821 537 271 822 538 272 823 824 273 824 539 0 825 540 0 826 524 0 827 541 0 828 542 0 829 522 0 830 543 0 831 544 0 832 541 0 833 432 0 834 545 0 835 544 0 836 548 274 837 546 275 838 547 276 839 430 0 840 428 0 841 548 0 842 426 277 843 551 278 844 550 279 845 424 280 846 819 281 847 552 282 848 556 283 849 554 284 850 555 285 851 558 0 852 556 0 853 557 0 854 559 0 855 558 0 856 560 0 857 561 0 858 559 0 859 560 0 860 422 0 861 562 0 862 555 0 863 423 286 864 562 287 865 422 288 866 813 0 867 565 0 868 810 0 869 566 289 870 567 290 871 811 291 872 568 0 873 569 0 874 566 0 875 570 0 876 571 0 877 812 0 878 817 0 879 572 0 880 814 0 881 573 0 882 574 0 883 816 0 884 575 0 885 576 0 886 815 0 887 578 0 888 576 0 889 577 0 890 580 292 891 578 293 892 579 294 893 581 0 894 582 0 895 797 0 896 583 0 897 584 0 898 581 0 899 585 0 900 586 0 901 583 0 902 587 0 903 588 0 904 585 0 905 590 0 906 588 0 907 589 0 908 592 0 909 590 0 910 591 0 911 594 0 912 592 0 913 593 0 914 595 0 915 596 0 916 795 0 917 597 295 918 598 296 919 595 297 920 831 0 921 632 0 922 829 0 923 601 0 924 602 0 925 630 0 926 603 298 927 604 299 928 628 300 929 606 0 930 604 0 931 605 0 932 626 0 933 624 0 934 608 0 935 609 301 936 610 302 937 622 303 938 620 0 939 618 0 940 610 0 941 613 0 942 611 0 943 612 0 944 614 304 945 615 305 946 612 306 947 616 307 948 617 308 949 614 309 950 618 310 951 619 311 952 616 312 953 620 313 954 621 314 955 618 315 956 622 0 957 623 0 958 609 0 959 624 0 960 625 0 961 607 0 962 626 316 963 627 317 964 624 318 965 628 319 966 629 320 967 603 321 968 630 322 969 631 323 970 601 324 971 632 325 972 633 326 973 599 327 974 634 0 975 635 0 976 821 0 977 636 0 978 637 0 979 731 0 980 638 0 981 639 0 982 727 0 983 640 0 984 641 0 985 725 0 986 642 328 987 643 329 988 723 330 989 644 0 990 645 0 991 719 0 992 646 0 993 647 0 994 644 0 995 648 331 996 649 332 997 717 333 998 650 0 999 651 0 1000 648 0 1001 652 0 1002 653 0 1003 715 0 1004 654 0 1005 655 0 1006 652 0 1007 833 334 1008 656 335 1009 654 336 1010 833 0 1011 657 0 1012 656 0 1013 659 337 1014 660 338 1015 832 339 1016 662 0 1017 660 0 1018 661 0 1019 664 0 1020 662 0 1021 663 0 1022 666 0 1023 664 0 1024 665 0 1025 712 340 1026 667 341 1027 666 342 1028 670 0 1029 668 0 1030 669 0 1031 710 0 1032 671 0 1033 670 0 1034 673 0 1035 674 0 1036 708 0 1037 675 343 1038 676 344 1039 826 345 1040 677 0 1041 678 0 1042 703 0 1043 679 0 1044 680 0 1045 823 0 1046 825 0 1047 697 0 1048 680 0 1049 827 0 1050 683 0 1051 682 0 1052 686 0 1053 684 0 1054 685 0 1055 688 0 1056 686 0 1057 687 0 1058 689 346 1059 688 347 1060 690 348 1061 691 349 1062 689 350 1063 690 351 1064 693 0 1065 692 0 1066 685 0 1067 694 0 1068 692 0 1069 693 0 1070 695 352 1071 696 353 1072 827 354 1073 697 355 1074 698 356 1075 681 357 1076 699 0 1077 698 0 1078 825 0 1079 700 0 1080 699 0 1081 823 0 1082 701 0 1083 702 0 1084 823 0 1085 703 358 1086 704 359 1087 677 360 1088 826 345 1089 705 361 1090 675 343 1091 706 0 1092 707 0 1093 826 0 1094 708 0 1095 709 0 1096 673 0 1097 710 0 1098 711 0 1099 671 0 1100 712 0 1101 713 0 1102 667 0 1103 832 0 1104 714 0 1105 659 0 1106 654 0 1107 652 0 1108 716 0 1109 650 0 1110 648 0 1111 716 0 1112 646 0 1113 644 0 1114 718 0 1115 722 0 1116 720 0 1117 721 0 1118 642 0 1119 723 0 1120 722 0 1121 725 0 1122 726 0 1123 640 0 1124 727 0 1125 728 0 1126 638 0 1127 730 362 1128 728 363 1129 729 364 1130 731 0 1131 732 0 1132 636 0 1133 821 0 1134 733 0 1135 634 0 1136 829 0 1137 734 0 1138 831 0 1139 830 0 1140 790 0 1141 736 0 1142 737 365 1143 738 366 1144 794 367 1145 809 368 1146 739 369 1147 737 370 1148 809 0 1149 740 0 1150 739 0 1151 743 371 1152 741 372 1153 742 373 1154 744 0 1155 745 0 1156 796 0 1157 746 0 1158 747 0 1159 744 0 1160 800 0 1161 748 0 1162 746 0 1163 802 374 1164 749 375 1165 799 376 1166 750 377 1167 751 378 1168 801 379 1169 752 0 1170 753 0 1171 804 0 1172 808 380 1173 754 381 1174 805 382 1175 755 383 1176 756 384 1177 806 385 1178 757 386 1179 758 387 1180 803 388 1181 760 0 1182 758 0 1183 759 0 1184 762 0 1185 760 0 1186 761 0 1187 763 0 1188 764 0 1189 798 0 1190 563 0 1191 564 0 1192 763 0 1193 795 389 1194 767 390 1195 595 391 1196 797 0 1197 768 0 1198 581 0 1199 815 0 1200 769 0 1201 575 0 1202 816 392 1203 770 393 1204 573 394 1205 814 395 1206 771 396 1207 817 397 1208 812 0 1209 772 0 1210 570 0 1211 811 398 1212 773 399 1213 566 400 1214 810 0 1215 774 0 1216 813 0 1217 798 0 1218 775 0 1219 763 0 1220 803 401 1221 776 402 1222 757 403 1223 806 404 1224 777 405 1225 755 406 1226 805 0 1227 778 0 1228 808 0 1229 804 407 1230 779 408 1231 752 409 1232 801 0 1233 780 0 1234 750 0 1235 799 0 1236 781 0 1237 802 0 1238 796 0 1239 782 0 1240 744 0 1241 794 0 1242 783 0 1243 737 0 1244 785 410 1245 783 411 1246 784 412 1247 786 0 1248 787 0 1249 784 0 1250 788 413 1251 789 414 1252 786 415 1253 790 0 1254 791 0 1255 735 0 1256 792 0 1257 793 0 1258 790 0 1259 765 0 1260 766 0 1261 792 0 1262 1 0 1263 0 0 1264 2 0 1265 255 0 1266 2 0 1267 0 0 1268 5 416 1269 3 417 1270 254 418 1271 2 419 1272 254 420 1273 3 421 1274 5 422 1275 4 423 1276 7 424 1277 7 0 1278 6 0 1279 9 0 1280 9 0 1281 8 0 1282 11 0 1283 10 425 1284 12 426 1285 11 427 1286 12 428 1287 14 429 1288 13 430 1289 14 431 1290 16 432 1291 15 433 1292 16 434 1293 31 435 1294 17 436 1295 17 0 1296 29 0 1297 19 0 1298 18 0 1299 19 0 1300 29 0 1301 21 437 1302 19 438 1303 27 439 1304 18 440 1305 27 441 1306 19 442 1307 20 443 1308 25 444 1309 21 445 1310 22 446 1311 21 447 1312 23 448 1313 24 449 1314 23 450 1315 26 451 1316 28 452 1317 26 453 1318 20 454 1319 25 0 1320 20 0 1321 26 0 1322 30 455 1323 28 456 1324 18 457 1325 27 0 1326 18 0 1327 28 0 1328 30 0 1329 29 0 1330 32 0 1331 4 458 1332 33 459 1333 6 460 1334 6 0 1335 33 0 1336 8 0 1337 8 461 1338 33 462 1339 10 463 1340 10 464 1341 33 465 1342 12 466 1343 12 0 1344 33 0 1345 14 0 1346 33 0 1347 32 0 1348 14 0 1349 14 467 1350 32 468 1351 16 469 1352 31 470 1353 16 471 1354 32 472 1355 255 0 1356 33 0 1357 2 0 1358 33 0 1359 51 0 1360 35 0 1361 254 0 1362 2 0 1363 33 0 1364 51 473 1365 49 474 1366 35 475 1367 34 476 1368 35 477 1369 49 478 1370 34 0 1371 36 0 1372 35 0 1373 36 0 1374 38 0 1375 37 0 1376 38 0 1377 40 0 1378 39 0 1379 40 0 1380 42 0 1381 41 0 1382 42 0 1383 44 0 1384 43 0 1385 44 479 1386 47 480 1387 45 481 1388 34 0 1389 50 0 1390 36 0 1391 36 0 1392 50 0 1393 38 0 1394 38 482 1395 50 483 1396 40 484 1397 40 485 1398 50 486 1399 42 487 1400 42 0 1401 50 0 1402 44 0 1403 44 0 1404 50 0 1405 47 0 1406 48 0 1407 47 0 1408 50 0 1409 50 0 1410 49 0 1411 52 0 1412 0 488 1413 54 489 1414 255 490 1415 255 491 1416 54 492 1417 51 493 1418 52 494 1419 51 495 1420 54 496 1421 257 497 1422 70 498 1423 252 499 1424 68 0 1425 66 0 1426 252 0 1427 252 0 1428 66 0 1429 54 0 1430 53 500 1431 252 501 1432 54 502 1433 66 503 1434 55 504 1435 54 505 1436 56 506 1437 54 507 1438 55 508 1439 55 0 1440 57 0 1441 56 0 1442 57 0 1443 64 0 1444 58 0 1445 60 509 1446 58 510 1447 59 511 1448 59 0 1449 62 0 1450 60 0 1451 59 0 1452 65 0 1453 62 0 1454 63 0 1455 62 0 1456 65 0 1457 67 512 1458 65 513 1459 55 514 1460 55 0 1461 65 0 1462 57 0 1463 64 0 1464 57 0 1465 65 0 1466 67 0 1467 66 0 1468 69 0 1469 69 0 1470 68 0 1471 71 0 1472 250 0 1473 73 0 1474 257 0 1475 257 0 1476 73 0 1477 70 0 1478 71 0 1479 70 0 1480 73 0 1481 72 515 1482 74 516 1483 73 517 1484 77 518 1485 75 519 1486 248 520 1487 74 0 1488 248 0 1489 75 0 1490 79 0 1491 77 0 1492 246 0 1493 76 0 1494 246 0 1495 77 0 1496 228 0 1497 81 0 1498 230 0 1499 230 0 1500 81 0 1501 232 0 1502 232 0 1503 81 0 1504 234 0 1505 234 0 1506 81 0 1507 236 0 1508 236 0 1509 81 0 1510 238 0 1511 238 0 1512 81 0 1513 240 0 1514 240 0 1515 81 0 1516 242 0 1517 242 521 1518 81 522 1519 244 523 1520 81 524 1521 79 525 1522 244 526 1523 78 0 1524 244 0 1525 79 0 1526 216 0 1527 83 0 1528 218 0 1529 218 0 1530 83 0 1531 220 0 1532 83 0 1533 81 0 1534 220 0 1535 220 0 1536 81 0 1537 222 0 1538 222 0 1539 81 0 1540 224 0 1541 224 0 1542 81 0 1543 226 0 1544 80 527 1545 226 528 1546 81 529 1547 211 530 1548 85 531 1549 263 532 1550 84 0 1551 85 0 1552 209 0 1553 85 533 1554 83 534 1555 263 535 1556 263 0 1557 83 0 1558 214 0 1559 82 0 1560 214 0 1561 83 0 1562 84 536 1563 207 537 1564 85 538 1565 205 0 1566 203 0 1567 85 0 1568 203 539 1569 86 540 1570 85 541 1571 87 542 1572 85 543 1573 86 544 1574 86 0 1575 201 0 1576 87 0 1577 89 0 1578 87 0 1579 88 0 1580 88 545 1581 90 546 1582 89 547 1583 90 548 1584 92 549 1585 91 550 1586 193 551 1587 95 552 1588 195 553 1589 195 0 1590 95 0 1591 197 0 1592 95 0 1593 93 0 1594 197 0 1595 197 554 1596 93 555 1597 199 556 1598 92 0 1599 199 0 1600 93 0 1601 95 557 1602 94 558 1603 97 559 1604 97 0 1605 96 0 1606 99 0 1607 99 0 1608 98 0 1609 101 0 1610 100 0 1611 102 0 1612 101 0 1613 102 0 1614 104 0 1615 103 0 1616 104 0 1617 106 0 1618 105 0 1619 106 0 1620 108 0 1621 107 0 1622 108 0 1623 110 0 1624 109 0 1625 110 0 1626 112 0 1627 111 0 1628 112 0 1629 114 0 1630 113 0 1631 114 560 1632 116 561 1633 115 562 1634 119 0 1635 117 0 1636 262 0 1637 116 0 1638 262 0 1639 117 0 1640 119 0 1641 118 0 1642 121 0 1643 121 0 1644 120 0 1645 123 0 1646 123 563 1647 122 564 1648 125 565 1649 124 0 1650 126 0 1651 125 0 1652 126 0 1653 128 0 1654 127 0 1655 128 0 1656 130 0 1657 129 0 1658 130 566 1659 132 567 1660 131 568 1661 132 569 1662 134 570 1663 133 571 1664 134 0 1665 136 0 1666 135 0 1667 139 0 1668 137 0 1669 261 0 1670 136 0 1671 261 0 1672 137 0 1673 138 0 1674 140 0 1675 139 0 1676 140 572 1677 142 573 1678 141 574 1679 145 0 1680 143 0 1681 256 0 1682 186 0 1683 184 0 1684 145 0 1685 256 0 1686 143 0 1687 189 0 1688 142 0 1689 189 0 1690 143 0 1691 144 0 1692 145 0 1693 184 0 1694 145 0 1695 144 0 1696 147 0 1697 148 0 1698 147 0 1699 259 0 1700 146 0 1701 259 0 1702 147 0 1703 150 0 1704 148 0 1705 149 0 1706 152 0 1707 150 0 1708 258 0 1709 149 575 1710 258 576 1711 150 577 1712 151 578 1713 153 579 1714 152 580 1715 153 0 1716 155 0 1717 154 0 1718 155 0 1719 180 0 1720 156 0 1721 158 581 1722 156 582 1723 157 583 1724 157 0 1725 159 0 1726 158 0 1727 159 0 1728 161 0 1729 160 0 1730 161 0 1731 163 0 1732 162 0 1733 163 584 1734 165 585 1735 164 586 1736 165 0 1737 167 0 1738 166 0 1739 167 587 1740 169 588 1741 168 589 1742 169 590 1743 171 591 1744 170 592 1745 171 593 1746 173 594 1747 172 595 1748 173 0 1749 178 0 1750 174 0 1751 175 0 1752 174 0 1753 176 0 1754 177 0 1755 176 0 1756 179 0 1757 157 0 1758 181 0 1759 159 0 1760 159 0 1761 181 0 1762 161 0 1763 161 0 1764 181 0 1765 163 0 1766 163 0 1767 181 0 1768 165 0 1769 165 0 1770 181 0 1771 167 0 1772 167 0 1773 181 0 1774 169 0 1775 169 0 1776 181 0 1777 171 0 1778 171 0 1779 181 0 1780 173 0 1781 173 596 1782 181 597 1783 178 598 1784 179 0 1785 178 0 1786 181 0 1787 151 0 1788 182 0 1789 153 0 1790 182 0 1791 181 0 1792 153 0 1793 153 599 1794 181 600 1795 155 601 1796 180 0 1797 155 0 1798 181 0 1799 183 0 1800 182 0 1801 260 0 1802 260 602 1803 182 603 1804 149 604 1805 258 0 1806 149 0 1807 182 0 1808 144 0 1809 185 0 1810 146 0 1811 185 0 1812 183 0 1813 146 0 1814 259 605 1815 146 606 1816 183 607 1817 184 0 1818 186 0 1819 185 0 1820 186 0 1821 256 0 1822 187 0 1823 188 608 1824 256 609 1825 190 610 1826 138 611 1827 191 612 1828 140 613 1829 140 0 1830 191 0 1831 142 0 1832 191 0 1833 190 0 1834 142 0 1835 189 0 1836 142 0 1837 190 0 1838 118 0 1839 192 0 1840 120 0 1841 120 614 1842 192 615 1843 122 616 1844 122 617 1845 192 618 1846 124 619 1847 192 620 1848 191 621 1849 124 622 1850 124 0 1851 191 0 1852 126 0 1853 126 0 1854 191 0 1855 128 0 1856 128 623 1857 191 624 1858 130 625 1859 130 0 1860 191 0 1861 132 0 1862 132 0 1863 191 0 1864 134 0 1865 134 0 1866 191 0 1867 136 0 1868 261 0 1869 136 0 1870 191 0 1871 98 0 1872 192 0 1873 100 0 1874 96 0 1875 94 0 1876 192 0 1877 100 0 1878 192 0 1879 102 0 1880 102 0 1881 192 0 1882 104 0 1883 104 0 1884 192 0 1885 106 0 1886 106 0 1887 192 0 1888 108 0 1889 108 0 1890 192 0 1891 110 0 1892 110 0 1893 192 0 1894 112 0 1895 112 0 1896 192 0 1897 114 0 1898 114 0 1899 192 0 1900 116 0 1901 262 0 1902 116 0 1903 192 0 1904 94 0 1905 193 0 1906 192 0 1907 194 626 1908 192 627 1909 193 628 1910 193 629 1911 195 630 1912 194 631 1913 195 0 1914 197 0 1915 196 0 1916 197 632 1917 199 633 1918 198 634 1919 199 635 1920 92 636 1921 200 637 1922 200 638 1923 90 639 1924 202 640 1925 90 0 1926 88 0 1927 202 0 1928 201 0 1929 202 0 1930 88 0 1931 86 0 1932 204 0 1933 201 0 1934 202 0 1935 201 0 1936 204 0 1937 204 0 1938 203 0 1939 206 0 1940 206 0 1941 205 0 1942 208 0 1943 84 641 1944 210 642 1945 207 643 1946 208 0 1947 207 0 1948 210 0 1949 210 0 1950 209 0 1951 212 0 1952 212 644 1953 211 645 1954 213 646 1955 215 0 1956 213 0 1957 214 0 1958 217 647 1959 215 648 1960 82 649 1961 214 650 1962 82 651 1963 215 652 1964 216 0 1965 218 0 1966 217 0 1967 218 0 1968 220 0 1969 219 0 1970 220 0 1971 222 0 1972 221 0 1973 222 0 1974 224 0 1975 223 0 1976 224 0 1977 226 0 1978 225 0 1979 229 653 1980 227 654 1981 80 655 1982 226 0 1983 80 0 1984 227 0 1985 229 0 1986 228 0 1987 231 0 1988 231 656 1989 230 657 1990 233 658 1991 233 0 1992 232 0 1993 235 0 1994 235 0 1995 234 0 1996 237 0 1997 236 0 1998 238 0 1999 237 0 2000 238 659 2001 240 660 2002 239 661 2003 240 0 2004 242 0 2005 241 0 2006 242 0 2007 244 0 2008 243 0 2009 247 0 2010 245 0 2011 78 0 2012 244 0 2013 78 0 2014 245 0 2015 249 662 2016 247 663 2017 76 664 2018 246 0 2019 76 0 2020 247 0 2021 72 0 2022 251 0 2023 74 0 2024 251 665 2025 249 666 2026 74 667 2027 248 668 2028 74 669 2029 249 670 2030 250 0 2031 257 0 2032 251 0 2033 253 671 2034 251 672 2035 252 673 2036 1 0 2037 253 0 2038 53 0 2039 252 0 2040 53 0 2041 253 0 2042 264 0 2043 353 0 2044 265 0 2045 351 0 2046 349 0 2047 265 0 2048 265 674 2049 349 675 2050 267 676 2051 266 0 2052 267 0 2053 349 0 2054 417 677 2055 267 678 2056 347 679 2057 267 680 2058 344 681 2059 269 682 2060 266 683 2061 347 684 2062 267 685 2063 344 686 2064 342 687 2065 269 688 2066 268 689 2067 269 690 2068 342 691 2069 273 692 2070 269 693 2071 340 694 2072 270 695 2073 269 696 2074 271 697 2075 418 0 2076 273 0 2077 340 0 2078 268 0 2079 340 0 2080 269 0 2081 272 0 2082 271 0 2083 274 0 2084 418 698 2085 276 699 2086 273 700 2087 275 701 2088 276 702 2089 338 703 2090 274 0 2091 273 0 2092 276 0 2093 278 0 2094 276 0 2095 336 0 2096 275 0 2097 336 0 2098 276 0 2099 334 704 2100 280 705 2101 277 706 2102 278 0 2103 277 0 2104 280 0 2105 280 707 2106 279 708 2107 282 709 2108 282 710 2109 281 711 2110 283 712 2111 420 0 2112 283 0 2113 281 0 2114 283 0 2115 285 0 2116 284 0 2117 285 713 2118 287 714 2119 286 715 2120 287 0 2121 289 0 2122 288 0 2123 289 0 2124 291 0 2125 290 0 2126 291 0 2127 293 0 2128 292 0 2129 293 0 2130 295 0 2131 294 0 2132 295 0 2133 297 0 2134 296 0 2135 297 716 2136 299 717 2137 298 718 2138 299 0 2139 301 0 2140 300 0 2141 301 719 2142 304 720 2143 302 721 2144 420 0 2145 307 0 2146 283 0 2147 283 722 2148 307 723 2149 285 724 2150 285 725 2151 307 726 2152 287 727 2153 287 0 2154 307 0 2155 289 0 2156 289 0 2157 307 0 2158 291 0 2159 291 0 2160 307 0 2161 293 0 2162 293 0 2163 307 0 2164 295 0 2165 295 0 2166 307 0 2167 297 0 2168 297 0 2169 307 0 2170 299 0 2171 299 0 2172 307 0 2173 301 0 2174 301 0 2175 307 0 2176 304 0 2177 305 0 2178 304 0 2179 307 0 2180 308 728 2181 307 729 2182 421 730 2183 306 0 2184 421 0 2185 307 0 2186 308 0 2187 321 0 2188 309 0 2189 311 731 2190 309 732 2191 310 733 2192 310 734 2193 319 735 2194 311 736 2195 313 0 2196 311 0 2197 312 0 2198 312 737 2199 314 738 2200 313 739 2201 314 740 2202 317 741 2203 315 742 2204 312 0 2205 320 0 2206 314 0 2207 314 0 2208 320 0 2209 317 0 2210 318 0 2211 317 0 2212 320 0 2213 310 0 2214 322 0 2215 319 0 2216 320 0 2217 319 0 2218 322 0 2219 321 743 2220 308 744 2221 323 745 2222 322 746 2223 321 747 2224 324 748 2225 421 0 2226 323 0 2227 308 0 2228 323 0 2229 325 0 2230 324 0 2231 325 0 2232 327 0 2233 326 0 2234 327 0 2235 329 0 2236 328 0 2237 329 0 2238 332 0 2239 330 0 2240 306 749 2241 281 750 2242 335 751 2243 306 0 2244 335 0 2245 421 0 2246 281 0 2247 279 0 2248 335 0 2249 421 0 2250 335 0 2251 323 0 2252 323 0 2253 335 0 2254 325 0 2255 325 752 2256 335 753 2257 327 754 2258 327 0 2259 335 0 2260 329 0 2261 329 0 2262 335 0 2263 332 0 2264 333 0 2265 332 0 2266 335 0 2267 334 0 2268 335 0 2269 279 0 2270 337 0 2271 335 0 2272 277 0 2273 334 0 2274 277 0 2275 335 0 2276 275 0 2277 339 0 2278 336 0 2279 337 0 2280 336 0 2281 339 0 2282 340 755 2283 339 756 2284 418 757 2285 338 758 2286 418 759 2287 339 760 2288 340 0 2289 268 0 2290 341 0 2291 343 761 2292 341 762 2293 342 763 2294 342 764 2295 344 765 2296 343 766 2297 344 767 2298 417 768 2299 345 769 2300 346 0 2301 417 0 2302 348 0 2303 350 0 2304 348 0 2305 266 0 2306 347 770 2307 266 771 2308 348 772 2309 350 773 2310 349 774 2311 352 775 2312 352 776 2313 351 777 2314 354 778 2315 415 0 2316 356 0 2317 264 0 2318 264 779 2319 356 780 2320 353 781 2321 354 782 2322 353 783 2323 356 784 2324 356 785 2325 355 786 2326 358 787 2327 411 788 2328 360 789 2329 413 790 2330 413 791 2331 360 792 2332 357 793 2333 358 0 2334 357 0 2335 360 0 2336 403 794 2337 362 795 2338 405 796 2339 405 797 2340 362 798 2341 407 799 2342 407 0 2343 362 0 2344 409 0 2345 409 0 2346 362 0 2347 359 0 2348 360 0 2349 359 0 2350 362 0 2351 400 800 2352 362 801 2353 419 802 2354 398 0 2355 396 0 2356 362 0 2357 361 0 2358 419 0 2359 362 0 2360 396 0 2361 363 0 2362 362 0 2363 364 803 2364 362 804 2365 363 805 2366 363 0 2367 394 0 2368 364 0 2369 392 0 2370 365 0 2371 364 0 2372 366 0 2373 364 0 2374 365 0 2375 365 0 2376 390 0 2377 366 0 2378 388 806 2379 367 807 2380 366 808 2381 368 0 2382 366 0 2383 367 0 2384 367 809 2385 386 810 2386 368 811 2387 384 0 2388 369 0 2389 368 0 2390 370 812 2391 368 813 2392 369 814 2393 369 815 2394 382 816 2395 370 817 2396 380 0 2397 371 0 2398 370 0 2399 372 818 2400 370 819 2401 371 820 2402 371 821 2403 378 822 2404 372 823 2405 374 0 2406 372 0 2407 373 0 2408 373 0 2409 376 0 2410 374 0 2411 373 824 2412 379 825 2413 376 826 2414 377 0 2415 376 0 2416 379 0 2417 371 0 2418 381 0 2419 378 0 2420 379 827 2421 378 828 2422 381 829 2423 381 0 2424 380 0 2425 383 0 2426 369 0 2427 385 0 2428 382 0 2429 383 0 2430 382 0 2431 385 0 2432 385 830 2433 384 831 2434 387 832 2435 367 0 2436 389 0 2437 386 0 2438 387 0 2439 386 0 2440 389 0 2441 389 0 2442 388 0 2443 391 0 2444 365 833 2445 393 834 2446 390 835 2447 391 836 2448 390 837 2449 393 838 2450 393 0 2451 392 0 2452 395 0 2453 363 839 2454 397 840 2455 394 841 2456 395 842 2457 394 843 2458 397 844 2459 397 0 2460 396 0 2461 399 0 2462 399 0 2463 398 0 2464 401 0 2465 401 845 2466 400 846 2467 402 847 2468 404 848 2469 402 849 2470 361 850 2471 419 0 2472 361 0 2473 402 0 2474 403 0 2475 405 0 2476 404 0 2477 405 0 2478 407 0 2479 406 0 2480 407 0 2481 409 0 2482 408 0 2483 409 0 2484 359 0 2485 410 0 2486 412 0 2487 410 0 2488 411 0 2489 411 0 2490 413 0 2491 412 0 2492 413 0 2493 357 0 2494 414 0 2495 414 851 2496 355 852 2497 416 853 2498 415 0 2499 416 0 2500 355 0 2501 415 854 2502 264 855 2503 416 856 2504 819 0 2505 425 0 2506 422 0 2507 423 857 2508 422 858 2509 425 859 2510 427 0 2511 425 0 2512 551 0 2513 424 0 2514 551 0 2515 425 0 2516 549 0 2517 429 0 2518 426 0 2519 427 860 2520 426 861 2521 429 862 2522 429 0 2523 428 0 2524 431 0 2525 545 0 2526 433 0 2527 547 0 2528 547 0 2529 433 0 2530 430 0 2531 431 0 2532 430 0 2533 433 0 2534 432 863 2535 520 864 2536 433 865 2537 433 866 2538 520 867 2539 435 868 2540 434 0 2541 435 0 2542 520 0 2543 434 869 2544 436 870 2545 435 871 2546 436 872 2547 438 873 2548 437 874 2549 441 875 2550 439 876 2551 820 877 2552 438 0 2553 820 0 2554 439 0 2555 441 0 2556 440 0 2557 443 0 2558 517 0 2559 445 0 2560 442 0 2561 443 0 2562 442 0 2563 445 0 2564 445 0 2565 444 0 2566 447 0 2567 515 0 2568 449 0 2569 446 0 2570 447 878 2571 446 879 2572 449 880 2573 449 881 2574 448 882 2575 451 883 2576 450 884 2577 452 885 2578 451 886 2579 455 0 2580 453 0 2581 513 0 2582 452 0 2583 513 0 2584 453 0 2585 457 887 2586 455 888 2587 511 889 2588 454 890 2589 511 891 2590 455 892 2591 459 0 2592 457 0 2593 509 0 2594 456 0 2595 509 0 2596 457 0 2597 461 0 2598 459 0 2599 507 0 2600 458 0 2601 507 0 2602 459 0 2603 822 0 2604 463 0 2605 505 0 2606 463 0 2607 461 0 2608 505 0 2609 460 0 2610 505 0 2611 461 0 2612 463 893 2613 462 894 2614 465 895 2615 465 896 2616 464 897 2617 466 898 2618 834 899 2619 466 900 2620 464 901 2621 466 0 2622 468 0 2623 467 0 2624 471 902 2625 469 903 2626 807 904 2627 468 905 2628 807 906 2629 469 907 2630 471 0 2631 470 0 2632 473 0 2633 473 908 2634 472 909 2635 475 910 2636 475 0 2637 474 0 2638 477 0 2639 477 911 2640 476 912 2641 479 913 2642 478 0 2643 480 0 2644 479 0 2645 480 0 2646 482 0 2647 481 0 2648 482 0 2649 818 0 2650 483 0 2651 484 914 2652 483 915 2653 485 916 2654 818 0 2655 487 0 2656 485 0 2657 486 0 2658 485 0 2659 488 0 2660 487 917 2661 489 918 2662 488 919 2663 489 0 2664 491 0 2665 490 0 2666 491 0 2667 493 0 2668 492 0 2669 493 920 2670 495 921 2671 494 922 2672 495 0 2673 498 0 2674 496 0 2675 470 923 2676 500 924 2677 472 925 2678 472 926 2679 500 927 2680 474 928 2681 474 0 2682 500 0 2683 476 0 2684 476 929 2685 500 930 2686 478 931 2687 478 0 2688 500 0 2689 480 0 2690 480 0 2691 500 0 2692 482 0 2693 482 0 2694 500 0 2695 818 0 2696 818 932 2697 500 933 2698 487 934 2699 487 935 2700 500 936 2701 489 937 2702 489 0 2703 500 0 2704 491 0 2705 491 0 2706 500 0 2707 493 0 2708 493 0 2709 500 0 2710 495 0 2711 495 938 2712 500 939 2713 498 940 2714 499 941 2715 498 942 2716 500 943 2717 834 944 2718 500 945 2719 466 946 2720 501 947 2721 500 948 2722 502 949 2723 466 950 2724 500 951 2725 468 952 2726 807 0 2727 468 0 2728 500 0 2729 462 0 2730 504 0 2731 464 0 2732 504 0 2733 503 0 2734 464 0 2735 503 953 2736 502 954 2737 464 955 2738 834 956 2739 464 957 2740 502 958 2741 504 0 2742 822 0 2743 506 0 2744 508 0 2745 506 0 2746 460 0 2747 505 0 2748 460 0 2749 506 0 2750 510 0 2751 508 0 2752 458 0 2753 507 0 2754 458 0 2755 508 0 2756 512 0 2757 510 0 2758 456 0 2759 509 0 2760 456 0 2761 510 0 2762 514 959 2763 512 960 2764 454 961 2765 511 0 2766 454 0 2767 512 0 2768 448 962 2769 516 963 2770 450 964 2771 516 965 2772 514 966 2773 450 967 2774 450 0 2775 514 0 2776 452 0 2777 513 968 2778 452 969 2779 514 970 2780 515 0 2781 446 0 2782 516 0 2783 516 0 2784 444 0 2785 518 0 2786 517 971 2787 518 972 2788 444 973 2789 519 0 2790 518 0 2791 440 0 2792 440 974 2793 518 975 2794 442 976 2795 517 977 2796 442 978 2797 518 979 2798 521 0 2799 519 0 2800 434 0 2801 434 0 2802 519 0 2803 436 0 2804 436 0 2805 519 0 2806 438 0 2807 820 980 2808 438 981 2809 519 982 2810 543 0 2811 521 0 2812 835 0 2813 521 0 2814 541 0 2815 523 0 2816 520 0 2817 835 0 2818 521 0 2819 522 0 2820 523 0 2821 541 0 2822 525 0 2823 523 0 2824 539 0 2825 522 0 2826 539 0 2827 523 0 2828 824 0 2829 527 0 2830 537 0 2831 527 0 2832 525 0 2833 537 0 2834 524 0 2835 537 0 2836 525 0 2837 526 0 2838 828 0 2839 527 0 2840 534 983 2841 529 984 2842 528 985 2843 530 986 2844 528 987 2845 529 988 2846 529 989 2847 532 990 2848 530 991 2849 529 0 2850 535 0 2851 532 0 2852 533 0 2853 532 0 2854 535 0 2855 526 992 2856 536 993 2857 828 994 2858 536 0 2859 535 0 2860 828 0 2861 534 995 2862 828 996 2863 535 997 2864 536 0 2865 824 0 2866 538 0 2867 540 998 2868 538 999 2869 524 1000 2870 537 1001 2871 524 1002 2872 538 1003 2873 522 1004 2874 542 1005 2875 539 1006 2876 540 0 2877 539 0 2878 542 0 2879 542 0 2880 541 0 2881 544 0 2882 432 0 2883 544 0 2884 835 0 2885 546 0 2886 544 0 2887 545 0 2888 543 0 2889 835 0 2890 544 0 2891 545 1007 2892 547 1008 2893 546 1009 2894 547 1010 2895 430 1011 2896 548 1012 2897 428 0 2898 549 0 2899 548 0 2900 550 0 2901 548 0 2902 549 0 2903 549 0 2904 426 0 2905 550 0 2906 552 1013 2907 550 1014 2908 551 1015 2909 551 1016 2910 424 1017 2911 552 1018 2912 819 1019 2913 553 1020 2914 552 1021 2915 554 1022 2916 552 1023 2917 553 1024 2918 553 0 2919 555 0 2920 554 0 2921 555 1025 2922 557 1026 2923 556 1027 2924 557 0 2925 560 0 2926 558 0 2927 555 1028 2928 553 1029 2929 422 1030 2930 555 0 2931 562 0 2932 557 0 2933 819 1031 2934 422 1032 2935 553 1033 2936 557 0 2937 562 0 2938 560 0 2939 561 0 2940 560 0 2941 562 0 2942 565 1034 2943 564 1035 2944 810 1036 2945 563 1037 2946 810 1038 2947 564 1039 2948 567 1040 2949 565 1041 2950 811 1042 2951 813 1043 2952 811 1044 2953 565 1045 2954 567 0 2955 566 0 2956 569 0 2957 571 1046 2958 569 1047 2959 812 1048 2960 568 0 2961 812 0 2962 569 0 2963 572 0 2964 571 0 2965 814 0 2966 570 0 2967 814 0 2968 571 0 2969 574 0 2970 572 0 2971 816 0 2972 817 0 2973 816 0 2974 572 0 2975 576 0 2976 574 0 2977 815 0 2978 573 0 2979 815 0 2980 574 0 2981 575 0 2982 577 0 2983 576 0 2984 577 1049 2985 579 1050 2986 578 1051 2987 582 0 2988 580 0 2989 797 0 2990 579 0 2991 797 0 2992 580 0 2993 582 0 2994 581 0 2995 584 0 2996 584 0 2997 583 0 2998 586 0 2999 586 0 3000 585 0 3001 588 0 3002 587 0 3003 589 0 3004 588 0 3005 589 0 3006 591 0 3007 590 0 3008 591 0 3009 593 0 3010 592 0 3011 596 0 3012 594 0 3013 795 0 3014 593 0 3015 795 0 3016 594 0 3017 596 1052 3018 595 1053 3019 598 1054 3020 829 0 3021 632 0 3022 600 0 3023 829 0 3024 600 0 3025 830 0 3026 599 1055 3027 600 1056 3028 632 1057 3029 830 0 3030 600 0 3031 792 0 3032 600 0 3033 598 0 3034 792 0 3035 792 0 3036 598 0 3037 765 0 3038 597 0 3039 765 0 3040 598 0 3041 602 0 3042 600 0 3043 630 0 3044 599 0 3045 630 0 3046 600 0 3047 604 0 3048 602 0 3049 628 0 3050 601 1058 3051 628 1059 3052 602 1060 3053 603 0 3054 605 0 3055 604 0 3056 608 1061 3057 606 1062 3058 626 1063 3059 607 1064 3060 608 1065 3061 624 1066 3062 605 1067 3063 626 1068 3064 606 1069 3065 610 0 3066 608 0 3067 622 0 3068 607 0 3069 622 0 3070 608 0 3071 609 0 3072 620 0 3073 610 0 3074 618 0 3075 616 0 3076 610 0 3077 616 0 3078 614 0 3079 610 0 3080 614 0 3081 612 0 3082 610 0 3083 611 0 3084 610 0 3085 612 0 3086 613 1070 3087 612 1071 3088 615 1072 3089 615 1073 3090 614 1074 3091 617 1075 3092 617 1076 3093 616 1077 3094 619 1078 3095 619 1079 3096 618 1080 3097 621 1081 3098 623 0 3099 621 0 3100 609 0 3101 620 0 3102 609 0 3103 621 0 3104 607 0 3105 625 0 3106 622 0 3107 623 1082 3108 622 1083 3109 625 1084 3110 625 0 3111 624 0 3112 627 0 3113 603 0 3114 629 0 3115 605 0 3116 629 0 3117 627 0 3118 605 0 3119 626 0 3120 605 0 3121 627 0 3122 631 0 3123 629 0 3124 601 0 3125 628 0 3126 601 0 3127 629 0 3128 633 0 3129 631 0 3130 599 0 3131 630 1085 3132 599 1086 3133 631 1087 3134 635 1088 3135 633 1089 3136 821 1090 3137 633 0 3138 632 0 3139 821 0 3140 831 0 3141 821 0 3142 632 0 3143 637 1091 3144 635 1092 3145 731 1093 3146 634 0 3147 731 0 3148 635 0 3149 727 0 3150 639 0 3151 729 0 3152 639 0 3153 637 0 3154 729 0 3155 636 1094 3156 729 1095 3157 637 1096 3158 725 0 3159 641 0 3160 638 0 3161 639 0 3162 638 0 3163 641 0 3164 643 1097 3165 641 1098 3166 723 1099 3167 640 0 3168 723 0 3169 641 0 3170 719 1100 3171 645 1101 3172 721 1102 3173 645 1103 3174 643 1104 3175 721 1105 3176 642 0 3177 721 0 3178 643 0 3179 645 0 3180 644 0 3181 647 0 3182 717 0 3183 649 0 3184 646 0 3185 647 0 3186 646 0 3187 649 0 3188 649 0 3189 648 0 3190 651 0 3191 715 0 3192 653 0 3193 650 0 3194 651 1106 3195 650 1107 3196 653 1108 3197 653 0 3198 652 0 3199 655 0 3200 655 0 3201 654 0 3202 656 0 3203 658 0 3204 656 0 3205 657 0 3206 660 0 3207 658 0 3208 832 0 3209 657 0 3210 832 0 3211 658 0 3212 659 1109 3213 661 1110 3214 660 1111 3215 661 0 3216 663 0 3217 662 0 3218 663 0 3219 665 0 3220 664 0 3221 665 0 3222 712 0 3223 666 0 3224 668 0 3225 666 0 3226 667 0 3227 667 0 3228 669 0 3229 668 0 3230 669 0 3231 710 0 3232 670 0 3233 672 0 3234 670 0 3235 671 0 3236 674 0 3237 672 0 3238 708 0 3239 671 0 3240 708 0 3241 672 0 3242 826 1112 3243 676 1113 3244 706 1114 3245 676 0 3246 674 0 3247 706 0 3248 673 0 3249 706 0 3250 674 0 3251 678 1115 3252 676 1116 3253 703 1117 3254 675 0 3255 703 0 3256 676 0 3257 680 0 3258 678 0 3259 823 0 3260 823 0 3261 678 0 3262 701 0 3263 677 0 3264 701 0 3265 678 0 3266 679 0 3267 825 0 3268 680 0 3269 680 1118 3270 697 1119 3271 682 1120 3272 681 0 3273 682 0 3274 697 0 3275 827 0 3276 682 0 3277 695 0 3278 684 0 3279 682 0 3280 683 0 3281 681 0 3282 695 0 3283 682 0 3284 683 0 3285 685 0 3286 684 0 3287 685 0 3288 687 0 3289 686 0 3290 687 0 3291 690 0 3292 688 0 3293 685 0 3294 683 0 3295 693 0 3296 685 0 3297 692 0 3298 687 0 3299 827 1121 3300 693 1122 3301 683 1123 3302 687 0 3303 692 0 3304 690 0 3305 691 1124 3306 690 1125 3307 692 1126 3308 827 1127 3309 696 1128 3310 693 1129 3311 694 1130 3312 693 1131 3313 696 1132 3314 698 0 3315 696 0 3316 681 0 3317 695 0 3318 681 0 3319 696 0 3320 697 0 3321 825 0 3322 698 0 3323 823 1133 3324 699 1134 3325 679 1135 3326 825 1136 3327 679 1137 3328 699 1138 3329 700 0 3330 823 0 3331 702 0 3332 704 1139 3333 702 1140 3334 677 1141 3335 701 1142 3336 677 1143 3337 702 1144 3338 675 0 3339 705 0 3340 703 0 3341 704 0 3342 703 0 3343 705 0 3344 705 0 3345 826 0 3346 707 0 3347 673 0 3348 709 0 3349 706 0 3350 707 0 3351 706 0 3352 709 0 3353 671 0 3354 711 0 3355 708 0 3356 709 1145 3357 708 1146 3358 711 1147 3359 667 0 3360 713 0 3361 669 0 3362 669 0 3363 713 0 3364 710 0 3365 711 0 3366 710 0 3367 713 0 3368 659 0 3369 714 0 3370 661 0 3371 661 0 3372 714 0 3373 663 0 3374 663 0 3375 714 0 3376 665 0 3377 665 0 3378 714 0 3379 712 0 3380 713 1148 3381 712 1149 3382 714 1150 3383 716 0 3384 714 0 3385 654 0 3386 715 0 3387 716 0 3388 652 0 3389 654 0 3390 714 0 3391 833 0 3392 833 0 3393 714 0 3394 657 0 3395 832 0 3396 657 0 3397 714 0 3398 715 0 3399 650 0 3400 716 0 3401 716 0 3402 648 0 3403 718 0 3404 717 1151 3405 718 1152 3406 648 1153 3407 717 0 3408 646 0 3409 718 0 3410 644 0 3411 719 0 3412 718 0 3413 720 0 3414 718 0 3415 719 0 3416 719 1154 3417 721 1155 3418 720 1156 3419 721 0 3420 642 0 3421 722 0 3422 724 0 3423 722 0 3424 723 0 3425 726 1157 3426 724 1158 3427 640 1159 3428 723 0 3429 640 0 3430 724 0 3431 728 0 3432 726 0 3433 638 0 3434 725 0 3435 638 0 3436 726 0 3437 727 0 3438 729 0 3439 728 0 3440 732 0 3441 730 0 3442 636 0 3443 729 1160 3444 636 1161 3445 730 1162 3446 733 1163 3447 732 1164 3448 634 1165 3449 731 0 3450 634 0 3451 732 0 3452 734 1166 3453 733 1167 3454 831 1168 3455 821 1169 3456 831 1170 3457 733 1171 3458 736 0 3459 734 0 3460 830 0 3461 735 0 3462 736 0 3463 790 0 3464 829 1172 3465 830 1173 3466 734 1174 3467 738 1175 3468 736 1176 3469 794 1177 3470 794 0 3471 736 0 3472 784 0 3473 784 0 3474 736 0 3475 786 0 3476 786 0 3477 736 0 3478 788 0 3479 735 0 3480 788 0 3481 736 0 3482 738 1178 3483 737 1179 3484 739 1180 3485 741 1181 3486 739 1182 3487 740 1183 3488 740 0 3489 742 0 3490 741 0 3491 745 0 3492 743 0 3493 796 0 3494 742 0 3495 796 0 3496 743 0 3497 745 0 3498 744 0 3499 747 0 3500 747 1184 3501 746 1185 3502 748 1186 3503 749 0 3504 748 0 3505 799 0 3506 800 0 3507 799 0 3508 748 0 3509 751 0 3510 749 0 3511 801 0 3512 802 1187 3513 801 1188 3514 749 1189 3515 753 0 3516 751 0 3517 804 0 3518 750 0 3519 804 0 3520 751 0 3521 754 0 3522 753 0 3523 805 0 3524 752 0 3525 805 0 3526 753 0 3527 756 0 3528 754 0 3529 806 0 3530 808 0 3531 806 0 3532 754 0 3533 758 0 3534 756 0 3535 803 0 3536 755 1190 3537 803 1191 3538 756 1192 3539 757 0 3540 759 0 3541 758 0 3542 759 0 3543 761 0 3544 760 0 3545 764 0 3546 762 0 3547 798 0 3548 761 0 3549 798 0 3550 762 0 3551 764 0 3552 763 0 3553 564 0 3554 595 1193 3555 767 1194 3556 597 1195 3557 767 0 3558 766 0 3559 597 0 3560 765 0 3561 597 0 3562 766 0 3563 581 0 3564 768 0 3565 583 0 3566 583 1196 3567 768 1197 3568 585 1198 3569 585 1199 3570 768 1200 3571 587 1201 3572 768 0 3573 767 0 3574 587 0 3575 587 0 3576 767 0 3577 589 0 3578 589 0 3579 767 0 3580 591 0 3581 591 0 3582 767 0 3583 593 0 3584 795 0 3585 593 0 3586 767 0 3587 575 0 3588 769 0 3589 577 0 3590 769 0 3591 768 0 3592 577 0 3593 577 0 3594 768 0 3595 579 0 3596 797 0 3597 579 0 3598 768 0 3599 770 0 3600 769 0 3601 573 0 3602 815 1202 3603 573 1203 3604 769 1204 3605 771 1205 3606 770 1206 3607 817 1207 3608 816 0 3609 817 0 3610 770 0 3611 772 0 3612 771 0 3613 570 0 3614 814 1208 3615 570 1209 3616 771 1210 3617 773 0 3618 772 0 3619 566 0 3620 566 0 3621 772 0 3622 568 0 3623 812 1211 3624 568 1212 3625 772 1213 3626 774 1214 3627 773 1215 3628 813 1216 3629 811 0 3630 813 0 3631 773 0 3632 775 0 3633 774 0 3634 763 0 3635 763 1217 3636 774 1218 3637 563 1219 3638 810 0 3639 563 0 3640 774 0 3641 776 0 3642 775 0 3643 757 0 3644 757 0 3645 775 0 3646 759 0 3647 759 0 3648 775 0 3649 761 0 3650 798 0 3651 761 0 3652 775 0 3653 777 0 3654 776 0 3655 755 0 3656 803 0 3657 755 0 3658 776 0 3659 778 1220 3660 777 1221 3661 808 1222 3662 806 0 3663 808 0 3664 777 0 3665 779 0 3666 778 0 3667 752 0 3668 805 0 3669 752 0 3670 778 0 3671 780 0 3672 779 0 3673 750 0 3674 804 0 3675 750 0 3676 779 0 3677 781 0 3678 780 0 3679 802 0 3680 801 1223 3681 802 1224 3682 780 1225 3683 744 0 3684 782 0 3685 746 0 3686 782 0 3687 781 0 3688 746 0 3689 746 0 3690 781 0 3691 800 0 3692 799 0 3693 800 0 3694 781 0 3695 737 0 3696 783 0 3697 809 0 3698 783 1226 3699 782 1227 3700 809 1228 3701 809 0 3702 782 0 3703 740 0 3704 740 0 3705 782 0 3706 742 0 3707 796 0 3708 742 0 3709 782 0 3710 794 0 3711 784 0 3712 783 0 3713 785 0 3714 784 0 3715 787 0 3716 787 0 3717 786 0 3718 789 0 3719 735 1229 3720 791 1230 3721 788 1231 3722 789 1232 3723 788 1233 3724 791 1234 3725 830 1235 3726 792 1236 3727 790 1237 3728 791 0 3729 790 0 3730 793 0 3731 793 1238 3732 792 1239 3733 766 1240 3734</p>
        </triangles>
        <triangles material="Layer_1_Extrusion_Material-material" count="844">
          <input semantic="VERTEX" source="#Layer_1-mesh-vertices" offset="0"/>
          <input semantic="NORMAL" source="#Layer_1-mesh-normals" offset="1"/>
          <input semantic="TEXCOORD" source="#Layer_1-mesh-map-0" offset="2" set="0"/>
          <p>881 1241 3735 837 1242 3736 838 1243 3737 881 1241 3738 838 1243 3739 882 1244 3740 882 1244 3741 838 1243 3742 839 1245 3743 882 1244 3744 839 1245 3745 883 1246 3746 883 1246 3747 839 1245 3748 840 1247 3749 883 1246 3750 840 1247 3751 884 1248 3752 884 1248 3753 840 1247 3754 841 1249 3755 884 1248 3756 841 1249 3757 885 1250 3758 885 1250 3759 841 1249 3760 842 1251 3761 885 1250 3762 842 1251 3763 886 1252 3764 886 1252 3765 842 1251 3766 843 1253 3767 886 1252 3768 843 1253 3769 887 1254 3770 887 1254 3771 843 1253 3772 844 1255 3773 887 1254 3774 844 1255 3775 888 1256 3776 888 1256 3777 844 1255 3778 845 1257 3779 888 1256 3780 845 1257 3781 889 1258 3782 889 1258 3783 845 1257 3784 846 1259 3785 889 1258 3786 846 1259 3787 890 1260 3788 890 1260 3789 846 1259 3790 847 1261 3791 890 1260 3792 847 1261 3793 891 1262 3794 891 1262 3795 847 1261 3796 848 1263 3797 891 1262 3798 848 1263 3799 892 1264 3800 892 1264 3801 848 1263 3802 849 1265 3803 892 1264 3804 849 1265 3805 893 1266 3806 893 1266 3807 849 1265 3808 850 1267 3809 893 1266 3810 850 1267 3811 894 1268 3812 894 1268 3813 850 1267 3814 851 1269 3815 894 1268 3816 851 1269 3817 895 1270 3818 895 1270 3819 851 1269 3820 852 1271 3821 895 1270 3822 852 1271 3823 896 1272 3824 896 1272 3825 852 1271 3826 853 1273 3827 896 1272 3828 853 1273 3829 897 1274 3830 897 1274 3831 853 1273 3832 854 1275 3833 897 1274 3834 854 1275 3835 898 1276 3836 898 1276 3837 854 1275 3838 855 1277 3839 898 1276 3840 855 1277 3841 899 1278 3842 899 1278 3843 855 1277 3844 856 1279 3845 899 1278 3846 856 1279 3847 900 1280 3848 900 1280 3849 856 1279 3850 857 1281 3851 900 1280 3852 857 1281 3853 901 1282 3854 901 1282 3855 857 1281 3856 858 1283 3857 901 1282 3858 858 1283 3859 902 1284 3860 902 1284 3861 858 1283 3862 859 1285 3863 902 1284 3864 859 1285 3865 903 1286 3866 903 1286 3867 859 1285 3868 860 1287 3869 903 1286 3870 860 1287 3871 904 1288 3872 904 1288 3873 860 1287 3874 861 1289 3875 904 1288 3876 861 1289 3877 905 1290 3878 905 1290 3879 861 1289 3880 862 1291 3881 905 1290 3882 862 1291 3883 906 1292 3884 906 1292 3885 862 1291 3886 863 1293 3887 906 1292 3888 863 1293 3889 907 1294 3890 907 1294 3891 863 1293 3892 864 1295 3893 907 1294 3894 864 1295 3895 908 1296 3896 908 1296 3897 864 1295 3898 865 1297 3899 908 1296 3900 865 1297 3901 909 1298 3902 909 1298 3903 865 1297 3904 866 1299 3905 909 1298 3906 866 1299 3907 910 1300 3908 910 1300 3909 866 1299 3910 867 1301 3911 910 1300 3912 867 1301 3913 911 1302 3914 911 1302 3915 867 1301 3916 868 1303 3917 911 1302 3918 868 1303 3919 912 1304 3920 912 1304 3921 868 1303 3922 869 1305 3923 912 1304 3924 869 1305 3925 913 1306 3926 913 1306 3927 869 1305 3928 870 1307 3929 913 1306 3930 870 1307 3931 914 1308 3932 914 1308 3933 870 1307 3934 871 1309 3935 914 1308 3936 871 1309 3937 915 1310 3938 915 1310 3939 871 1309 3940 872 1311 3941 915 1310 3942 872 1311 3943 916 1312 3944 916 1312 3945 872 1311 3946 873 1313 3947 916 1312 3948 873 1313 3949 917 1314 3950 917 1314 3951 873 1313 3952 874 1315 3953 917 1314 3954 874 1315 3955 918 1316 3956 918 1316 3957 874 1315 3958 875 1317 3959 918 1316 3960 875 1317 3961 919 1318 3962 919 1318 3963 875 1317 3964 876 1319 3965 919 1318 3966 876 1319 3967 920 1320 3968 920 1320 3969 876 1319 3970 877 1321 3971 920 1320 3972 877 1321 3973 921 1322 3974 921 1322 3975 877 1321 3976 878 1323 3977 921 1322 3978 878 1323 3979 922 1324 3980 922 1324 3981 878 1323 3982 879 1325 3983 922 1324 3984 879 1325 3985 923 1326 3986 923 1326 3987 879 1325 3988 880 1327 3989 923 1326 3990 880 1327 3991 924 1328 3992 927 1240 3993 925 1240 3994 926 1240 3995 927 1240 3996 926 1240 3997 928 1240 3998 935 1329 3999 929 1330 4000 930 1331 4001 935 1329 4002 930 1331 4003 936 1332 4004 936 1332 4005 930 1331 4006 931 1333 4007 936 1332 4008 931 1333 4009 937 1334 4010 937 1334 4011 931 1333 4012 932 1335 4013 937 1334 4014 932 1335 4015 938 1336 4016 938 1336 4017 932 1335 4018 933 1337 4019 938 1336 4020 933 1337 4021 939 1338 4022 939 1338 4023 933 1337 4024 934 1339 4025 939 1338 4026 934 1339 4027 940 1340 4028 950 1341 4029 941 1342 4030 942 1343 4031 950 1341 4032 942 1343 4033 951 1344 4034 951 1344 4035 942 1343 4036 943 1345 4037 951 1344 4038 943 1345 4039 952 1346 4040 952 1346 4041 943 1345 4042 944 1347 4043 952 1346 4044 944 1347 4045 953 1348 4046 953 1348 4047 944 1347 4048 945 1349 4049 953 1348 4050 945 1349 4051 954 1350 4052 954 1350 4053 945 1349 4054 946 1351 4055 954 1350 4056 946 1351 4057 955 1352 4058 955 1352 4059 946 1351 4060 947 1353 4061 955 1352 4062 947 1353 4063 956 1354 4064 956 1354 4065 947 1353 4066 948 1355 4067 956 1354 4068 948 1355 4069 957 1356 4070 957 1356 4071 948 1355 4072 949 1357 4073 957 1356 4074 949 1357 4075 958 1358 4076 963 1359 4077 959 1360 4078 960 1361 4079 963 1359 4080 960 1361 4081 964 1362 4082 964 1362 4083 960 1361 4084 961 1363 4085 964 1362 4086 961 1363 4087 965 1364 4088 965 1364 4089 961 1363 4090 962 1365 4091 965 1364 4092 962 1365 4093 966 1366 4094 973 1367 4095 967 1368 4096 968 1369 4097 973 1367 4098 968 1369 4099 974 1370 4100 974 1370 4101 968 1369 4102 969 1371 4103 974 1370 4104 969 1371 4105 975 1372 4106 975 1372 4107 969 1371 4108 970 1373 4109 975 1372 4110 970 1373 4111 976 1374 4112 976 1374 4113 970 1373 4114 971 1375 4115 976 1374 4116 971 1375 4117 977 1376 4118 977 1376 4119 971 1375 4120 972 1377 4121 977 1376 4122 972 1377 4123 978 1378 4124 988 1379 4125 979 1380 4126 980 1381 4127 988 1379 4128 980 1381 4129 989 1382 4130 989 1382 4131 980 1381 4132 981 1383 4133 989 1382 4134 981 1383 4135 990 1384 4136 990 1384 4137 981 1383 4138 982 1385 4139 990 1384 4140 982 1385 4141 991 1386 4142 991 1386 4143 982 1385 4144 983 1387 4145 991 1386 4146 983 1387 4147 992 1388 4148 992 1388 4149 983 1387 4150 984 1389 4151 992 1388 4152 984 1389 4153 993 1390 4154 993 1390 4155 984 1389 4156 985 1391 4157 993 1390 4158 985 1391 4159 994 1392 4160 994 1392 4161 985 1391 4162 986 1393 4163 994 1392 4164 986 1393 4165 995 1394 4166 995 1394 4167 986 1393 4168 987 1395 4169 995 1394 4170 987 1395 4171 996 1396 4172 999 1397 4173 997 1398 4174 998 1399 4175 999 1397 4176 998 1399 4177 1000 1400 4178 1051 1401 4179 1001 1402 4180 1002 1403 4181 1051 1401 4182 1002 1403 4183 1052 1404 4184 1052 1404 4185 1002 1403 4186 1003 1405 4187 1052 1404 4188 1003 1405 4189 1053 1406 4190 1053 1406 4191 1003 1405 4192 1004 1407 4193 1053 1406 4194 1004 1407 4195 1054 1408 4196 1054 1408 4197 1004 1407 4198 1005 1409 4199 1054 1408 4200 1005 1409 4201 1055 1410 4202 1055 1410 4203 1005 1409 4204 1006 1411 4205 1055 1410 4206 1006 1411 4207 1056 1412 4208 1056 1412 4209 1006 1411 4210 1007 1413 4211 1056 1412 4212 1007 1413 4213 1057 1414 4214 1057 1414 4215 1007 1413 4216 1008 1415 4217 1057 1414 4218 1008 1415 4219 1058 1416 4220 1058 1416 4221 1008 1415 4222 1009 1417 4223 1058 1416 4224 1009 1417 4225 1059 1418 4226 1059 1418 4227 1009 1417 4228 1010 1419 4229 1059 1418 4230 1010 1419 4231 1060 1420 4232 1060 1420 4233 1010 1419 4234 1011 1421 4235 1060 1420 4236 1011 1421 4237 1061 1422 4238 1061 1422 4239 1011 1421 4240 1012 1423 4241 1061 1422 4242 1012 1423 4243 1062 1424 4244 1062 1424 4245 1012 1423 4246 1013 1425 4247 1062 1424 4248 1013 1425 4249 1063 1426 4250 1063 1426 4251 1013 1425 4252 1014 1427 4253 1063 1426 4254 1014 1427 4255 1064 1428 4256 1064 1428 4257 1014 1427 4258 1015 1429 4259 1064 1428 4260 1015 1429 4261 1065 1430 4262 1065 1430 4263 1015 1429 4264 1016 1431 4265 1065 1430 4266 1016 1431 4267 1066 1432 4268 1066 1432 4269 1016 1431 4270 1017 1433 4271 1066 1432 4272 1017 1433 4273 1067 1434 4274 1067 1434 4275 1017 1433 4276 1018 1435 4277 1067 1434 4278 1018 1435 4279 1068 1436 4280 1068 1436 4281 1018 1435 4282 1019 1437 4283 1068 1436 4284 1019 1437 4285 1069 1438 4286 1069 1438 4287 1019 1437 4288 1020 1439 4289 1069 1438 4290 1020 1439 4291 1070 1440 4292 1070 1440 4293 1020 1439 4294 1021 1441 4295 1070 1440 4296 1021 1441 4297 1071 1442 4298 1071 1442 4299 1021 1441 4300 1022 1443 4301 1071 1442 4302 1022 1443 4303 1072 1444 4304 1072 1444 4305 1022 1443 4306 1023 1445 4307 1072 1444 4308 1023 1445 4309 1073 1446 4310 1073 1446 4311 1023 1445 4312 1024 1447 4313 1073 1446 4314 1024 1447 4315 1074 1448 4316 1074 1448 4317 1024 1447 4318 1025 1449 4319 1074 1448 4320 1025 1449 4321 1075 1450 4322 1075 1450 4323 1025 1449 4324 1026 1451 4325 1075 1450 4326 1026 1451 4327 1076 1452 4328 1076 1452 4329 1026 1451 4330 1027 1453 4331 1076 1452 4332 1027 1453 4333 1077 1454 4334 1077 1454 4335 1027 1453 4336 1028 1455 4337 1077 1454 4338 1028 1455 4339 1078 1456 4340 1078 1456 4341 1028 1455 4342 1029 1457 4343 1078 1456 4344 1029 1457 4345 1079 1458 4346 1079 1458 4347 1029 1457 4348 1030 1459 4349 1079 1458 4350 1030 1459 4351 1080 1460 4352 1080 1460 4353 1030 1459 4354 1031 1461 4355 1080 1460 4356 1031 1461 4357 1081 1462 4358 1081 1462 4359 1031 1461 4360 1032 1463 4361 1081 1462 4362 1032 1463 4363 1082 1464 4364 1082 1464 4365 1032 1463 4366 1033 1465 4367 1082 1464 4368 1033 1465 4369 1083 1466 4370 1083 1466 4371 1033 1465 4372 1034 1467 4373 1083 1466 4374 1034 1467 4375 1084 1468 4376 1084 1468 4377 1034 1467 4378 1035 1469 4379 1084 1468 4380 1035 1469 4381 1085 1470 4382 1085 1470 4383 1035 1469 4384 1036 1471 4385 1085 1470 4386 1036 1471 4387 1086 1472 4388 1086 1472 4389 1036 1471 4390 1037 1473 4391 1086 1472 4392 1037 1473 4393 1087 1474 4394 1087 1474 4395 1037 1473 4396 1038 1475 4397 1087 1474 4398 1038 1475 4399 1088 1476 4400 1088 1476 4401 1038 1475 4402 1039 1477 4403 1088 1476 4404 1039 1477 4405 1089 1478 4406 1089 1478 4407 1039 1477 4408 1040 1479 4409 1089 1478 4410 1040 1479 4411 1090 1480 4412 1090 1480 4413 1040 1479 4414 1041 1481 4415 1090 1480 4416 1041 1481 4417 1091 1482 4418 1091 1482 4419 1041 1481 4420 1042 1483 4421 1091 1482 4422 1042 1483 4423 1092 1484 4424 1092 1484 4425 1042 1483 4426 1043 1485 4427 1092 1484 4428 1043 1485 4429 1093 1486 4430 1093 1486 4431 1043 1485 4432 1044 1487 4433 1093 1486 4434 1044 1487 4435 1094 1488 4436 1094 1488 4437 1044 1487 4438 1045 1489 4439 1094 1488 4440 1045 1489 4441 1095 1490 4442 1095 1490 4443 1045 1489 4444 1046 1491 4445 1095 1490 4446 1046 1491 4447 1096 1492 4448 1096 1492 4449 1046 1491 4450 1047 1493 4451 1096 1492 4452 1047 1493 4453 1097 1494 4454 1097 1494 4455 1047 1493 4456 1048 1495 4457 1097 1494 4458 1048 1495 4459 1098 1496 4460 1098 1496 4461 1048 1495 4462 1049 1497 4463 1098 1496 4464 1049 1497 4465 1099 1498 4466 1099 1498 4467 1049 1497 4468 1050 1499 4469 1099 1498 4470 1050 1499 4471 1100 1500 4472 1111 1501 4473 1101 1502 4474 1102 1503 4475 1111 1501 4476 1102 1503 4477 1112 1504 4478 1112 1504 4479 1102 1503 4480 1103 1505 4481 1112 1504 4482 1103 1505 4483 1113 1506 4484 1113 1506 4485 1103 1505 4486 1104 1507 4487 1113 1506 4488 1104 1507 4489 1114 1508 4490 1114 1508 4491 1104 1507 4492 1105 1509 4493 1114 1508 4494 1105 1509 4495 1115 1510 4496 1115 1510 4497 1105 1509 4498 1106 1511 4499 1115 1510 4500 1106 1511 4501 1116 1512 4502 1116 1512 4503 1106 1511 4504 1107 1513 4505 1116 1512 4506 1107 1513 4507 1117 1514 4508 1117 1514 4509 1107 1513 4510 1108 1515 4511 1117 1514 4512 1108 1515 4513 1118 1516 4514 1118 1516 4515 1108 1515 4516 1109 1517 4517 1118 1516 4518 1109 1517 4519 1119 1518 4520 1119 1518 4521 1109 1517 4522 1110 1519 4523 1119 1518 4524 1110 1519 4525 1120 1520 4526 1123 1521 4527 1121 1522 4528 1122 1523 4529 1123 1521 4530 1122 1523 4531 1124 1524 4532 1151 1525 4533 1125 1526 4534 1126 1527 4535 1151 1525 4536 1126 1527 4537 1152 1528 4538 1152 1528 4539 1126 1527 4540 1127 1529 4541 1152 1528 4542 1127 1529 4543 1153 1530 4544 1153 1530 4545 1127 1529 4546 1128 1531 4547 1153 1530 4548 1128 1531 4549 1154 1532 4550 1154 1532 4551 1128 1531 4552 1129 1533 4553 1154 1532 4554 1129 1533 4555 1155 1534 4556 1155 1534 4557 1129 1533 4558 1130 1535 4559 1155 1534 4560 1130 1535 4561 1156 1536 4562 1156 1536 4563 1130 1535 4564 1131 1537 4565 1156 1536 4566 1131 1537 4567 1157 1538 4568 1157 1538 4569 1131 1537 4570 1132 1539 4571 1157 1538 4572 1132 1539 4573 1158 1540 4574 1158 1540 4575 1132 1539 4576 1133 1541 4577 1158 1540 4578 1133 1541 4579 1159 1542 4580 1159 1542 4581 1133 1541 4582 1134 1543 4583 1159 1542 4584 1134 1543 4585 1160 1544 4586 1160 1544 4587 1134 1543 4588 1135 1545 4589 1160 1544 4590 1135 1545 4591 1161 1546 4592 1161 1546 4593 1135 1545 4594 1136 1547 4595 1161 1546 4596 1136 1547 4597 1162 1548 4598 1162 1548 4599 1136 1547 4600 1137 1549 4601 1162 1548 4602 1137 1549 4603 1163 1550 4604 1163 1550 4605 1137 1549 4606 1138 1551 4607 1163 1550 4608 1138 1551 4609 1164 1552 4610 1164 1552 4611 1138 1551 4612 1139 1553 4613 1164 1552 4614 1139 1553 4615 1165 1554 4616 1165 1554 4617 1139 1553 4618 1140 1555 4619 1165 1554 4620 1140 1555 4621 1166 1556 4622 1166 1556 4623 1140 1555 4624 1141 1557 4625 1166 1556 4626 1141 1557 4627 1167 1558 4628 1167 1558 4629 1141 1557 4630 1142 1559 4631 1167 1558 4632 1142 1559 4633 1168 1560 4634 1168 1560 4635 1142 1559 4636 1143 1561 4637 1168 1560 4638 1143 1561 4639 1169 1562 4640 1169 1562 4641 1143 1561 4642 1144 1563 4643 1169 1562 4644 1144 1563 4645 1170 1564 4646 1170 1564 4647 1144 1563 4648 1145 1565 4649 1170 1564 4650 1145 1565 4651 1171 1566 4652 1171 1566 4653 1145 1565 4654 1146 1567 4655 1171 1566 4656 1146 1567 4657 1172 1568 4658 1172 1568 4659 1146 1567 4660 1147 1569 4661 1172 1568 4662 1147 1569 4663 1173 1570 4664 1173 1570 4665 1147 1569 4666 1148 1571 4667 1173 1570 4668 1148 1571 4669 1174 1571 4670 1174 1571 4671 1148 1571 4672 1149 1572 4673 1174 1571 4674 1149 1572 4675 1175 1573 4676 1175 1573 4677 1149 1572 4678 1150 1574 4679 1175 1573 4680 1150 1574 4681 1176 1575 4682 1184 1576 4683 1177 1577 4684 1178 1578 4685 1184 1576 4686 1178 1578 4687 1185 1579 4688 1185 1579 4689 1178 1578 4690 1179 1580 4691 1185 1579 4692 1179 1580 4693 1186 1581 4694 1186 1581 4695 1179 1580 4696 1180 1582 4697 1186 1581 4698 1180 1582 4699 1187 1583 4700 1187 1583 4701 1180 1582 4702 1181 1584 4703 1187 1583 4704 1181 1584 4705 1188 1585 4706 1188 1585 4707 1181 1584 4708 1182 1586 4709 1188 1585 4710 1182 1586 4711 1189 1587 4712 1189 1587 4713 1182 1586 4714 1183 1588 4715 1189 1587 4716 1183 1588 4717 1190 1589 4718 1193 1590 4719 1191 1591 4720 1192 1592 4721 1193 1590 4722 1192 1592 4723 1194 1593 4724 1206 1594 4725 1195 1595 4726 1196 1596 4727 1206 1594 4728 1196 1596 4729 1207 1597 4730 1207 1597 4731 1196 1596 4732 1197 1598 4733 1207 1597 4734 1197 1598 4735 1208 1599 4736 1208 1599 4737 1197 1598 4738 1198 1600 4739 1208 1599 4740 1198 1600 4741 1209 1601 4742 1209 1601 4743 1198 1600 4744 1199 1602 4745 1209 1601 4746 1199 1602 4747 1210 1603 4748 1210 1603 4749 1199 1602 4750 1200 1604 4751 1210 1603 4752 1200 1604 4753 1211 1605 4754 1211 1605 4755 1200 1604 4756 1201 1606 4757 1211 1605 4758 1201 1606 4759 1212 1607 4760 1212 1607 4761 1201 1606 4762 1202 1608 4763 1212 1607 4764 1202 1608 4765 1213 1609 4766 1213 1609 4767 1202 1608 4768 1203 1610 4769 1213 1609 4770 1203 1610 4771 1214 1611 4772 1214 1611 4773 1203 1610 4774 1204 1612 4775 1214 1611 4776 1204 1612 4777 1215 1613 4778 1215 1613 4779 1204 1612 4780 1205 1614 4781 1215 1613 4782 1205 1614 4783 1216 1615 4784 1219 1616 4785 1217 1617 4786 1218 1618 4787 1219 1616 4788 1218 1618 4789 1220 1619 4790 1228 1620 4791 1221 1621 4792 1222 1622 4793 1228 1620 4794 1222 1622 4795 1229 1623 4796 1229 1623 4797 1222 1622 4798 1223 1624 4799 1229 1623 4800 1223 1624 4801 1230 1625 4802 1230 1625 4803 1223 1624 4804 1224 1626 4805 1230 1625 4806 1224 1626 4807 1231 1627 4808 1231 1627 4809 1224 1626 4810 1225 1628 4811 1231 1627 4812 1225 1628 4813 1232 1629 4814 1232 1629 4815 1225 1628 4816 1226 1630 4817 1232 1629 4818 1226 1630 4819 1233 1631 4820 1233 1631 4821 1226 1630 4822 1227 1632 4823 1233 1631 4824 1227 1632 4825 1234 1633 4826 1237 1634 4827 1235 1635 4828 1236 1636 4829 1237 1637 4830 1236 1637 4831 1238 1637 4832 1247 1638 4833 1239 1639 4834 1240 1640 4835 1247 1638 4836 1240 1640 4837 1248 1641 4838 1248 1641 4839 1240 1640 4840 1241 1642 4841 1248 1641 4842 1241 1642 4843 1249 1643 4844 1249 1643 4845 1241 1642 4846 1242 1644 4847 1249 1643 4848 1242 1644 4849 1250 1644 4850 1250 1644 4851 1242 1644 4852 1243 1645 4853 1250 1644 4854 1243 1645 4855 1251 1646 4856 1251 1646 4857 1243 1645 4858 1244 1647 4859 1251 1646 4860 1244 1647 4861 1252 1648 4862 1252 1648 4863 1244 1647 4864 1245 1649 4865 1252 1648 4866 1245 1649 4867 1253 1650 4868 1253 1650 4869 1245 1649 4870 1246 1651 4871 1253 1650 4872 1246 1651 4873 1254 1652 4874 1257 1653 4875 1255 1654 4876 1256 1655 4877 1257 1653 4878 1256 1655 4879 1258 1656 4880 1283 1657 4881 1259 1658 4882 1260 1659 4883 1283 1657 4884 1260 1659 4885 1284 1660 4886 1284 1660 4887 1260 1659 4888 1261 1661 4889 1284 1660 4890 1261 1661 4891 1285 1662 4892 1285 1662 4893 1261 1661 4894 1262 1663 4895 1285 1662 4896 1262 1663 4897 1286 1664 4898 1286 1664 4899 1262 1663 4900 1263 1665 4901 1286 1664 4902 1263 1665 4903 1287 1666 4904 1287 1666 4905 1263 1665 4906 1264 1667 4907 1287 1666 4908 1264 1667 4909 1288 1668 4910 1288 1668 4911 1264 1667 4912 1265 1669 4913 1288 1668 4914 1265 1669 4915 1289 1670 4916 1289 1670 4917 1265 1669 4918 1266 1671 4919 1289 1670 4920 1266 1671 4921 1290 1672 4922 1290 1672 4923 1266 1671 4924 1267 1673 4925 1290 1672 4926 1267 1673 4927 1291 1674 4928 1291 1674 4929 1267 1673 4930 1268 1675 4931 1291 1674 4932 1268 1675 4933 1292 1676 4934 1292 1676 4935 1268 1675 4936 1269 1677 4937 1292 1676 4938 1269 1677 4939 1293 1678 4940 1293 1678 4941 1269 1677 4942 1270 1679 4943 1293 1678 4944 1270 1679 4945 1294 1680 4946 1294 1680 4947 1270 1679 4948 1271 1681 4949 1294 1680 4950 1271 1681 4951 1295 1682 4952 1295 1682 4953 1271 1681 4954 1272 1683 4955 1295 1682 4956 1272 1683 4957 1296 1684 4958 1296 1684 4959 1272 1683 4960 1273 1685 4961 1296 1684 4962 1273 1685 4963 1297 1686 4964 1297 1686 4965 1273 1685 4966 1274 1687 4967 1297 1686 4968 1274 1687 4969 1298 1688 4970 1298 1688 4971 1274 1687 4972 1275 1689 4973 1298 1688 4974 1275 1689 4975 1299 1690 4976 1299 1690 4977 1275 1689 4978 1276 1691 4979 1299 1690 4980 1276 1691 4981 1300 1692 4982 1300 1692 4983 1276 1691 4984 1277 1693 4985 1300 1692 4986 1277 1693 4987 1301 1694 4988 1301 1694 4989 1277 1693 4990 1278 1695 4991 1301 1694 4992 1278 1695 4993 1302 1696 4994 1302 1696 4995 1278 1695 4996 1279 1697 4997 1302 1696 4998 1279 1697 4999 1303 1698 5000 1303 1698 5001 1279 1697 5002 1280 1699 5003 1303 1698 5004 1280 1699 5005 1304 1700 5006 1304 1700 5007 1280 1699 5008 1281 1701 5009 1304 1700 5010 1281 1701 5011 1305 1702 5012 1305 1702 5013 1281 1701 5014 1282 1703 5015 1305 1702 5016 1282 1703 5017 1306 1704 5018 1314 1705 5019 1307 1706 5020 1308 1707 5021 1314 1705 5022 1308 1707 5023 1315 1708 5024 1315 1708 5025 1308 1707 5026 1309 1709 5027 1315 1708 5028 1309 1709 5029 1316 1710 5030 1316 1710 5031 1309 1709 5032 1310 1711 5033 1316 1710 5034 1310 1711 5035 1317 1712 5036 1317 1712 5037 1310 1711 5038 1311 1713 5039 1317 1712 5040 1311 1713 5041 1318 1714 5042 1318 1714 5043 1311 1713 5044 1312 1715 5045 1318 1714 5046 1312 1715 5047 1319 1716 5048 1319 1716 5049 1312 1715 5050 1313 1717 5051 1319 1716 5052 1313 1717 5053 1320 1718 5054 1338 1719 5055 1321 1720 5056 1322 1721 5057 1338 1719 5058 1322 1721 5059 1339 1722 5060 1339 1722 5061 1322 1721 5062 1323 1723 5063 1339 1722 5064 1323 1723 5065 1340 1724 5066 1340 1724 5067 1323 1723 5068 1324 1725 5069 1340 1724 5070 1324 1725 5071 1341 1726 5072 1341 1726 5073 1324 1725 5074 1325 1727 5075 1341 1726 5076 1325 1727 5077 1342 1728 5078 1342 1728 5079 1325 1727 5080 1326 1729 5081 1342 1728 5082 1326 1729 5083 1343 1730 5084 1343 1730 5085 1326 1729 5086 1327 1731 5087 1343 1730 5088 1327 1731 5089 1344 1732 5090 1344 1732 5091 1327 1731 5092 1328 1733 5093 1344 1732 5094 1328 1733 5095 1345 1734 5096 1345 1734 5097 1328 1733 5098 1329 1735 5099 1345 1734 5100 1329 1735 5101 1346 1736 5102 1346 1736 5103 1329 1735 5104 1330 1737 5105 1346 1736 5106 1330 1737 5107 1347 1738 5108 1347 1738 5109 1330 1737 5110 1331 1739 5111 1347 1738 5112 1331 1739 5113 1348 1740 5114 1348 1740 5115 1331 1739 5116 1332 1741 5117 1348 1740 5118 1332 1741 5119 1349 1742 5120 1349 1742 5121 1332 1741 5122 1333 1743 5123 1349 1742 5124 1333 1743 5125 1350 1744 5126 1350 1744 5127 1333 1743 5128 1334 1745 5129 1350 1744 5130 1334 1745 5131 1351 1746 5132 1351 1746 5133 1334 1745 5134 1335 1747 5135 1351 1746 5136 1335 1747 5137 1352 1748 5138 1352 1748 5139 1335 1747 5140 1336 1749 5141 1352 1748 5142 1336 1749 5143 1353 1750 5144 1353 1750 5145 1336 1749 5146 1337 1751 5147 1353 1750 5148 1337 1751 5149 1354 1752 5150 1367 1753 5151 1355 1754 5152 1356 1755 5153 1367 1753 5154 1356 1755 5155 1368 1756 5156 1368 1756 5157 1356 1755 5158 1357 1757 5159 1368 1756 5160 1357 1757 5161 1369 1758 5162 1369 1758 5163 1357 1757 5164 1358 1759 5165 1369 1758 5166 1358 1759 5167 1370 1760 5168 1370 1760 5169 1358 1759 5170 1359 1761 5171 1370 1760 5172 1359 1761 5173 1371 1762 5174 1371 1762 5175 1359 1761 5176 1360 1763 5177 1371 1762 5178 1360 1763 5179 1372 1764 5180 1372 1764 5181 1360 1763 5182 1361 1765 5183 1372 1764 5184 1361 1765 5185 1373 1766 5186 1373 1766 5187 1361 1765 5188 1362 1767 5189 1373 1766 5190 1362 1767 5191 1374 1768 5192 1374 1768 5193 1362 1767 5194 1363 1769 5195 1374 1768 5196 1363 1769 5197 1375 1770 5198 1375 1770 5199 1363 1769 5200 1364 1771 5201 1375 1770 5202 1364 1771 5203 1376 1772 5204 1376 1772 5205 1364 1771 5206 1365 1773 5207 1376 1772 5208 1365 1773 5209 1377 1774 5210 1377 1774 5211 1365 1773 5212 1366 1775 5213 1377 1774 5214 1366 1775 5215 1378 1776 5216 1387 1777 5217 1379 1778 5218 1380 1779 5219 1387 1777 5220 1380 1779 5221 1388 1780 5222 1388 1780 5223 1380 1779 5224 1381 1781 5225 1388 1780 5226 1381 1781 5227 1389 1782 5228 1389 1782 5229 1381 1781 5230 1382 1783 5231 1389 1782 5232 1382 1783 5233 1390 1784 5234 1390 1784 5235 1382 1783 5236 1383 1785 5237 1390 1784 5238 1383 1785 5239 1391 1786 5240 1391 1786 5241 1383 1785 5242 1384 1787 5243 1391 1786 5244 1384 1787 5245 1392 1788 5246 1392 1788 5247 1384 1787 5248 1385 1789 5249 1392 1788 5250 1385 1789 5251 1393 1790 5252 1393 1790 5253 1385 1789 5254 1386 1791 5255 1393 1790 5256 1386 1791 5257 1394 1792 5258 1397 1793 5259 1395 1794 5260 1396 1795 5261 1397 1793 5262 1396 1795 5263 1398 1796 5264 1401 1797 5265 1399 1797 5266 1400 1798 5267 1401 1799 5268 1400 1800 5269 1402 1801 5270 1405 1802 5271 1403 1802 5272 1404 1802 5273 1405 1803 5274 1404 1803 5275 1406 1803 5276 1417 1804 5277 1407 1805 5278 1408 1806 5279 1417 1804 5280 1408 1806 5281 1418 1807 5282 1418 1807 5283 1408 1806 5284 1409 1808 5285 1418 1807 5286 1409 1808 5287 1419 1809 5288 1419 1809 5289 1409 1808 5290 1410 1810 5291 1419 1809 5292 1410 1810 5293 1420 1811 5294 1420 1811 5295 1410 1810 5296 1411 1812 5297 1420 1811 5298 1411 1812 5299 1421 1813 5300 1421 1813 5301 1411 1812 5302 1412 1814 5303 1421 1813 5304 1412 1814 5305 1422 1815 5306 1422 1815 5307 1412 1814 5308 1413 1816 5309 1422 1815 5310 1413 1816 5311 1423 1817 5312 1423 1817 5313 1413 1816 5314 1414 1818 5315 1423 1817 5316 1414 1818 5317 1424 1819 5318 1424 1819 5319 1414 1818 5320 1415 1820 5321 1424 1819 5322 1415 1820 5323 1425 1821 5324 1425 1821 5325 1415 1820 5326 1416 1822 5327 1425 1821 5328 1416 1822 5329 1426 1823 5330 1429 1824 5331 1427 1825 5332 1428 1826 5333 1429 1824 5334 1428 1826 5335 1430 1827 5336 1439 1828 5337 1431 1829 5338 1432 1830 5339 1439 1828 5340 1432 1830 5341 1440 1831 5342 1440 1831 5343 1432 1830 5344 1433 1832 5345 1440 1831 5346 1433 1832 5347 1441 1833 5348 1441 1833 5349 1433 1832 5350 1434 1834 5351 1441 1833 5352 1434 1834 5353 1442 1835 5354 1442 1835 5355 1434 1834 5356 1435 1836 5357 1442 1835 5358 1435 1836 5359 1443 1837 5360 1443 1837 5361 1435 1836 5362 1436 1838 5363 1443 1837 5364 1436 1838 5365 1444 1839 5366 1444 1839 5367 1436 1838 5368 1437 1840 5369 1444 1839 5370 1437 1840 5371 1445 1841 5372 1445 1841 5373 1437 1840 5374 1438 1842 5375 1445 1841 5376 1438 1842 5377 1446 1843 5378 1449 1240 5379 1447 1240 5380 1448 1240 5381 1449 1240 5382 1448 1240 5383 1450 1240 5384 1465 1844 5385 1451 1845 5386 1452 1846 5387 1465 1844 5388 1452 1846 5389 1466 1847 5390 1466 1847 5391 1452 1846 5392 1453 1848 5393 1466 1847 5394 1453 1848 5395 1467 1849 5396 1467 1849 5397 1453 1848 5398 1454 1850 5399 1467 1849 5400 1454 1850 5401 1468 1851 5402 1468 1851 5403 1454 1850 5404 1455 1852 5405 1468 1851 5406 1455 1852 5407 1469 1853 5408 1469 1853 5409 1455 1852 5410 1456 1854 5411 1469 1853 5412 1456 1854 5413 1470 1855 5414 1470 1855 5415 1456 1854 5416 1457 1856 5417 1470 1855 5418 1457 1856 5419 1471 1857 5420 1471 1857 5421 1457 1856 5422 1458 1858 5423 1471 1857 5424 1458 1858 5425 1472 1859 5426 1472 1859 5427 1458 1858 5428 1459 1860 5429 1472 1859 5430 1459 1860 5431 1473 1861 5432 1473 1861 5433 1459 1860 5434 1460 1862 5435 1473 1861 5436 1460 1862 5437 1474 1863 5438 1474 1863 5439 1460 1862 5440 1461 1864 5441 1474 1863 5442 1461 1864 5443 1475 1865 5444 1475 1865 5445 1461 1864 5446 1462 1866 5447 1475 1865 5448 1462 1866 5449 1476 1867 5450 1476 1867 5451 1462 1866 5452 1463 1868 5453 1476 1867 5454 1463 1868 5455 1477 1869 5456 1477 1869 5457 1463 1868 5458 1464 1870 5459 1477 1869 5460 1464 1870 5461 1478 1871 5462 1481 1872 5463 1479 1872 5464 1480 1872 5465 1481 1872 5466 1480 1872 5467 1482 1872 5468 1485 1873 5469 1483 1873 5470 1484 1873 5471 1485 1873 5472 1484 1873 5473 1486 1873 5474 1523 1874 5475 1487 1875 5476 1488 1876 5477 1523 1874 5478 1488 1876 5479 1524 1877 5480 1524 1877 5481 1488 1876 5482 1489 1878 5483 1524 1877 5484 1489 1878 5485 1525 1879 5486 1525 1879 5487 1489 1878 5488 1490 1880 5489 1525 1879 5490 1490 1880 5491 1526 1881 5492 1526 1881 5493 1490 1880 5494 1491 1882 5495 1526 1881 5496 1491 1882 5497 1527 1883 5498 1527 1883 5499 1491 1882 5500 1492 1884 5501 1527 1883 5502 1492 1884 5503 1528 1885 5504 1528 1885 5505 1492 1884 5506 1493 1886 5507 1528 1885 5508 1493 1886 5509 1529 1887 5510 1529 1887 5511 1493 1886 5512 1494 1888 5513 1529 1887 5514 1494 1888 5515 1530 1889 5516 1530 1889 5517 1494 1888 5518 1495 1890 5519 1530 1889 5520 1495 1890 5521 1531 1891 5522 1531 1891 5523 1495 1890 5524 1496 1892 5525 1531 1891 5526 1496 1892 5527 1532 1893 5528 1532 1893 5529 1496 1892 5530 1497 1894 5531 1532 1893 5532 1497 1894 5533 1533 1895 5534 1533 1895 5535 1497 1894 5536 1498 1896 5537 1533 1895 5538 1498 1896 5539 1534 1897 5540 1534 1897 5541 1498 1896 5542 1499 1898 5543 1534 1897 5544 1499 1898 5545 1535 1899 5546 1535 1899 5547 1499 1898 5548 1500 1900 5549 1535 1899 5550 1500 1900 5551 1536 1901 5552 1536 1901 5553 1500 1900 5554 1501 1902 5555 1536 1901 5556 1501 1902 5557 1537 1903 5558 1537 1903 5559 1501 1902 5560 1502 1904 5561 1537 1903 5562 1502 1904 5563 1538 1905 5564 1538 1905 5565 1502 1904 5566 1503 1906 5567 1538 1905 5568 1503 1906 5569 1539 1907 5570 1539 1907 5571 1503 1906 5572 1504 1908 5573 1539 1907 5574 1504 1908 5575 1540 1909 5576 1540 1909 5577 1504 1908 5578 1505 1910 5579 1540 1909 5580 1505 1910 5581 1541 1911 5582 1541 1911 5583 1505 1910 5584 1506 1912 5585 1541 1911 5586 1506 1912 5587 1542 1913 5588 1542 1913 5589 1506 1912 5590 1507 1914 5591 1542 1913 5592 1507 1914 5593 1543 1915 5594 1543 1915 5595 1507 1914 5596 1508 1916 5597 1543 1915 5598 1508 1916 5599 1544 1917 5600 1544 1917 5601 1508 1916 5602 1509 1918 5603 1544 1917 5604 1509 1918 5605 1545 1919 5606 1545 1919 5607 1509 1918 5608 1510 1920 5609 1545 1919 5610 1510 1920 5611 1546 1921 5612 1546 1921 5613 1510 1920 5614 1511 1922 5615 1546 1921 5616 1511 1922 5617 1547 1923 5618 1547 1923 5619 1511 1922 5620 1512 1924 5621 1547 1923 5622 1512 1924 5623 1548 1925 5624 1548 1925 5625 1512 1924 5626 1513 1926 5627 1548 1925 5628 1513 1926 5629 1549 1927 5630 1549 1927 5631 1513 1926 5632 1514 1928 5633 1549 1927 5634 1514 1928 5635 1550 1929 5636 1550 1929 5637 1514 1928 5638 1515 1930 5639 1550 1929 5640 1515 1930 5641 1551 1931 5642 1551 1931 5643 1515 1930 5644 1516 1932 5645 1551 1931 5646 1516 1932 5647 1552 1933 5648 1552 1933 5649 1516 1932 5650 1517 1934 5651 1552 1933 5652 1517 1934 5653 1553 1935 5654 1553 1935 5655 1517 1934 5656 1518 1936 5657 1553 1935 5658 1518 1936 5659 1554 1937 5660 1554 1937 5661 1518 1936 5662 1519 1938 5663 1554 1937 5664 1519 1938 5665 1555 1939 5666 1555 1939 5667 1519 1938 5668 1520 1940 5669 1555 1939 5670 1520 1940 5671 1556 1941 5672 1556 1941 5673 1520 1940 5674 1521 1942 5675 1556 1941 5676 1521 1942 5677 1557 1943 5678 1557 1943 5679 1521 1942 5680 1522 1944 5681 1557 1943 5682 1522 1944 5683 1558 1945 5684 1561 1946 5685 1559 1946 5686 1560 1946 5687 1561 1946 5688 1560 1946 5689 1562 1946 5690 1570 1947 5691 1563 1948 5692 1564 1949 5693 1570 1947 5694 1564 1949 5695 1571 1950 5696 1571 1950 5697 1564 1949 5698 1565 1951 5699 1571 1950 5700 1565 1951 5701 1572 1952 5702 1572 1952 5703 1565 1951 5704 1566 1953 5705 1572 1952 5706 1566 1953 5707 1573 1954 5708 1573 1954 5709 1566 1953 5710 1567 1955 5711 1573 1954 5712 1567 1955 5713 1574 1956 5714 1574 1956 5715 1567 1955 5716 1568 1957 5717 1574 1956 5718 1568 1957 5719 1575 1958 5720 1575 1958 5721 1568 1957 5722 1569 1959 5723 1575 1958 5724 1569 1959 5725 1576 1960 5726 1618 1961 5727 1577 1962 5728 1578 1963 5729 1618 1961 5730 1578 1963 5731 1619 1964 5732 1619 1964 5733 1578 1963 5734 1579 1965 5735 1619 1964 5736 1579 1965 5737 1620 1966 5738 1620 1966 5739 1579 1965 5740 1580 1967 5741 1620 1966 5742 1580 1967 5743 1621 1968 5744 1621 1968 5745 1580 1967 5746 1581 1969 5747 1621 1968 5748 1581 1969 5749 1622 1970 5750 1622 1970 5751 1581 1969 5752 1582 1971 5753 1622 1970 5754 1582 1971 5755 1623 1972 5756 1623 1972 5757 1582 1971 5758 1583 1973 5759 1623 1972 5760 1583 1973 5761 1624 1974 5762 1624 1974 5763 1583 1973 5764 1584 1975 5765 1624 1974 5766 1584 1975 5767 1625 1976 5768 1625 1976 5769 1584 1975 5770 1585 1977 5771 1625 1976 5772 1585 1977 5773 1626 1978 5774 1626 1978 5775 1585 1977 5776 1586 1979 5777 1626 1978 5778 1586 1979 5779 1627 1980 5780 1627 1980 5781 1586 1979 5782 1587 1981 5783 1627 1980 5784 1587 1981 5785 1628 1982 5786 1628 1982 5787 1587 1981 5788 1588 1983 5789 1628 1982 5790 1588 1983 5791 1629 1984 5792 1629 1984 5793 1588 1983 5794 1589 1985 5795 1629 1984 5796 1589 1985 5797 1630 1986 5798 1630 1986 5799 1589 1985 5800 1590 1987 5801 1630 1986 5802 1590 1987 5803 1631 1988 5804 1631 1988 5805 1590 1987 5806 1591 1989 5807 1631 1988 5808 1591 1989 5809 1632 1990 5810 1632 1990 5811 1591 1989 5812 1592 1991 5813 1632 1990 5814 1592 1991 5815 1633 1992 5816 1633 1992 5817 1592 1991 5818 1593 1993 5819 1633 1992 5820 1593 1993 5821 1634 1994 5822 1634 1994 5823 1593 1993 5824 1594 1995 5825 1634 1994 5826 1594 1995 5827 1635 1996 5828 1635 1996 5829 1594 1995 5830 1595 1997 5831 1635 1996 5832 1595 1997 5833 1636 1998 5834 1636 1998 5835 1595 1997 5836 1596 1999 5837 1636 1998 5838 1596 1999 5839 1637 2000 5840 1637 2000 5841 1596 1999 5842 1597 2001 5843 1637 2000 5844 1597 2001 5845 1638 2002 5846 1638 2002 5847 1597 2001 5848 1598 2003 5849 1638 2002 5850 1598 2003 5851 1639 2004 5852 1639 2004 5853 1598 2003 5854 1599 2005 5855 1639 2004 5856 1599 2005 5857 1640 2006 5858 1640 2006 5859 1599 2005 5860 1600 2007 5861 1640 2006 5862 1600 2007 5863 1641 2008 5864 1641 2008 5865 1600 2007 5866 1601 2009 5867 1641 2008 5868 1601 2009 5869 1642 2010 5870 1642 2010 5871 1601 2009 5872 1602 2011 5873 1642 2010 5874 1602 2011 5875 1643 2012 5876 1643 2012 5877 1602 2011 5878 1603 2013 5879 1643 2012 5880 1603 2013 5881 1644 2014 5882 1644 2014 5883 1603 2013 5884 1604 2015 5885 1644 2014 5886 1604 2015 5887 1645 2016 5888 1645 2016 5889 1604 2015 5890 1605 2017 5891 1645 2016 5892 1605 2017 5893 1646 2018 5894 1646 2018 5895 1605 2017 5896 1606 2019 5897 1646 2018 5898 1606 2019 5899 1647 2020 5900 1647 2020 5901 1606 2019 5902 1607 2021 5903 1647 2020 5904 1607 2021 5905 1648 2022 5906 1648 2022 5907 1607 2021 5908 1608 2023 5909 1648 2022 5910 1608 2023 5911 1649 2024 5912 1649 2024 5913 1608 2023 5914 1609 2025 5915 1649 2024 5916 1609 2025 5917 1650 2026 5918 1650 2026 5919 1609 2025 5920 1610 2027 5921 1650 2026 5922 1610 2027 5923 1651 2028 5924 1651 2028 5925 1610 2027 5926 1611 2029 5927 1651 2028 5928 1611 2029 5929 1652 2030 5930 1652 2030 5931 1611 2029 5932 1612 2031 5933 1652 2030 5934 1612 2031 5935 1653 2032 5936 1653 2032 5937 1612 2031 5938 1613 2033 5939 1653 2032 5940 1613 2033 5941 1654 2034 5942 1654 2034 5943 1613 2033 5944 1614 2035 5945 1654 2034 5946 1614 2035 5947 1655 2036 5948 1655 2036 5949 1614 2035 5950 1615 2037 5951 1655 2036 5952 1615 2037 5953 1656 2038 5954 1656 2038 5955 1615 2037 5956 1616 2039 5957 1656 2038 5958 1616 2039 5959 1657 2040 5960 1657 2040 5961 1616 2039 5962 1617 2041 5963 1657 2040 5964 1617 2041 5965 1658 2042 5966 1661 2043 5967 1659 2044 5968 1660 2045 5969 1661 2043 5970 1660 2045 5971 1662 2046 5972 1665 2047 5973 1663 2047 5974 1664 2047 5975 1665 2048 5976 1664 2048 5977 1666 2048 5978 1691 2049 5979 1667 2050 5980 1668 2051 5981 1691 2049 5982 1668 2051 5983 1692 2052 5984 1692 2052 5985 1668 2051 5986 1669 2053 5987 1692 2052 5988 1669 2053 5989 1693 2054 5990 1693 2054 5991 1669 2053 5992 1670 2055 5993 1693 2054 5994 1670 2055 5995 1694 2056 5996 1694 2056 5997 1670 2055 5998 1671 2057 5999 1694 2056 6000 1671 2057 6001 1695 2058 6002 1695 2058 6003 1671 2057 6004 1672 2059 6005 1695 2058 6006 1672 2059 6007 1696 2060 6008 1696 2060 6009 1672 2059 6010 1673 2061 6011 1696 2060 6012 1673 2061 6013 1697 2062 6014 1697 2062 6015 1673 2061 6016 1674 2063 6017 1697 2062 6018 1674 2063 6019 1698 2064 6020 1698 2064 6021 1674 2063 6022 1675 2065 6023 1698 2064 6024 1675 2065 6025 1699 2066 6026 1699 2066 6027 1675 2065 6028 1676 2067 6029 1699 2066 6030 1676 2067 6031 1700 2068 6032 1700 2068 6033 1676 2067 6034 1677 2069 6035 1700 2068 6036 1677 2069 6037 1701 2070 6038 1701 2070 6039 1677 2069 6040 1678 2071 6041 1701 2070 6042 1678 2071 6043 1702 2072 6044 1702 2072 6045 1678 2071 6046 1679 2073 6047 1702 2072 6048 1679 2073 6049 1703 2074 6050 1703 2074 6051 1679 2073 6052 1680 2075 6053 1703 2074 6054 1680 2075 6055 1704 2076 6056 1704 2076 6057 1680 2075 6058 1681 2077 6059 1704 2076 6060 1681 2077 6061 1705 2078 6062 1705 2078 6063 1681 2077 6064 1682 2079 6065 1705 2078 6066 1682 2079 6067 1706 2080 6068 1706 2080 6069 1682 2079 6070 1683 2081 6071 1706 2080 6072 1683 2081 6073 1707 2082 6074 1707 2082 6075 1683 2081 6076 1684 2083 6077 1707 2082 6078 1684 2083 6079 1708 2084 6080 1708 2084 6081 1684 2083 6082 1685 2085 6083 1708 2084 6084 1685 2085 6085 1709 2086 6086 1709 2086 6087 1685 2085 6088 1686 2087 6089 1709 2086 6090 1686 2087 6091 1710 2088 6092 1710 2088 6093 1686 2087 6094 1687 2089 6095 1710 2088 6096 1687 2089 6097 1711 2090 6098 1711 2090 6099 1687 2089 6100 1688 2091 6101 1711 2090 6102 1688 2091 6103 1712 2092 6104 1712 2092 6105 1688 2091 6106 1689 2093 6107 1712 2092 6108 1689 2093 6109 1713 2094 6110 1713 2094 6111 1689 2093 6112 1690 2095 6113 1713 2094 6114 1690 2095 6115 1714 2096 6116 1717 2097 6117 1715 2098 6118 1716 2099 6119 1717 2097 6120 1716 2099 6121 1718 2100 6122 1721 2101 6123 1719 2101 6124 1720 2101 6125 1721 2102 6126 1720 2102 6127 1722 2102 6128 1725 2103 6129 1723 2104 6130 1724 2105 6131 1725 2103 6132 1724 2105 6133 1726 2106 6134 1729 2107 6135 1727 2108 6136 1728 2109 6137 1729 2107 6138 1728 2109 6139 1730 2110 6140 1739 2111 6141 1731 2112 6142 1732 2113 6143 1739 2111 6144 1732 2113 6145 1740 2114 6146 1740 2114 6147 1732 2113 6148 1733 2115 6149 1740 2114 6150 1733 2115 6151 1741 2116 6152 1741 2116 6153 1733 2115 6154 1734 2117 6155 1741 2116 6156 1734 2117 6157 1742 2118 6158 1742 2118 6159 1734 2117 6160 1735 2119 6161 1742 2118 6162 1735 2119 6163 1743 2120 6164 1743 2120 6165 1735 2119 6166 1736 2121 6167 1743 2120 6168 1736 2121 6169 1744 2122 6170 1744 2122 6171 1736 2121 6172 1737 2123 6173 1744 2122 6174 1737 2123 6175 1745 2124 6176 1745 2124 6177 1737 2123 6178 1738 2125 6179 1745 2124 6180 1738 2125 6181 1746 2126 6182 1755 2127 6183 1747 2128 6184 1748 2129 6185 1755 2127 6186 1748 2129 6187 1756 2130 6188 1756 2130 6189 1748 2129 6190 1749 2131 6191 1756 2130 6192 1749 2131 6193 1757 2132 6194 1757 2132 6195 1749 2131 6196 1750 2133 6197 1757 2132 6198 1750 2133 6199 1758 2134 6200 1758 2134 6201 1750 2133 6202 1751 2135 6203 1758 2134 6204 1751 2135 6205 1759 2136 6206 1759 2136 6207 1751 2135 6208 1752 2137 6209 1759 2136 6210 1752 2137 6211 1760 2138 6212 1760 2138 6213 1752 2137 6214 1753 2139 6215 1760 2138 6216 1753 2139 6217 1761 2140 6218 1761 2140 6219 1753 2139 6220 1754 2141 6221 1761 2140 6222 1754 2141 6223 1762 2142 6224 1765 2143 6225 1763 2144 6226 1764 2145 6227 1765 2143 6228 1764 2145 6229 1766 2146 6230 1774 2147 6231 1767 2148 6232 1768 2149 6233 1774 2147 6234 1768 2149 6235 1775 2150 6236 1775 2150 6237 1768 2149 6238 1769 2151 6239 1775 2150 6240 1769 2151 6241 1776 2152 6242 1776 2152 6243 1769 2151 6244 1770 2153 6245 1776 2152 6246 1770 2153 6247 1777 2154 6248 1777 2154 6249 1770 2153 6250 1771 2155 6251 1777 2154 6252 1771 2155 6253 1778 2156 6254 1778 2156 6255 1771 2155 6256 1772 2157 6257 1778 2156 6258 1772 2157 6259 1779 2158 6260 1779 2158 6261 1772 2157 6262 1773 2159 6263 1779 2158 6264 1773 2159 6265 1780 1240 6266</p>
        </triangles>
        <triangles material="Layer_1_Back_Inflation_Material-material" count="1245">
          <input semantic="VERTEX" source="#Layer_1-mesh-vertices" offset="0"/>
          <input semantic="NORMAL" source="#Layer_1-mesh-normals" offset="1"/>
          <input semantic="TEXCOORD" source="#Layer_1-mesh-map-0" offset="2" set="0"/>
          <p>1793 2160 6267 1792 2160 6268 1791 2160 6269 1801 2160 6270 1800 2160 6271 1805 2160 6272 1806 2160 6273 1805 2160 6274 1800 2160 6275 1808 2160 6276 1807 2160 6277 1825 2160 6278 1809 2160 6279 1825 2160 6280 1807 2160 6281 1817 344 6282 1816 2161 6283 1826 2162 6284 1818 361 6285 1826 2162 6286 1816 2161 6287 1821 2160 6288 1824 2160 6289 1810 2160 6290 1783 2160 6291 1784 2160 6292 1785 2160 6293 1782 2163 6294 1786 2164 6295 1787 2165 6296 1790 2160 6297 1788 2160 6298 1789 2160 6299 1797 2160 6300 1795 2160 6301 1796 2160 6302 1799 2160 6303 1794 2160 6304 1798 2160 6305 1804 2160 6306 1802 2160 6307 1803 2160 6308 1819 2160 6309 1811 2160 6310 1812 2160 6311 1814 2160 6312 1813 2160 6313 1815 2160 6314 1822 1239 6315 1823 1240 6316 1820 2166 6317 1828 2160 6318 1830 2160 6319 1829 2160 6320 1832 2160 6321 1831 2160 6322 2081 2160 6323 1834 2160 6324 1833 2160 6325 1831 2160 6326 1836 2160 6327 1835 2160 6328 1833 2160 6329 1838 2160 6330 1837 2160 6331 1835 2160 6332 1838 2160 6333 1840 2160 6334 1839 2160 6335 1840 2160 6336 1842 2160 6337 1841 2160 6338 1842 2160 6339 1844 2160 6340 1843 2160 6341 1856 2160 6342 1858 2160 6343 1844 2160 6344 1848 2160 6345 1847 2160 6346 1854 2160 6347 1850 2160 6348 1852 2160 6349 1848 2160 6350 1849 2160 6351 1851 2160 6352 1850 2160 6353 1853 2160 6354 1852 2160 6355 1850 2160 6356 1855 2160 6357 1854 2160 6358 1847 2160 6359 1857 2160 6360 1856 2160 6361 1845 2160 6362 1859 2160 6363 1858 2160 6364 1856 2160 6365 1860 2160 6366 2081 2160 6367 1831 2160 6368 1878 2160 6369 2082 2160 6370 1860 2160 6371 1862 2160 6372 1864 2160 6373 1863 2160 6374 1864 2160 6375 1866 2160 6376 1865 2160 6377 1866 2160 6378 1868 2160 6379 1867 2160 6380 1868 2160 6381 1870 2160 6382 1869 2160 6383 1870 2160 6384 1872 2160 6385 1871 2160 6386 1872 2160 6387 1873 2160 6388 1874 2160 6389 1873 2160 6390 1875 2160 6391 1874 2160 6392 1877 2160 6393 1876 2160 6394 1861 2160 6395 1879 2160 6396 1878 2160 6397 1876 2160 6398 1881 2160 6399 1880 2160 6400 1827 2160 6401 1895 2160 6402 1897 2160 6403 2079 2160 6404 1883 2160 6405 1885 2160 6406 1884 2160 6407 1886 2160 6408 1891 2160 6409 1885 2160 6410 1887 2160 6411 1888 2160 6412 1889 2160 6413 1888 2160 6414 1890 2160 6415 1889 2160 6416 1892 2160 6417 1891 2160 6418 1886 2160 6419 1894 2160 6420 1893 2160 6421 1882 2160 6422 1896 2160 6423 1895 2160 6424 1893 2160 6425 1898 2160 6426 1897 2160 6427 1895 2160 6428 1900 2160 6429 1899 2160 6430 2077 2160 6431 1900 2160 6432 1902 2160 6433 1901 2160 6434 1904 2160 6435 1903 2160 6436 2075 2160 6437 1906 2160 6438 1905 2160 6439 2073 2160 6440 1908 2160 6441 1907 2160 6442 2055 2160 6443 1910 2160 6444 1909 2160 6445 2043 2160 6446 2036 2160 6447 2038 2160 6448 1912 2160 6449 2032 2160 6450 2034 2160 6451 1912 2160 6452 1915 2160 6453 2028 2160 6454 1914 2160 6455 1916 2160 6456 1918 2160 6457 1917 2160 6458 1918 2160 6459 1920 2160 6460 1919 2160 6461 1922 2160 6462 1921 2160 6463 2020 2160 6464 1924 2160 6465 1923 2160 6466 1921 2160 6467 1926 2160 6468 1925 2160 6469 1923 2160 6470 1928 2160 6471 1927 2160 6472 1925 2160 6473 1928 2160 6474 1930 2160 6475 1929 2160 6476 1930 2160 6477 1932 2160 6478 1931 2160 6479 1932 2160 6480 1934 2160 6481 1933 2160 6482 1934 2160 6483 1936 2160 6484 1935 2160 6485 1936 2160 6486 1938 2160 6487 1937 2160 6488 1938 2160 6489 1940 2160 6490 1939 2160 6491 1940 2160 6492 1942 2160 6493 1941 2160 6494 1942 2160 6495 1944 2160 6496 1943 2160 6497 1946 2160 6498 1945 2160 6499 2089 2160 6500 1948 2160 6501 1947 2160 6502 1945 2160 6503 1950 2160 6504 1949 2160 6505 1947 2160 6506 1952 2160 6507 1951 2160 6508 1949 2160 6509 1952 2160 6510 1954 2160 6511 1953 2160 6512 1954 2160 6513 1956 2160 6514 1955 2160 6515 1956 2160 6516 1958 2160 6517 1957 2160 6518 1958 2160 6519 1960 2160 6520 1959 2160 6521 1960 2160 6522 1962 2160 6523 1961 2160 6524 1962 2160 6525 1964 2160 6526 1963 2160 6527 1966 2160 6528 1965 2160 6529 2088 2160 6530 1966 2160 6531 1968 2160 6532 1967 2160 6533 1968 2160 6534 1970 2160 6535 1969 2160 6536 2013 2160 6537 2083 2160 6538 1972 2160 6539 1974 2160 6540 1973 2160 6541 1971 2160 6542 1975 2160 6543 2087 2160 6544 2086 2160 6545 1976 2160 6546 2087 2160 6547 1975 2160 6548 1979 2160 6549 1978 2160 6550 2085 2160 6551 1979 2160 6552 1981 2160 6553 1980 2160 6554 1981 2160 6555 1983 2160 6556 1982 2160 6557 1984 2160 6558 2007 2160 6559 1983 2160 6560 1985 2160 6561 1987 2160 6562 1986 2160 6563 1987 2160 6564 1989 2160 6565 1988 2160 6566 1989 2160 6567 1991 2160 6568 1990 2160 6569 1991 2160 6570 1993 2160 6571 1992 2160 6572 1993 2160 6573 1995 2160 6574 1994 2160 6575 1995 2160 6576 1997 2160 6577 1996 2160 6578 1997 2160 6579 1999 2160 6580 1998 2160 6581 1999 2160 6582 2001 2160 6583 2000 2160 6584 2003 2160 6585 2005 2160 6586 2001 2160 6587 2002 2160 6588 2004 2160 6589 2003 2160 6590 2006 2160 6591 2005 2160 6592 2003 2160 6593 2008 2160 6594 2007 2160 6595 1984 2160 6596 2009 2160 6597 2085 2160 6598 1978 2160 6599 2010 2160 6600 2086 2160 6601 2087 2160 6602 2012 2160 6603 2011 2160 6604 1971 2160 6605 2012 2160 6606 2014 2160 6607 2013 2160 6608 2014 2160 6609 2015 2160 6610 2083 2160 6611 2017 2160 6612 2016 2160 6613 2083 2160 6614 2018 2160 6615 2088 2160 6616 1965 2160 6617 2019 2160 6618 2089 2160 6619 1945 2160 6620 1923 2160 6621 1925 2160 6622 2019 2160 6623 2021 2160 6624 2023 2160 6625 2022 2160 6626 2023 2160 6627 2025 2160 6628 2024 2160 6629 2025 2160 6630 2027 2160 6631 2026 2160 6632 1917 2160 6633 1919 2160 6634 2027 2160 6635 2031 2160 6636 2030 2160 6637 1913 2160 6638 2033 2160 6639 2032 2160 6640 2030 2160 6641 2035 2160 6642 2034 2160 6643 2032 2160 6644 2039 2160 6645 2038 2160 6646 2036 2160 6647 2040 2160 6648 2090 2160 6649 2038 2160 6650 2041 2160 6651 2090 2160 6652 2040 2160 6653 2044 2160 6654 2043 2160 6655 1909 2160 6656 2044 2160 6657 2046 2160 6658 2045 2160 6659 2046 2160 6660 2048 2160 6661 2047 2160 6662 2048 2160 6663 2050 2160 6664 2049 2160 6665 2050 2160 6666 2052 2160 6667 2051 2160 6668 2052 2160 6669 2054 2160 6670 2053 2160 6671 2056 2160 6672 2055 2160 6673 1907 2160 6674 2058 2160 6675 2057 2160 6676 2055 2160 6677 2060 2160 6678 2059 2160 6679 2057 2160 6680 2062 2160 6681 2061 2160 6682 2059 2160 6683 2064 2160 6684 2063 2160 6685 2061 2160 6686 2064 2160 6687 2066 2160 6688 2065 2160 6689 2066 2160 6690 2068 2160 6691 2067 2160 6692 2068 2160 6693 2070 2160 6694 2069 2160 6695 2070 2160 6696 2072 2160 6697 2071 2160 6698 2074 2160 6699 2073 2160 6700 1905 2160 6701 2076 2160 6702 2075 2160 6703 1903 2160 6704 2078 2160 6705 2077 2160 6706 1899 2160 6707 2079 2160 6708 2084 2160 6709 2078 2160 6710 1828 2160 6711 1827 2160 6712 1880 2160 6713 2178 2160 6714 2180 2160 6715 2092 2160 6716 2171 2160 6717 2244 2160 6718 2094 2160 6719 2098 2160 6720 2100 2160 6721 2096 2160 6722 2097 2160 6723 2099 2160 6724 2098 2160 6725 2101 2160 6726 2100 2160 6727 2098 2160 6728 2165 2160 6729 2245 2160 6730 2103 2160 6731 2105 2160 6732 2104 2160 6733 2163 2160 6734 2107 2160 6735 2106 2160 6736 2161 2160 6737 2109 2160 6738 2108 2160 6739 2106 2160 6740 2109 2160 6741 2111 2160 6742 2110 2160 6743 2111 2160 6744 2113 2160 6745 2112 2160 6746 2113 2160 6747 2115 2160 6748 2114 2160 6749 2115 2160 6750 2117 2160 6751 2116 2160 6752 2117 2160 6753 2119 2160 6754 2118 2160 6755 2119 2160 6756 2121 2160 6757 2120 2160 6758 2121 2160 6759 2123 2160 6760 2122 2160 6761 2123 2160 6762 2125 2160 6763 2124 2160 6764 2125 2160 6765 2127 2160 6766 2126 2160 6767 2127 2160 6768 2129 2160 6769 2128 2160 6770 2129 2160 6771 2130 2160 6772 2131 2160 6773 2130 2160 6774 2132 2160 6775 2131 2160 6776 2134 2160 6777 2133 2160 6778 2247 2160 6779 2134 2160 6780 2136 2160 6781 2135 2160 6782 2137 2160 6783 2148 2160 6784 2136 2160 6785 2139 2160 6786 2146 2160 6787 2138 2160 6788 2140 2160 6789 2142 2160 6790 2141 2160 6791 2142 2160 6792 2143 2160 6793 2144 2160 6794 2143 2160 6795 2145 2160 6796 2144 2160 6797 2147 2160 6798 2146 2160 6799 2139 2160 6800 2149 2160 6801 2148 2160 6802 2137 2160 6803 2151 2160 6804 2150 2160 6805 2148 2160 6806 2151 2160 6807 2153 2160 6808 2152 2160 6809 2153 2160 6810 2155 2160 6811 2154 2160 6812 2155 2160 6813 2157 2160 6814 2156 2160 6815 2157 2160 6816 2158 2160 6817 2159 2160 6818 2158 2160 6819 2160 2160 6820 2159 2160 6821 2108 2160 6822 2247 2160 6823 2133 2160 6824 2164 2160 6825 2163 2160 6826 2104 2160 6827 2166 2160 6828 2165 2160 6829 2102 2160 6830 2166 2160 6831 2168 2160 6832 2167 2160 6833 2169 2160 6834 2095 2160 6835 2168 2160 6836 2170 2160 6837 2172 2160 6838 2171 2160 6839 2172 2160 6840 2173 2160 6841 2244 2160 6842 2175 2160 6843 2174 2160 6844 2244 2160 6845 2177 2160 6846 2176 2160 6847 2093 2160 6848 2179 2160 6849 2178 2160 6850 2176 2160 6851 2181 2160 6852 2180 2160 6853 2178 2160 6854 2183 2160 6855 2182 2160 6856 2242 2160 6857 2185 2160 6858 2184 2160 6859 2182 2160 6860 2187 2160 6861 2186 2160 6862 2238 2160 6863 2189 2160 6864 2188 2160 6865 2230 2160 6866 2225 2160 6867 2227 2160 6868 2189 2160 6869 2219 2160 6870 2221 2160 6871 2191 2160 6872 2215 2160 6873 2217 2160 6874 2193 2160 6875 2211 2160 6876 2213 2160 6877 2195 2160 6878 2207 2160 6879 2209 2160 6880 2197 2160 6881 2200 2160 6882 2205 2160 6883 2199 2160 6884 2201 2160 6885 2202 2160 6886 2203 2160 6887 2202 2160 6888 2204 2160 6889 2203 2160 6890 2206 2160 6891 2205 2160 6892 2200 2160 6893 2208 2160 6894 2207 2160 6895 2198 2160 6896 2210 2160 6897 2209 2160 6898 2207 2160 6899 2212 2160 6900 2211 2160 6901 2196 2160 6902 2214 2160 6903 2213 2160 6904 2211 2160 6905 2216 2160 6906 2215 2160 6907 2194 2160 6908 2218 2160 6909 2217 2160 6910 2215 2160 6911 2220 2160 6912 2219 2160 6913 2192 2160 6914 2222 2160 6915 2221 2160 6916 2219 2160 6917 2224 2160 6918 2223 2160 6919 2190 2160 6920 2226 2160 6921 2225 2160 6922 2223 2160 6923 2228 2160 6924 2227 2160 6925 2225 2160 6926 2229 2160 6927 2246 2160 6928 2227 2160 6929 2231 2160 6930 2230 2160 6931 2188 2160 6932 2231 2160 6933 2233 2160 6934 2232 2160 6935 2233 2160 6936 2235 2160 6937 2234 2160 6938 2235 2160 6939 2237 2160 6940 2236 2160 6941 2238 2160 6942 2186 2160 6943 2237 2160 6944 2239 2160 6945 2241 2160 6946 2240 2160 6947 2182 2160 6948 2184 2160 6949 2241 2160 6950 2243 2160 6951 2092 2160 6952 2091 2160 6953 2252 2160 6954 2251 2160 6955 2646 2160 6956 2254 2160 6957 2253 2160 6958 2378 2160 6959 2256 2160 6960 2255 2160 6961 2376 2160 6962 2258 2160 6963 2257 2160 6964 2255 2160 6965 2260 2160 6966 2259 2160 6967 2372 2160 6968 2347 2160 6969 2662 2160 6970 2259 2160 6971 2262 2160 6972 2264 2160 6973 2263 2160 6974 2264 2160 6975 2266 2160 6976 2265 2160 6977 2268 2160 6978 2267 2160 6979 2647 2160 6980 2270 2160 6981 2269 2160 6982 2267 2160 6983 2272 2160 6984 2271 2160 6985 2344 2160 6986 2274 2160 6987 2273 2160 6988 2271 2160 6989 2278 2160 6990 2277 2160 6991 2275 2160 6992 2278 2160 6993 2280 2160 6994 2279 2160 6995 2282 2160 6996 2281 2160 6997 2340 2160 6998 2284 2160 6999 2283 2160 7000 2338 2160 7001 2286 2160 7002 2285 2160 7003 2336 2160 7004 2288 2160 7005 2287 2160 7006 2334 2160 7007 2290 2160 7008 2289 2160 7009 2649 2160 7010 2292 2160 7011 2291 2160 7012 2289 2160 7013 2292 2160 7014 2294 2160 7015 2293 2160 7016 2294 2160 7017 2296 2160 7018 2295 2160 7019 2298 2160 7020 2297 2160 7021 2634 2160 7022 2300 2160 7023 2299 2160 7024 2297 2160 7025 2302 2160 7026 2301 2160 7027 2299 2160 7028 2304 2160 7029 2303 2160 7030 2301 2160 7031 2306 2160 7032 2305 2160 7033 2303 2160 7034 2306 2160 7035 2308 2160 7036 2307 2160 7037 2308 2160 7038 2310 2160 7039 2309 2160 7040 2312 2160 7041 2645 2160 7042 2310 2160 7043 2311 2160 7044 2313 2160 7045 2312 2160 7046 2315 2160 7047 2314 2160 7048 2312 2160 7049 2315 2160 7050 2317 2160 7051 2316 2160 7052 2317 2160 7053 2319 2160 7054 2318 2160 7055 2319 2160 7056 2321 2160 7057 2320 2160 7058 2321 2160 7059 2323 2160 7060 2322 2160 7061 2323 2160 7062 2324 2160 7063 2325 2160 7064 2324 2160 7065 2326 2160 7066 2325 2160 7067 2327 2160 7068 2634 2160 7069 2297 2160 7070 2329 2160 7071 2661 2160 7072 2327 2160 7073 2328 2160 7074 2330 2160 7075 2329 2160 7076 2331 2160 7077 2649 2160 7078 2289 2160 7079 2333 2160 7080 2332 2160 7081 2649 2160 7082 2335 2160 7083 2334 2160 7084 2287 2160 7085 2337 2160 7086 2336 2160 7087 2285 2160 7088 2339 2160 7089 2338 2160 7090 2283 2160 7091 2341 2160 7092 2340 2160 7093 2281 2160 7094 2271 2160 7095 2273 2160 7096 2343 2160 7097 2346 2160 7098 2647 2160 7099 2267 2160 7100 2348 2160 7101 2347 2160 7102 2261 2160 7103 2368 2160 7104 2370 2160 7105 2348 2160 7106 2352 2160 7107 2351 2160 7108 2366 2160 7109 2354 2160 7110 2355 2160 7111 2655 2160 7112 2361 2160 7113 2655 2160 7114 2355 2160 7115 2357 2160 7116 2358 2160 7117 2359 2160 7118 2358 2160 7119 2360 2160 7120 2359 2160 7121 2362 2160 7122 2361 2160 7123 2356 2160 7124 2365 2160 7125 2364 2160 7126 2651 2160 7127 2367 2160 7128 2366 2160 7129 2351 2160 7130 2369 2160 7131 2368 2160 7132 2349 2160 7133 2371 2160 7134 2370 2160 7135 2368 2160 7136 2372 2160 7137 2259 2160 7138 2371 2160 7139 2373 2160 7140 2375 2160 7141 2374 2160 7142 2255 2160 7143 2257 2160 7144 2375 2160 7145 2378 2160 7146 2253 2160 7147 2377 2160 7148 2646 2160 7149 2251 2160 7150 2379 2160 7151 2381 2160 7152 2383 2160 7153 2382 2160 7154 2383 2160 7155 2385 2160 7156 2384 2160 7157 2385 2160 7158 2386 2160 7159 2387 2160 7160 2386 2160 7161 2388 2160 7162 2387 2160 7163 2389 2160 7164 2249 2160 7165 2382 2160 7166 2389 2160 7167 2250 2160 7168 2249 2160 7169 2392 2160 7170 2640 2160 7171 2637 2160 7172 2394 2160 7173 2393 2160 7174 2638 2160 7175 2396 2160 7176 2395 2160 7177 2393 2160 7178 2398 2160 7179 2397 2160 7180 2639 2160 7181 2399 2160 7182 2644 2160 7183 2641 2160 7184 2401 2160 7185 2400 2160 7186 2643 2160 7187 2403 2160 7188 2402 2160 7189 2642 2160 7190 2403 2160 7191 2405 2160 7192 2404 2160 7193 2405 2160 7194 2407 2160 7195 2406 2160 7196 2409 2160 7197 2408 2160 7198 2624 2160 7199 2411 2160 7200 2410 2160 7201 2408 2160 7202 2413 2160 7203 2412 2160 7204 2410 2160 7205 2415 2160 7206 2414 2160 7207 2412 2160 7208 2415 2160 7209 2417 2160 7210 2416 2160 7211 2417 2160 7212 2419 2160 7213 2418 2160 7214 2419 2160 7215 2421 2160 7216 2420 2160 7217 2423 2160 7218 2422 2160 7219 2622 2160 7220 2425 2160 7221 2424 2160 7222 2422 2160 7223 2459 2160 7224 2658 2160 7225 2656 2160 7226 2429 2160 7227 2428 2160 7228 2457 2160 7229 2431 2160 7230 2430 2160 7231 2455 2160 7232 2431 2160 7233 2433 2160 7234 2432 2160 7235 2451 2160 7236 2453 2160 7237 2435 2160 7238 2437 2160 7239 2436 2160 7240 2449 2160 7241 2445 2160 7242 2447 2160 7243 2437 2160 7244 2438 2160 7245 2440 2160 7246 2439 2160 7247 2442 2160 7248 2441 2160 7249 2439 2160 7250 2444 2160 7251 2443 2160 7252 2441 2160 7253 2446 2160 7254 2445 2160 7255 2443 2160 7256 2448 2160 7257 2447 2160 7258 2445 2160 7259 2450 2160 7260 2449 2160 7261 2436 2160 7262 2452 2160 7263 2451 2160 7264 2434 2160 7265 2454 2160 7266 2453 2160 7267 2451 2160 7268 2456 2160 7269 2455 2160 7270 2430 2160 7271 2458 2160 7272 2457 2160 7273 2428 2160 7274 2460 2160 7275 2459 2160 7276 2426 2160 7277 2462 2160 7278 2461 2160 7279 2648 2160 7280 2464 2160 7281 2463 2160 7282 2558 2160 7283 2466 2160 7284 2465 2160 7285 2554 2160 7286 2468 2160 7287 2467 2160 7288 2552 2160 7289 2470 2160 7290 2469 2160 7291 2550 2160 7292 2472 2160 7293 2471 2160 7294 2546 2160 7295 2474 2160 7296 2473 2160 7297 2471 2160 7298 2476 2160 7299 2475 2160 7300 2544 2160 7301 2478 2160 7302 2477 2160 7303 2475 2160 7304 2480 2160 7305 2479 2160 7306 2542 2160 7307 2482 2160 7308 2481 2160 7309 2479 2160 7310 2483 2160 7311 2660 2160 7312 2481 2160 7313 2484 2160 7314 2660 2160 7315 2483 2160 7316 2487 2160 7317 2486 2160 7318 2659 2160 7319 2487 2160 7320 2489 2160 7321 2488 2160 7322 2489 2160 7323 2491 2160 7324 2490 2160 7325 2491 2160 7326 2493 2160 7327 2492 2160 7328 2494 2160 7329 2539 2160 7330 2493 2160 7331 2495 2160 7332 2497 2160 7333 2496 2160 7334 2498 2160 7335 2537 2160 7336 2497 2160 7337 2501 2160 7338 2500 2160 7339 2535 2160 7340 2505 2160 7341 2504 2160 7342 2530 2160 7343 2507 2160 7344 2506 2160 7345 2650 2160 7346 2524 2160 7347 2652 2160 7348 2507 2160 7349 2510 2160 7350 2654 2160 7351 2509 2160 7352 2511 2160 7353 2513 2160 7354 2512 2160 7355 2513 2160 7356 2515 2160 7357 2514 2160 7358 2515 2160 7359 2516 2160 7360 2517 2160 7361 2516 2160 7362 2518 2160 7363 2517 2160 7364 2519 2160 7365 2520 2160 7366 2512 2160 7367 2519 2160 7368 2521 2160 7369 2520 2160 7370 2523 2160 7371 2522 2160 7372 2654 2160 7373 2525 2160 7374 2524 2160 7375 2508 2160 7376 2525 2160 7377 2526 2160 7378 2652 2160 7379 2526 2160 7380 2527 2160 7381 2650 2160 7382 2529 2160 7383 2528 2160 7384 2650 2160 7385 2531 2160 7386 2530 2160 7387 2504 2160 7388 2534 2160 7389 2533 2160 7390 2653 2160 7391 2536 2160 7392 2535 2160 7393 2500 2160 7394 2538 2160 7395 2537 2160 7396 2498 2160 7397 2540 2160 7398 2539 2160 7399 2494 2160 7400 2541 2160 7401 2659 2160 7402 2486 2160 7403 2479 2160 7404 2481 2160 7405 2543 2160 7406 2475 2160 7407 2477 2160 7408 2543 2160 7409 2471 2160 7410 2473 2160 7411 2545 2160 7412 2547 2160 7413 2549 2160 7414 2548 2160 7415 2550 2160 7416 2469 2160 7417 2549 2160 7418 2553 2160 7419 2552 2160 7420 2467 2160 7421 2555 2160 7422 2554 2160 7423 2465 2160 7424 2555 2160 7425 2557 2160 7426 2556 2160 7427 2559 2160 7428 2558 2160 7429 2463 2160 7430 2560 2160 7431 2648 2160 7432 2461 2160 7433 2561 2160 7434 2656 2160 7435 2658 2160 7436 2617 2160 7437 2657 2160 7438 2563 2160 7439 2565 2160 7440 2564 2160 7441 2621 2160 7442 2566 2160 7443 2636 2160 7444 2564 2160 7445 2567 2160 7446 2636 2160 7447 2566 2160 7448 2568 2160 7449 2570 2160 7450 2569 2160 7451 2572 2160 7452 2571 2160 7453 2623 2160 7454 2574 2160 7455 2573 2160 7456 2571 2160 7457 2575 2160 7458 2627 2160 7459 2573 2160 7460 2576 2160 7461 2629 2160 7462 2626 2160 7463 2578 2160 7464 2577 2160 7465 2628 2160 7466 2580 2160 7467 2579 2160 7468 2631 2160 7469 2581 2160 7470 2635 2160 7471 2632 2160 7472 2583 2160 7473 2582 2160 7474 2633 2160 7475 2585 2160 7476 2584 2160 7477 2630 2160 7478 2585 2160 7479 2587 2160 7480 2586 2160 7481 2587 2160 7482 2589 2160 7483 2588 2160 7484 2591 2160 7485 2590 2160 7486 2625 2160 7487 2391 2160 7488 2390 2160 7489 2590 2160 7490 2595 2160 7491 2624 2160 7492 2408 2160 7493 2596 2160 7494 2642 2160 7495 2402 2160 7496 2597 2160 7497 2643 2160 7498 2400 2160 7499 2598 2160 7500 2641 2160 7501 2644 2160 7502 2599 2160 7503 2639 2160 7504 2397 2160 7505 2600 2160 7506 2638 2160 7507 2393 2160 7508 2601 2160 7509 2637 2160 7510 2640 2160 7511 2602 2160 7512 2625 2160 7513 2590 2160 7514 2603 2160 7515 2630 2160 7516 2584 2160 7517 2604 2160 7518 2633 2160 7519 2582 2160 7520 2605 2160 7521 2632 2160 7522 2635 2160 7523 2606 2160 7524 2631 2160 7525 2579 2160 7526 2607 2160 7527 2628 2160 7528 2577 2160 7529 2608 2160 7530 2626 2160 7531 2629 2160 7532 2609 2160 7533 2623 2160 7534 2571 2160 7535 2610 2160 7536 2621 2160 7537 2564 2160 7538 2610 2160 7539 2612 2160 7540 2611 2160 7541 2614 2160 7542 2613 2160 7543 2611 2160 7544 2616 2160 7545 2615 2160 7546 2613 2160 7547 2618 2160 7548 2617 2160 7549 2562 2160 7550 2620 2160 7551 2619 2160 7552 2617 2160 7553 2593 2160 7554 2592 2160 7555 2619 2160 7556 1827 2160 7557 1828 2160 7558 1829 2160 7559 1829 2160 7560 2082 2160 7561 1827 2160 7562 1830 2160 7563 1832 2160 7564 2081 2160 7565 2081 2160 7566 1829 2160 7567 1830 2160 7568 1831 2160 7569 1832 2160 7570 1834 2160 7571 1833 2160 7572 1834 2160 7573 1836 2160 7574 1835 2160 7575 1836 2160 7576 1838 2160 7577 1839 2160 7578 1837 2160 7579 1838 2160 7580 1841 2160 7581 1839 2160 7582 1840 2160 7583 1843 2160 7584 1841 2160 7585 1842 2160 7586 1858 2167 7587 1843 2168 7588 1844 2169 7589 1856 2160 7590 1844 2160 7591 1846 2160 7592 1846 2160 7593 1845 2160 7594 1856 2160 7595 1846 2160 7596 1848 2160 7597 1854 2160 7598 1854 2160 7599 1845 2160 7600 1846 2160 7601 1852 2160 7602 1847 2160 7603 1848 2160 7604 1848 2160 7605 1849 2160 7606 1850 2160 7607 1850 2160 7608 1851 2160 7609 1853 2160 7610 1853 2160 7611 1855 2160 7612 1847 2160 7613 1855 2160 7614 1857 2160 7615 1845 2160 7616 1845 2160 7617 1854 2160 7618 1855 2160 7619 1856 2160 7620 1857 2160 7621 1859 2160 7622 1860 2160 7623 1831 2160 7624 1833 2160 7625 1860 2160 7626 1833 2160 7627 1835 2160 7628 1860 2160 7629 1835 2160 7630 1837 2160 7631 1860 2160 7632 1837 2160 7633 1839 2160 7634 1860 2160 7635 1839 2160 7636 1841 2160 7637 1859 2160 7638 1860 2160 7639 1841 2160 7640 1859 2160 7641 1841 2160 7642 1843 2160 7643 1860 2160 7644 2082 2160 7645 1829 2160 7646 1878 2160 7647 1860 2160 7648 1862 2160 7649 1829 2160 7650 2081 2160 7651 1860 2160 7652 1876 2160 7653 1878 2160 7654 1862 2160 7655 1862 2160 7656 1861 2160 7657 1876 2160 7658 1863 2160 7659 1861 2160 7660 1862 2160 7661 1865 2160 7662 1863 2160 7663 1864 2160 7664 1867 2160 7665 1865 2160 7666 1866 2160 7667 1869 2160 7668 1867 2160 7669 1868 2160 7670 1871 2160 7671 1869 2160 7672 1870 2160 7673 1874 2160 7674 1871 2160 7675 1872 2160 7676 1877 2160 7677 1861 2160 7678 1863 2160 7679 1877 2160 7680 1863 2160 7681 1865 2160 7682 1877 2160 7683 1865 2160 7684 1867 2160 7685 1877 2160 7686 1867 2160 7687 1869 2160 7688 1877 2160 7689 1869 2160 7690 1871 2160 7691 1877 2160 7692 1871 2160 7693 1874 2160 7694 1874 2160 7695 1875 2160 7696 1877 2160 7697 1876 2160 7698 1877 2160 7699 1879 2160 7700 1881 2160 7701 1827 2160 7702 2082 2160 7703 1881 2160 7704 2082 2160 7705 1878 2160 7706 1878 2160 7707 1879 2160 7708 1881 2160 7709 1897 2160 7710 2084 2160 7711 2079 2160 7712 1893 2160 7713 1895 2160 7714 2079 2160 7715 1893 2160 7716 2079 2160 7717 1881 2160 7718 2079 2160 7719 1880 2160 7720 1881 2160 7721 1882 2160 7722 1893 2160 7723 1881 2160 7724 1881 2160 7725 1883 2160 7726 1882 2160 7727 1884 2160 7728 1882 2160 7729 1883 2160 7730 1885 2160 7731 1887 2160 7732 1886 2160 7733 1889 2160 7734 1886 2160 7735 1887 2160 7736 1892 2160 7737 1886 2160 7738 1889 2160 7739 1889 2160 7740 1890 2160 7741 1892 2160 7742 1892 2160 7743 1894 2160 7744 1882 2160 7745 1892 2160 7746 1882 2160 7747 1884 2160 7748 1884 2160 7749 1891 2160 7750 1892 2160 7751 1893 2160 7752 1894 2160 7753 1896 2160 7754 1895 2160 7755 1896 2160 7756 1898 2160 7757 1900 2160 7758 2077 2160 7759 2084 2160 7760 1900 2160 7761 2084 2160 7762 1897 2160 7763 1897 2160 7764 1898 2160 7765 1900 2160 7766 1901 2160 7767 1899 2160 7768 1900 2160 7769 1902 2160 7770 1904 2160 7771 2075 2160 7772 2075 2160 7773 1901 2160 7774 1902 2160 7775 1904 2160 7776 1906 2160 7777 2073 2160 7778 2073 2160 7779 1903 2160 7780 1904 2160 7781 1908 2160 7782 2055 2160 7783 2057 2160 7784 1908 2160 7785 2057 2160 7786 2059 2160 7787 1908 2160 7788 2059 2160 7789 2061 2160 7790 1908 2160 7791 2061 2160 7792 2063 2160 7793 1908 2160 7794 2063 2160 7795 2065 2160 7796 1908 2160 7797 2065 2160 7798 2067 2160 7799 1908 2160 7800 2067 2160 7801 2069 2160 7802 1908 2160 7803 2069 2160 7804 2071 2160 7805 1906 2160 7806 1908 2160 7807 2071 2160 7808 2071 2160 7809 1905 2160 7810 1906 2160 7811 1910 2160 7812 2043 2160 7813 2045 2160 7814 1910 2160 7815 2045 2160 7816 2047 2160 7817 1908 2160 7818 1910 2160 7819 2047 2160 7820 1908 2160 7821 2047 2160 7822 2049 2160 7823 1908 2160 7824 2049 2160 7825 2051 2160 7826 1908 2160 7827 2051 2160 7828 2053 2160 7829 2053 2160 7830 1907 2160 7831 1908 2160 7832 1912 2160 7833 2038 2160 7834 2090 2160 7835 1912 2160 7836 1911 2160 7837 2036 2160 7838 1910 2160 7839 1912 2160 7840 2090 2160 7841 1910 2160 7842 2090 2160 7843 2041 2160 7844 2041 2160 7845 1909 2160 7846 1910 2160 7847 2034 2160 7848 1911 2160 7849 1912 2160 7850 2030 2160 7851 2032 2160 7852 1912 2160 7853 1913 2160 7854 2030 2160 7855 1912 2160 7856 1912 2160 7857 1914 2160 7858 1913 2160 7859 2028 2160 7860 1913 2160 7861 1914 2160 7862 1914 2160 7863 1916 2160 7864 1915 2160 7865 1917 2160 7866 1915 2160 7867 1916 2160 7868 1919 2160 7869 1917 2160 7870 1918 2160 7871 1922 2160 7872 2020 2160 7873 2022 2160 7874 1922 2160 7875 2022 2160 7876 2024 2160 7877 1920 2160 7878 1922 2160 7879 2024 2160 7880 1920 2160 7881 2024 2160 7882 2026 2160 7883 2026 2160 7884 1919 2160 7885 1920 2160 7886 1921 2160 7887 1922 2160 7888 1924 2160 7889 1923 2160 7890 1924 2160 7891 1926 2160 7892 1925 2160 7893 1926 2160 7894 1928 2160 7895 1929 2160 7896 1927 2160 7897 1928 2160 7898 1931 2160 7899 1929 2160 7900 1930 2160 7901 1933 2160 7902 1931 2160 7903 1932 2160 7904 1935 2160 7905 1933 2160 7906 1934 2160 7907 1937 2160 7908 1935 2160 7909 1936 2160 7910 1939 2160 7911 1937 2160 7912 1938 2160 7913 1941 2160 7914 1939 2160 7915 1940 2160 7916 1943 2160 7917 1941 2160 7918 1942 2160 7919 1944 2160 7920 1946 2160 7921 2089 2160 7922 2089 2160 7923 1943 2160 7924 1944 2160 7925 1945 2160 7926 1946 2160 7927 1948 2160 7928 1947 2160 7929 1948 2160 7930 1950 2160 7931 1949 2160 7932 1950 2160 7933 1952 2160 7934 1953 2160 7935 1951 2160 7936 1952 2160 7937 1955 2160 7938 1953 2160 7939 1954 2160 7940 1957 2160 7941 1955 2160 7942 1956 2160 7943 1959 2160 7944 1957 2160 7945 1958 2160 7946 1961 2160 7947 1959 2160 7948 1960 2160 7949 1963 2160 7950 1961 2160 7951 1962 2160 7952 1964 2160 7953 1966 2160 7954 2088 2160 7955 2088 2160 7956 1963 2160 7957 1964 2160 7958 1967 2160 7959 1965 2160 7960 1966 2160 7961 1969 2160 7962 1967 2160 7963 1968 2160 7964 1970 2160 7965 1972 2160 7966 2083 2160 7967 2011 2160 7968 2013 2160 7969 1972 2160 7970 1970 2160 7971 2083 2160 7972 2016 2160 7973 2016 2160 7974 1969 2160 7975 1970 2160 7976 1972 2160 7977 1971 2160 7978 2011 2160 7979 1971 2160 7980 1972 2160 7981 1974 2160 7982 1974 2160 7983 1975 2160 7984 2086 2160 7985 2086 2160 7986 1973 2160 7987 1974 2160 7988 1975 2160 7989 1977 2160 7990 1976 2160 7991 1977 2160 7992 1979 2160 7993 2085 2160 7994 2085 2160 7995 1976 2160 7996 1977 2160 7997 1980 2160 7998 1978 2160 7999 1979 2160 8000 1982 2160 8001 1980 2160 8002 1981 2160 8003 2007 2160 8004 1982 2160 8005 1983 2160 8006 1983 2160 8007 1985 2160 8008 1984 2160 8009 1986 2160 8010 1984 2160 8011 1985 2160 8012 1988 2160 8013 1986 2160 8014 1987 2160 8015 1990 2160 8016 1988 2160 8017 1989 2160 8018 1992 2160 8019 1990 2160 8020 1991 2160 8021 1994 2160 8022 1992 2160 8023 1993 2160 8024 1996 2160 8025 1994 2160 8026 1995 2160 8027 1998 2160 8028 1996 2160 8029 1997 2160 8030 2000 2160 8031 1998 2160 8032 1999 2160 8033 2005 2160 8034 2000 2160 8035 2001 2160 8036 2001 2160 8037 2002 2160 8038 2003 2160 8039 2003 2160 8040 2004 2160 8041 2006 2160 8042 2008 2160 8043 1984 2160 8044 1986 2160 8045 2008 2160 8046 1986 2160 8047 1988 2160 8048 2008 2160 8049 1988 2160 8050 1990 2160 8051 2008 2160 8052 1990 2160 8053 1992 2160 8054 2008 2160 8055 1992 2160 8056 1994 2160 8057 2008 2160 8058 1994 2160 8059 1996 2160 8060 2008 2160 8061 1996 2160 8062 1998 2160 8063 2008 2160 8064 1998 2160 8065 2000 2160 8066 2008 2160 8067 2000 2160 8068 2005 2160 8069 2005 2160 8070 2006 2160 8071 2008 2160 8072 2009 2160 8073 1978 2160 8074 1980 2160 8075 2008 2160 8076 2009 2160 8077 1980 2160 8078 2008 2160 8079 1980 2160 8080 1982 2160 8081 1982 2160 8082 2007 2160 8083 2008 2160 8084 2009 2160 8085 2010 2160 8086 2087 2160 8087 2009 2160 8088 2087 2160 8089 1976 2160 8090 1976 2160 8091 2085 2160 8092 2009 2160 8093 2012 2160 8094 1971 2160 8095 1973 2160 8096 2010 2160 8097 2012 2160 8098 1973 2160 8099 1973 2160 8100 2086 2160 8101 2010 2160 8102 2013 2160 8103 2011 2160 8104 2012 2160 8105 2083 2160 8106 2013 2160 8107 2014 2160 8108 2083 2160 8109 2015 2160 8110 2017 2160 8111 2018 2160 8112 1965 2160 8113 1967 2160 8114 2018 2160 8115 1967 2160 8116 1969 2160 8117 2017 2160 8118 2018 2160 8119 1969 2160 8120 1969 2160 8121 2016 2160 8122 2017 2160 8123 2019 2160 8124 1945 2160 8125 1947 2160 8126 2019 2160 8127 1947 2160 8128 1949 2160 8129 2019 2160 8130 1949 2160 8131 1951 2160 8132 2018 2160 8133 2019 2160 8134 1951 2160 8135 2018 2160 8136 1951 2160 8137 1953 2160 8138 2018 2160 8139 1953 2160 8140 1955 2160 8141 2018 2160 8142 1955 2160 8143 1957 2160 8144 2018 2160 8145 1957 2160 8146 1959 2160 8147 2018 2160 8148 1959 2160 8149 1961 2160 8150 2018 2160 8151 1961 2160 8152 1963 2160 8153 1963 2160 8154 2088 2160 8155 2018 2160 8156 2019 2160 8157 1925 2160 8158 1927 2160 8159 1921 2160 8160 1923 2160 8161 2019 2160 8162 2019 2160 8163 1927 2160 8164 1929 2160 8165 2019 2160 8166 1929 2160 8167 1931 2160 8168 2019 2160 8169 1931 2160 8170 1933 2160 8171 2019 2160 8172 1933 2160 8173 1935 2160 8174 2019 2160 8175 1935 2160 8176 1937 2160 8177 2019 2160 8178 1937 2160 8179 1939 2160 8180 2019 2160 8181 1939 2160 8182 1941 2160 8183 2019 2160 8184 1941 2160 8185 1943 2160 8186 1943 2160 8187 2089 2160 8188 2019 2160 8189 2020 2160 8190 1921 2160 8191 2019 2160 8192 2019 2160 8193 2021 2160 8194 2020 2160 8195 2022 2160 8196 2020 2160 8197 2021 2160 8198 2024 2160 8199 2022 2160 8200 2023 2160 8201 2026 2160 8202 2024 2160 8203 2025 2160 8204 1919 2160 8205 2026 2160 8206 2027 2160 8207 1917 2160 8208 2027 2160 8209 2029 2160 8210 1915 2160 8211 1917 2160 8212 2029 2160 8213 2029 2160 8214 2028 2160 8215 1915 2160 8216 2031 2160 8217 1913 2160 8218 2028 2160 8219 2028 2160 8220 2029 2160 8221 2031 2160 8222 2030 2160 8223 2031 2160 8224 2033 2160 8225 2032 2160 8226 2033 2160 8227 2035 2160 8228 2037 2160 8229 1911 2160 8230 2034 2160 8231 2034 2160 8232 2035 2160 8233 2037 2160 8234 2036 2160 8235 2037 2160 8236 2039 2160 8237 2038 2160 8238 2039 2160 8239 2040 2160 8240 2040 2160 8241 2042 2160 8242 2041 2160 8243 2042 2160 8244 2044 2160 8245 1909 2160 8246 1909 2160 8247 2041 2160 8248 2042 2160 8249 2045 2160 8250 2043 2160 8251 2044 2160 8252 2047 2160 8253 2045 2160 8254 2046 2160 8255 2049 2160 8256 2047 2160 8257 2048 2160 8258 2051 2160 8259 2049 2160 8260 2050 2160 8261 2053 2160 8262 2051 2160 8263 2052 2160 8264 2054 2160 8265 2056 2160 8266 1907 2160 8267 1907 2160 8268 2053 2160 8269 2054 2160 8270 2055 2160 8271 2056 2160 8272 2058 2160 8273 2057 2160 8274 2058 2160 8275 2060 2160 8276 2059 2160 8277 2060 2160 8278 2062 2160 8279 2061 2160 8280 2062 2160 8281 2064 2160 8282 2065 2160 8283 2063 2160 8284 2064 2160 8285 2067 2160 8286 2065 2160 8287 2066 2160 8288 2069 2160 8289 2067 2160 8290 2068 2160 8291 2071 2160 8292 2069 2160 8293 2070 2160 8294 2072 2160 8295 2074 2160 8296 1905 2160 8297 1905 2160 8298 2071 2160 8299 2072 2160 8300 2074 2160 8301 2076 2160 8302 1903 2160 8303 1903 2160 8304 2073 2160 8305 2074 2160 8306 2078 2160 8307 1899 2160 8308 1901 2160 8309 2076 2160 8310 2078 2160 8311 1901 2160 8312 1901 2160 8313 2075 2160 8314 2076 2160 8315 2084 2160 8316 2077 2160 8317 2078 2160 8318 2078 2160 8319 2080 2160 8320 2079 2160 8321 2080 2160 8322 1828 2160 8323 1880 2160 8324 1880 2160 8325 2079 2160 8326 2080 2160 8327 2180 2160 8328 2091 2160 8329 2092 2160 8330 2176 2160 8331 2178 2160 8332 2092 2160 8333 2176 2160 8334 2092 2160 8335 2094 2160 8336 2094 2160 8337 2093 2160 8338 2176 2160 8339 2094 2160 8340 2244 2160 8341 2174 2160 8342 2171 2160 8343 2094 2160 8344 2096 2160 8345 2174 2160 8346 2093 2160 8347 2094 2160 8348 2169 2160 8349 2171 2160 8350 2096 2160 8351 2096 2160 8352 2095 2160 8353 2169 2160 8354 2096 2160 8355 2100 2160 8356 2167 2160 8357 2096 2160 8358 2097 2160 8359 2098 2160 8360 2100 2160 8361 2245 2160 8362 2167 2160 8363 2167 2160 8364 2095 2160 8365 2096 2160 8366 2098 2160 8367 2099 2160 8368 2101 2160 8369 2103 2160 8370 2245 2160 8371 2100 2160 8372 2103 2160 8373 2102 2160 8374 2165 2160 8375 2100 2160 8376 2101 2160 8377 2103 2160 8378 2103 2160 8379 2105 2160 8380 2163 2160 8381 2163 2160 8382 2102 2160 8383 2103 2160 8384 2107 2160 8385 2161 2160 8386 2104 2160 8387 2104 2160 8388 2105 2160 8389 2107 2160 8390 2106 2160 8391 2107 2160 8392 2109 2160 8393 2108 2160 8394 2109 2160 8395 2110 2160 8396 2110 2160 8397 2247 2160 8398 2108 2160 8399 2112 2160 8400 2110 2160 8401 2111 2160 8402 2114 2160 8403 2112 2160 8404 2113 2160 8405 2116 2160 8406 2114 2160 8407 2115 2160 8408 2118 2160 8409 2116 2160 8410 2117 2160 8411 2120 2160 8412 2118 2160 8413 2119 2160 8414 2122 2160 8415 2120 2160 8416 2121 2160 8417 2124 2160 8418 2122 2160 8419 2123 2160 8420 2126 2160 8421 2124 2160 8422 2125 2160 8423 2128 2160 8424 2126 2160 8425 2127 2160 8426 2131 2160 8427 2128 2160 8428 2129 2160 8429 2134 2160 8430 2247 2160 8431 2110 2160 8432 2134 2160 8433 2110 2160 8434 2112 2160 8435 2134 2160 8436 2112 2160 8437 2114 2160 8438 2134 2160 8439 2114 2160 8440 2116 2160 8441 2134 2160 8442 2116 2160 8443 2118 2160 8444 2134 2160 8445 2118 2160 8446 2120 2160 8447 2134 2160 8448 2120 2160 8449 2122 2160 8450 2134 2160 8451 2122 2160 8452 2124 2160 8453 2134 2160 8454 2124 2160 8455 2126 2160 8456 2134 2160 8457 2126 2160 8458 2128 2160 8459 2134 2160 8460 2128 2160 8461 2131 2160 8462 2131 2160 8463 2132 2160 8464 2134 2160 8465 2134 2160 8466 2135 2160 8467 2248 2160 8468 2248 2160 8469 2133 2160 8470 2134 2160 8471 2148 2160 8472 2135 2160 8473 2136 2160 8474 2136 2160 8475 2138 2160 8476 2137 2160 8477 2146 2160 8478 2137 2160 8479 2138 2160 8480 2138 2160 8481 2140 2160 8482 2139 2160 8483 2141 2160 8484 2139 2160 8485 2140 2160 8486 2144 2160 8487 2141 2160 8488 2142 2160 8489 2147 2160 8490 2139 2160 8491 2141 2160 8492 2147 2160 8493 2141 2160 8494 2144 2160 8495 2144 2160 8496 2145 2160 8497 2147 2160 8498 2149 2160 8499 2137 2160 8500 2146 2160 8501 2146 2160 8502 2147 2160 8503 2149 2160 8504 2135 2160 8505 2148 2160 8506 2150 2160 8507 2148 2160 8508 2149 2160 8509 2151 2160 8510 2150 2160 8511 2248 2160 8512 2135 2160 8513 2152 2160 8514 2150 2160 8515 2151 2160 8516 2154 2160 8517 2152 2160 8518 2153 2160 8519 2156 2160 8520 2154 2160 8521 2155 2160 8522 2159 2160 8523 2156 2160 8524 2157 2160 8525 2108 2160 8526 2133 2160 8527 2162 2160 8528 2162 2160 8529 2133 2160 8530 2248 2160 8531 2106 2160 8532 2108 2160 8533 2162 2160 8534 2162 2160 8535 2248 2160 8536 2150 2160 8537 2162 2160 8538 2150 2160 8539 2152 2160 8540 2162 2160 8541 2152 2160 8542 2154 2160 8543 2162 2160 8544 2154 2160 8545 2156 2160 8546 2162 2160 8547 2156 2160 8548 2159 2160 8549 2159 2160 8550 2160 2160 8551 2162 2160 8552 2162 2160 8553 2161 2160 8554 2106 2160 8555 2162 2160 8556 2164 2160 8557 2104 2160 8558 2104 2160 8559 2161 2160 8560 2162 2160 8561 2166 2160 8562 2102 2160 8563 2163 2160 8564 2163 2160 8565 2164 2160 8566 2166 2160 8567 2166 2160 8568 2167 2160 8569 2245 2160 8570 2245 2160 8571 2165 2160 8572 2166 2160 8573 2095 2160 8574 2167 2160 8575 2168 2160 8576 2168 2160 8577 2170 2160 8578 2169 2160 8579 2171 2160 8580 2169 2160 8581 2170 2160 8582 2244 2160 8583 2171 2160 8584 2172 2160 8585 2244 2160 8586 2173 2160 8587 2175 2160 8588 2175 2160 8589 2177 2160 8590 2093 2160 8591 2093 2160 8592 2174 2160 8593 2175 2160 8594 2176 2160 8595 2177 2160 8596 2179 2160 8597 2178 2160 8598 2179 2160 8599 2181 2160 8600 2183 2160 8601 2242 2160 8602 2091 2160 8603 2183 2160 8604 2091 2160 8605 2180 2160 8606 2180 2160 8607 2181 2160 8608 2183 2160 8609 2182 2160 8610 2183 2160 8611 2185 2160 8612 2187 2160 8613 2238 2160 8614 2240 2160 8615 2187 2160 8616 2240 2160 8617 2184 2160 8618 2184 2160 8619 2185 2160 8620 2187 2160 8621 2189 2160 8622 2230 2160 8623 2232 2160 8624 2189 2160 8625 2232 2160 8626 2234 2160 8627 2189 2160 8628 2234 2160 8629 2236 2160 8630 2189 2160 8631 2236 2160 8632 2186 2160 8633 2186 2160 8634 2187 2160 8635 2189 2160 8636 2189 2160 8637 2227 2160 8638 2246 2160 8639 2223 2160 8640 2225 2160 8641 2189 2160 8642 2246 2160 8643 2188 2160 8644 2189 2160 8645 2190 2160 8646 2223 2160 8647 2189 2160 8648 2189 2160 8649 2191 2160 8650 2190 2160 8651 2221 2160 8652 2190 2160 8653 2191 2160 8654 2192 2160 8655 2219 2160 8656 2191 2160 8657 2191 2160 8658 2193 2160 8659 2192 2160 8660 2217 2160 8661 2192 2160 8662 2193 2160 8663 2194 2160 8664 2215 2160 8665 2193 2160 8666 2193 2160 8667 2195 2160 8668 2194 2160 8669 2213 2160 8670 2194 2160 8671 2195 2160 8672 2196 2160 8673 2211 2160 8674 2195 2160 8675 2195 2160 8676 2197 2160 8677 2196 2160 8678 2209 2160 8679 2196 2160 8680 2197 2160 8681 2198 2160 8682 2207 2160 8683 2197 2160 8684 2197 2160 8685 2199 2160 8686 2198 2160 8687 2205 2160 8688 2198 2160 8689 2199 2160 8690 2199 2160 8691 2201 2160 8692 2200 2160 8693 2206 2160 8694 2200 2160 8695 2203 2160 8696 2203 2160 8697 2204 2160 8698 2206 2160 8699 2208 2160 8700 2198 2160 8701 2205 2160 8702 2205 2160 8703 2206 2160 8704 2208 2160 8705 2207 2160 8706 2208 2160 8707 2210 2160 8708 2212 2160 8709 2196 2160 8710 2209 2160 8711 2209 2160 8712 2210 2160 8713 2212 2160 8714 2211 2160 8715 2212 2160 8716 2214 2160 8717 2216 2160 8718 2194 2160 8719 2213 2160 8720 2213 2160 8721 2214 2160 8722 2216 2160 8723 2215 2160 8724 2216 2160 8725 2218 2160 8726 2217 2160 8727 2218 2160 8728 2220 2160 8729 2219 2160 8730 2220 2160 8731 2222 2160 8732 2224 2160 8733 2190 2160 8734 2221 2160 8735 2221 2160 8736 2222 2160 8737 2224 2160 8738 2223 2160 8739 2224 2160 8740 2226 2160 8741 2225 2160 8742 2226 2160 8743 2228 2160 8744 2227 2160 8745 2228 2160 8746 2229 2160 8747 2229 2160 8748 2231 2160 8749 2188 2160 8750 2188 2160 8751 2246 2160 8752 2229 2160 8753 2232 2160 8754 2230 2160 8755 2231 2160 8756 2234 2160 8757 2232 2160 8758 2233 2160 8759 2236 2160 8760 2234 2160 8761 2235 2160 8762 2186 2160 8763 2236 2160 8764 2237 2160 8765 2237 2160 8766 2239 2160 8767 2238 2160 8768 2240 2160 8769 2238 2160 8770 2239 2160 8771 2184 2160 8772 2240 2160 8773 2241 2160 8774 2182 2160 8775 2241 2160 8776 2243 2160 8777 2243 2160 8778 2242 2160 8779 2182 2160 8780 2091 2160 8781 2242 2160 8782 2243 2160 8783 2252 2160 8784 2646 2160 8785 2249 2160 8786 2249 2160 8787 2250 2160 8788 2252 2160 8789 2252 2160 8790 2254 2160 8791 2378 2160 8792 2378 2160 8793 2251 2160 8794 2252 2160 8795 2256 2160 8796 2376 2160 8797 2253 2160 8798 2253 2160 8799 2254 2160 8800 2256 2160 8801 2255 2160 8802 2256 2160 8803 2258 2160 8804 2260 2160 8805 2372 2160 8806 2374 2160 8807 2260 2160 8808 2374 2160 8809 2257 2160 8810 2257 2160 8811 2258 2160 8812 2260 2160 8813 2347 2160 8814 2259 2160 8815 2260 2160 8816 2347 2160 8817 2260 2160 8818 2262 2160 8819 2262 2160 8820 2261 2160 8821 2347 2160 8822 2263 2160 8823 2261 2160 8824 2262 2160 8825 2265 2160 8826 2263 2160 8827 2264 2160 8828 2266 2160 8829 2268 2160 8830 2647 2160 8831 2647 2160 8832 2265 2160 8833 2266 2160 8834 2267 2160 8835 2268 2160 8836 2270 2160 8837 2272 2160 8838 2344 2160 8839 2269 2160 8840 2269 2160 8841 2270 2160 8842 2272 2160 8843 2271 2160 8844 2272 2160 8845 2274 2160 8846 2276 2160 8847 2342 2160 8848 2273 2160 8849 2273 2160 8850 2274 2160 8851 2276 2160 8852 2275 2160 8853 2276 2160 8854 2278 2160 8855 2279 2160 8856 2277 2160 8857 2278 2160 8858 2280 2160 8859 2282 2160 8860 2340 2160 8861 2282 2160 8862 2284 2160 8863 2338 2160 8864 2338 2160 8865 2281 2160 8866 2282 2160 8867 2284 2160 8868 2286 2160 8869 2336 2160 8870 2336 2160 8871 2283 2160 8872 2284 2160 8873 2286 2160 8874 2288 2160 8875 2334 2160 8876 2334 2160 8877 2285 2160 8878 2286 2160 8879 2290 2160 8880 2649 2160 8881 2332 2160 8882 2288 2160 8883 2290 2160 8884 2332 2160 8885 2332 2160 8886 2287 2160 8887 2288 2160 8888 2289 2160 8889 2290 2160 8890 2292 2160 8891 2291 2160 8892 2292 2160 8893 2293 2160 8894 2293 2160 8895 2661 2160 8896 2291 2160 8897 2295 2160 8898 2293 2160 8899 2294 2160 8900 2296 2160 8901 2298 2160 8902 2634 2160 8903 2634 2160 8904 2295 2160 8905 2296 2160 8906 2297 2160 8907 2298 2160 8908 2300 2160 8909 2299 2160 8910 2300 2160 8911 2302 2160 8912 2301 2160 8913 2302 2160 8914 2304 2160 8915 2303 2160 8916 2304 2160 8917 2306 2160 8918 2307 2160 8919 2305 2160 8920 2306 2160 8921 2309 2160 8922 2307 2160 8923 2308 2160 8924 2645 2160 8925 2309 2160 8926 2310 2160 8927 2310 2160 8928 2311 2160 8929 2312 2160 8930 2314 2160 8931 2645 2160 8932 2312 2160 8933 2312 2160 8934 2313 2160 8935 2315 2160 8936 2316 2160 8937 2314 2160 8938 2315 2160 8939 2318 2160 8940 2316 2160 8941 2317 2160 8942 2320 2160 8943 2318 2160 8944 2319 2160 8945 2322 2160 8946 2320 2160 8947 2321 2160 8948 2325 2160 8949 2322 2160 8950 2323 2160 8951 2327 2160 8952 2297 2160 8953 2299 2160 8954 2327 2160 8955 2299 2160 8956 2301 2160 8957 2327 2160 8958 2301 2160 8959 2303 2160 8960 2327 2160 8961 2303 2160 8962 2305 2160 8963 2327 2160 8964 2305 2160 8965 2307 2160 8966 2327 2160 8967 2307 2160 8968 2309 2160 8969 2327 2160 8970 2309 2160 8971 2645 2160 8972 2327 2160 8973 2645 2160 8974 2314 2160 8975 2327 2160 8976 2314 2160 8977 2316 2160 8978 2327 2160 8979 2316 2160 8980 2318 2160 8981 2327 2160 8982 2318 2160 8983 2320 2160 8984 2327 2160 8985 2320 2160 8986 2322 2160 8987 2327 2160 8988 2322 2160 8989 2325 2160 8990 2325 2160 8991 2326 2160 8992 2327 2160 8993 2327 2160 8994 2661 2160 8995 2293 2160 8996 2327 2160 8997 2328 2160 8998 2329 2160 8999 2327 2160 9000 2293 2160 9001 2295 2160 9002 2295 2160 9003 2634 2160 9004 2327 2160 9005 2331 2160 9006 2289 2160 9007 2291 2160 9008 2330 2160 9009 2331 2160 9010 2291 2160 9011 2329 2160 9012 2330 2160 9013 2291 2160 9014 2291 2160 9015 2661 2160 9016 2329 2160 9017 2649 2160 9018 2331 2160 9019 2333 2160 9020 2333 2160 9021 2335 2160 9022 2287 2160 9023 2287 2160 9024 2332 2160 9025 2333 2160 9026 2335 2160 9027 2337 2160 9028 2285 2160 9029 2285 2160 9030 2334 2160 9031 2335 2160 9032 2337 2160 9033 2339 2160 9034 2283 2160 9035 2283 2160 9036 2336 2160 9037 2337 2160 9038 2339 2160 9039 2341 2160 9040 2281 2160 9041 2281 2160 9042 2338 2160 9043 2339 2160 9044 2343 2160 9045 2275 2160 9046 2277 2160 9047 2341 2160 9048 2343 2160 9049 2277 2160 9050 2341 2160 9051 2277 2160 9052 2279 2160 9053 2279 2160 9054 2340 2160 9055 2341 2160 9056 2273 2160 9057 2342 2160 9058 2343 2160 9059 2271 2160 9060 2343 2160 9061 2345 2160 9062 2345 2160 9063 2344 2160 9064 2271 2160 9065 2345 2160 9066 2346 2160 9067 2267 2160 9068 2345 2160 9069 2267 2160 9070 2269 2160 9071 2269 2160 9072 2344 2160 9073 2345 2160 9074 2346 2160 9075 2348 2160 9076 2261 2160 9077 2346 2160 9078 2261 2160 9079 2263 2160 9080 2346 2160 9081 2263 2160 9082 2265 2160 9083 2265 2160 9084 2647 2160 9085 2346 2160 9086 2348 2160 9087 2370 2160 9088 2662 2160 9089 2368 2160 9090 2348 2160 9091 2350 2160 9092 2662 2160 9093 2347 2160 9094 2348 2160 9095 2350 2160 9096 2349 2160 9097 2368 2160 9098 2350 2160 9099 2352 2160 9100 2366 2160 9101 2366 2160 9102 2349 2160 9103 2350 2160 9104 2354 2160 9105 2651 2160 9106 2364 2160 9107 2352 2160 9108 2354 2160 9109 2364 2160 9110 2364 2160 9111 2351 2160 9112 2352 2160 9113 2655 2160 9114 2353 2160 9115 2354 2160 9116 2356 2160 9117 2361 2160 9118 2355 2160 9119 2355 2160 9120 2357 2160 9121 2356 2160 9122 2359 2160 9123 2356 2160 9124 2357 2160 9125 2362 2160 9126 2356 2160 9127 2359 2160 9128 2359 2160 9129 2360 2160 9130 2362 2160 9131 2363 2160 9132 2353 2160 9133 2655 2160 9134 2362 2160 9135 2363 2160 9136 2655 2160 9137 2655 2160 9138 2361 2160 9139 2362 2160 9140 2651 2160 9141 2363 2160 9142 2365 2160 9143 2365 2160 9144 2367 2160 9145 2351 2160 9146 2351 2160 9147 2364 2160 9148 2365 2160 9149 2369 2160 9150 2349 2160 9151 2366 2160 9152 2366 2160 9153 2367 2160 9154 2369 2160 9155 2368 2160 9156 2369 2160 9157 2371 2160 9158 2371 2160 9159 2259 2160 9160 2662 2160 9161 2371 2160 9162 2373 2160 9163 2372 2160 9164 2662 2160 9165 2370 2160 9166 2371 2160 9167 2374 2160 9168 2372 2160 9169 2373 2160 9170 2257 2160 9171 2374 2160 9172 2375 2160 9173 2376 2160 9174 2255 2160 9175 2375 2160 9176 2375 2160 9177 2377 2160 9178 2376 2160 9179 2253 2160 9180 2376 2160 9181 2377 2160 9182 2377 2160 9183 2379 2160 9184 2378 2160 9185 2251 2160 9186 2378 2160 9187 2379 2160 9188 2380 2160 9189 2646 2160 9190 2379 2160 9191 2379 2160 9192 2381 2160 9193 2380 2160 9194 2382 2160 9195 2380 2160 9196 2381 2160 9197 2384 2160 9198 2382 2160 9199 2383 2160 9200 2387 2160 9201 2384 2160 9202 2385 2160 9203 2380 2160 9204 2382 2160 9205 2249 2160 9206 2389 2160 9207 2382 2160 9208 2384 2160 9209 2249 2160 9210 2646 2160 9211 2380 2160 9212 2389 2160 9213 2384 2160 9214 2387 2160 9215 2387 2160 9216 2388 2160 9217 2389 2160 9218 2391 2160 9219 2392 2160 9220 2637 2160 9221 2637 2160 9222 2390 2160 9223 2391 2160 9224 2392 2160 9225 2394 2160 9226 2638 2160 9227 2638 2160 9228 2640 2160 9229 2392 2160 9230 2393 2160 9231 2394 2160 9232 2396 2160 9233 2396 2160 9234 2398 2160 9235 2639 2160 9236 2639 2160 9237 2395 2160 9238 2396 2160 9239 2398 2160 9240 2399 2160 9241 2641 2160 9242 2641 2160 9243 2397 2160 9244 2398 2160 9245 2399 2160 9246 2401 2160 9247 2643 2160 9248 2643 2160 9249 2644 2160 9250 2399 2160 9251 2401 2160 9252 2403 2160 9253 2642 2160 9254 2642 2160 9255 2400 2160 9256 2401 2160 9257 2404 2160 9258 2402 2160 9259 2403 2160 9260 2406 2160 9261 2404 2160 9262 2405 2160 9263 2407 2160 9264 2409 2160 9265 2624 2160 9266 2624 2160 9267 2406 2160 9268 2407 2160 9269 2408 2160 9270 2409 2160 9271 2411 2160 9272 2410 2160 9273 2411 2160 9274 2413 2160 9275 2412 2160 9276 2413 2160 9277 2415 2160 9278 2416 2160 9279 2414 2160 9280 2415 2160 9281 2418 2160 9282 2416 2160 9283 2417 2160 9284 2420 2160 9285 2418 2160 9286 2419 2160 9287 2421 2160 9288 2423 2160 9289 2622 2160 9290 2622 2160 9291 2420 2160 9292 2421 2160 9293 2422 2160 9294 2423 2160 9295 2425 2160 9296 2459 2160 9297 2656 2160 9298 2427 2160 9299 2427 2160 9300 2656 2160 9301 2657 2160 9302 2427 2160 9303 2426 2160 9304 2459 2160 9305 2427 2160 9306 2657 2160 9307 2619 2160 9308 2425 2160 9309 2427 2160 9310 2619 2160 9311 2425 2160 9312 2619 2160 9313 2592 2160 9314 2427 2160 9315 2429 2160 9316 2457 2160 9317 2457 2160 9318 2426 2160 9319 2427 2160 9320 2429 2160 9321 2431 2160 9322 2455 2160 9323 2455 2160 9324 2428 2160 9325 2429 2160 9326 2432 2160 9327 2430 2160 9328 2431 2160 9329 2433 2160 9330 2435 2160 9331 2453 2160 9332 2453 2160 9333 2432 2160 9334 2433 2160 9335 2435 2160 9336 2437 2160 9337 2449 2160 9338 2449 2160 9339 2434 2160 9340 2435 2160 9341 2447 2160 9342 2436 2160 9343 2437 2160 9344 2443 2160 9345 2445 2160 9346 2437 2160 9347 2441 2160 9348 2443 2160 9349 2437 2160 9350 2439 2160 9351 2441 2160 9352 2437 2160 9353 2437 2160 9354 2438 2160 9355 2439 2160 9356 2439 2160 9357 2440 2160 9358 2442 2160 9359 2441 2160 9360 2442 2160 9361 2444 2160 9362 2443 2160 9363 2444 2160 9364 2446 2160 9365 2445 2160 9366 2446 2160 9367 2448 2160 9368 2448 2160 9369 2450 2160 9370 2436 2160 9371 2436 2160 9372 2447 2160 9373 2448 2160 9374 2452 2160 9375 2434 2160 9376 2449 2160 9377 2449 2160 9378 2450 2160 9379 2452 2160 9380 2451 2160 9381 2452 2160 9382 2454 2160 9383 2456 2160 9384 2430 2160 9385 2432 2160 9386 2454 2160 9387 2456 2160 9388 2432 2160 9389 2432 2160 9390 2453 2160 9391 2454 2160 9392 2456 2160 9393 2458 2160 9394 2428 2160 9395 2428 2160 9396 2455 2160 9397 2456 2160 9398 2458 2160 9399 2460 2160 9400 2426 2160 9401 2426 2160 9402 2457 2160 9403 2458 2160 9404 2460 2160 9405 2462 2160 9406 2648 2160 9407 2459 2160 9408 2460 2160 9409 2648 2160 9410 2648 2160 9411 2658 2160 9412 2459 2160 9413 2462 2160 9414 2464 2160 9415 2558 2160 9416 2558 2160 9417 2461 2160 9418 2462 2160 9419 2466 2160 9420 2554 2160 9421 2556 2160 9422 2464 2160 9423 2466 2160 9424 2556 2160 9425 2556 2160 9426 2463 2160 9427 2464 2160 9428 2468 2160 9429 2552 2160 9430 2465 2160 9431 2465 2160 9432 2466 2160 9433 2468 2160 9434 2468 2160 9435 2470 2160 9436 2550 2160 9437 2550 2160 9438 2467 2160 9439 2468 2160 9440 2472 2160 9441 2546 2160 9442 2548 2160 9443 2470 2160 9444 2472 2160 9445 2548 2160 9446 2548 2160 9447 2469 2160 9448 2470 2160 9449 2471 2160 9450 2472 2160 9451 2474 2160 9452 2476 2160 9453 2544 2160 9454 2473 2160 9455 2473 2160 9456 2474 2160 9457 2476 2160 9458 2475 2160 9459 2476 2160 9460 2478 2160 9461 2480 2160 9462 2542 2160 9463 2477 2160 9464 2477 2160 9465 2478 2160 9466 2480 2160 9467 2479 2160 9468 2480 2160 9469 2482 2160 9470 2481 2160 9471 2482 2160 9472 2483 2160 9473 2483 2160 9474 2485 2160 9475 2484 2160 9476 2485 2160 9477 2487 2160 9478 2659 2160 9479 2659 2160 9480 2484 2160 9481 2485 2160 9482 2488 2160 9483 2486 2160 9484 2487 2160 9485 2490 2160 9486 2488 2160 9487 2489 2160 9488 2492 2160 9489 2490 2160 9490 2491 2160 9491 2539 2160 9492 2492 2160 9493 2493 2160 9494 2493 2160 9495 2495 2160 9496 2494 2160 9497 2496 2160 9498 2494 2160 9499 2495 2160 9500 2537 2160 9501 2496 2160 9502 2497 2160 9503 2497 2160 9504 2499 2160 9505 2498 2160 9506 2499 2160 9507 2501 2160 9508 2535 2160 9509 2535 2160 9510 2498 2160 9511 2499 2160 9512 2503 2160 9513 2653 2160 9514 2533 2160 9515 2501 2160 9516 2503 2160 9517 2533 2160 9518 2533 2160 9519 2500 2160 9520 2501 2160 9521 2503 2160 9522 2505 2160 9523 2530 2160 9524 2530 2160 9525 2502 2160 9526 2503 2160 9527 2505 2160 9528 2507 2160 9529 2650 2160 9530 2505 2160 9531 2650 2160 9532 2528 2160 9533 2528 2160 9534 2504 2160 9535 2505 2160 9536 2652 2160 9537 2506 2160 9538 2507 2160 9539 2524 2160 9540 2507 2160 9541 2509 2160 9542 2509 2160 9543 2508 2160 9544 2524 2160 9545 2509 2160 9546 2654 2160 9547 2522 2160 9548 2509 2160 9549 2511 2160 9550 2510 2160 9551 2522 2160 9552 2508 2160 9553 2509 2160 9554 2512 2160 9555 2510 2160 9556 2511 2160 9557 2514 2160 9558 2512 2160 9559 2513 2160 9560 2517 2160 9561 2514 2160 9562 2515 2160 9563 2510 2160 9564 2512 2160 9565 2520 2160 9566 2519 2160 9567 2512 2160 9568 2514 2160 9569 2520 2160 9570 2654 2160 9571 2510 2160 9572 2519 2160 9573 2514 2160 9574 2517 2160 9575 2517 2160 9576 2518 2160 9577 2519 2160 9578 2523 2160 9579 2654 2160 9580 2520 2160 9581 2520 2160 9582 2521 2160 9583 2523 2160 9584 2523 2160 9585 2525 2160 9586 2508 2160 9587 2508 2160 9588 2522 2160 9589 2523 2160 9590 2652 2160 9591 2524 2160 9592 2525 2160 9593 2526 2160 9594 2650 2160 9595 2506 2160 9596 2506 2160 9597 2652 2160 9598 2526 2160 9599 2650 2160 9600 2527 2160 9601 2529 2160 9602 2529 2160 9603 2531 2160 9604 2504 2160 9605 2504 2160 9606 2528 2160 9607 2529 2160 9608 2532 2160 9609 2502 2160 9610 2530 2160 9611 2530 2160 9612 2531 2160 9613 2532 2160 9614 2653 2160 9615 2532 2160 9616 2534 2160 9617 2536 2160 9618 2500 2160 9619 2533 2160 9620 2533 2160 9621 2534 2160 9622 2536 2160 9623 2538 2160 9624 2498 2160 9625 2535 2160 9626 2535 2160 9627 2536 2160 9628 2538 2160 9629 2540 2160 9630 2494 2160 9631 2496 2160 9632 2540 2160 9633 2496 2160 9634 2537 2160 9635 2537 2160 9636 2538 2160 9637 2540 2160 9638 2541 2160 9639 2486 2160 9640 2488 2160 9641 2541 2160 9642 2488 2160 9643 2490 2160 9644 2541 2160 9645 2490 2160 9646 2492 2160 9647 2541 2160 9648 2492 2160 9649 2539 2160 9650 2539 2160 9651 2540 2160 9652 2541 2160 9653 2541 2160 9654 2543 2160 9655 2481 2160 9656 2543 2160 9657 2542 2160 9658 2479 2160 9659 2541 2160 9660 2481 2160 9661 2660 2160 9662 2541 2160 9663 2660 2160 9664 2484 2160 9665 2484 2160 9666 2659 2160 9667 2541 2160 9668 2477 2160 9669 2542 2160 9670 2543 2160 9671 2475 2160 9672 2543 2160 9673 2545 2160 9674 2545 2160 9675 2544 2160 9676 2475 2160 9677 2473 2160 9678 2544 2160 9679 2545 2160 9680 2546 2160 9681 2471 2160 9682 2545 2160 9683 2545 2160 9684 2547 2160 9685 2546 2160 9686 2548 2160 9687 2546 2160 9688 2547 2160 9689 2469 2160 9690 2548 2160 9691 2549 2160 9692 2549 2160 9693 2551 2160 9694 2550 2160 9695 2551 2160 9696 2553 2160 9697 2467 2160 9698 2467 2160 9699 2550 2160 9700 2551 2160 9701 2553 2160 9702 2555 2160 9703 2465 2160 9704 2465 2160 9705 2552 2160 9706 2553 2160 9707 2556 2160 9708 2554 2160 9709 2555 2160 9710 2557 2160 9711 2559 2160 9712 2463 2160 9713 2463 2160 9714 2556 2160 9715 2557 2160 9716 2559 2160 9717 2560 2160 9718 2461 2160 9719 2461 2160 9720 2558 2160 9721 2559 2160 9722 2560 2160 9723 2561 2160 9724 2658 2160 9725 2658 2160 9726 2648 2160 9727 2560 2160 9728 2561 2160 9729 2563 2160 9730 2657 2160 9731 2563 2160 9732 2562 2160 9733 2617 2160 9734 2657 2160 9735 2656 2160 9736 2561 2160 9737 2563 2160 9738 2565 2160 9739 2621 2160 9740 2563 2160 9741 2621 2160 9742 2611 2160 9743 2563 2160 9744 2611 2160 9745 2613 2160 9746 2563 2160 9747 2613 2160 9748 2615 2160 9749 2615 2160 9750 2562 2160 9751 2563 2160 9752 2564 2160 9753 2565 2160 9754 2566 2160 9755 2566 2160 9756 2568 2160 9757 2567 2160 9758 2569 2160 9759 2567 2160 9760 2568 2160 9761 2570 2160 9762 2572 2160 9763 2623 2160 9764 2623 2160 9765 2569 2160 9766 2570 2160 9767 2571 2160 9768 2572 2160 9769 2574 2160 9770 2573 2160 9771 2574 2160 9772 2575 2160 9773 2575 2160 9774 2576 2160 9775 2626 2160 9776 2626 2160 9777 2627 2160 9778 2575 2160 9779 2576 2160 9780 2578 2160 9781 2628 2160 9782 2628 2160 9783 2629 2160 9784 2576 2160 9785 2578 2160 9786 2580 2160 9787 2631 2160 9788 2631 2160 9789 2577 2160 9790 2578 2160 9791 2580 2160 9792 2581 2160 9793 2632 2160 9794 2632 2160 9795 2579 2160 9796 2580 2160 9797 2581 2160 9798 2583 2160 9799 2633 2160 9800 2633 2160 9801 2635 2160 9802 2581 2160 9803 2583 2160 9804 2585 2160 9805 2630 2160 9806 2630 2160 9807 2582 2160 9808 2583 2160 9809 2586 2160 9810 2584 2160 9811 2585 2160 9812 2588 2160 9813 2586 2160 9814 2587 2160 9815 2589 2160 9816 2591 2160 9817 2625 2160 9818 2625 2160 9819 2588 2160 9820 2589 2160 9821 2590 2160 9822 2591 2160 9823 2391 2160 9824 2594 2160 9825 2422 2160 9826 2424 2160 9827 2593 2160 9828 2594 2160 9829 2424 2160 9830 2424 2160 9831 2592 2160 9832 2593 2160 9833 2595 2160 9834 2408 2160 9835 2410 2160 9836 2595 2160 9837 2410 2160 9838 2412 2160 9839 2595 2160 9840 2412 2160 9841 2414 2160 9842 2594 2160 9843 2595 2160 9844 2414 2160 9845 2594 2160 9846 2414 2160 9847 2416 2160 9848 2594 2160 9849 2416 2160 9850 2418 2160 9851 2594 2160 9852 2418 2160 9853 2420 2160 9854 2420 2160 9855 2622 2160 9856 2594 2160 9857 2596 2160 9858 2402 2160 9859 2404 2160 9860 2595 2160 9861 2596 2160 9862 2404 2160 9863 2595 2160 9864 2404 2160 9865 2406 2160 9866 2406 2160 9867 2624 2160 9868 2595 2160 9869 2596 2160 9870 2597 2160 9871 2400 2160 9872 2400 2160 9873 2642 2160 9874 2596 2160 9875 2597 2160 9876 2598 2160 9877 2644 2160 9878 2644 2160 9879 2643 2160 9880 2597 2160 9881 2598 2160 9882 2599 2160 9883 2397 2160 9884 2397 2160 9885 2641 2160 9886 2598 2160 9887 2599 2160 9888 2600 2160 9889 2393 2160 9890 2599 2160 9891 2393 2160 9892 2395 2160 9893 2395 2160 9894 2639 2160 9895 2599 2160 9896 2600 2160 9897 2601 2160 9898 2640 2160 9899 2640 2160 9900 2638 2160 9901 2600 2160 9902 2601 2160 9903 2602 2160 9904 2590 2160 9905 2601 2160 9906 2590 2160 9907 2390 2160 9908 2390 2160 9909 2637 2160 9910 2601 2160 9911 2602 2160 9912 2603 2160 9913 2584 2160 9914 2602 2160 9915 2584 2160 9916 2586 2160 9917 2602 2160 9918 2586 2160 9919 2588 2160 9920 2588 2160 9921 2625 2160 9922 2602 2160 9923 2603 2160 9924 2604 2160 9925 2582 2160 9926 2582 2160 9927 2630 2160 9928 2603 2160 9929 2604 2160 9930 2605 2160 9931 2635 2160 9932 2635 2160 9933 2633 2160 9934 2604 2160 9935 2605 2160 9936 2606 2160 9937 2579 2160 9938 2579 2160 9939 2632 2160 9940 2605 2160 9941 2606 2160 9942 2607 2160 9943 2577 2160 9944 2577 2160 9945 2631 2160 9946 2606 2160 9947 2607 2160 9948 2608 2160 9949 2629 2160 9950 2629 2160 9951 2628 2160 9952 2607 2160 9953 2609 2160 9954 2571 2160 9955 2573 2160 9956 2608 2160 9957 2609 2160 9958 2573 2160 9959 2608 2160 9960 2573 2160 9961 2627 2160 9962 2627 2160 9963 2626 2160 9964 2608 2160 9965 2610 2160 9966 2564 2160 9967 2636 2160 9968 2609 2160 9969 2610 2160 9970 2636 2160 9971 2609 2160 9972 2636 2160 9973 2567 2160 9974 2609 2160 9975 2567 2160 9976 2569 2160 9977 2569 2160 9978 2623 2160 9979 2609 2160 9980 2611 2160 9981 2621 2160 9982 2610 2160 9983 2611 2160 9984 2612 2160 9985 2614 2160 9986 2613 2160 9987 2614 2160 9988 2616 2160 9989 2618 2160 9990 2562 2160 9991 2615 2160 9992 2615 2160 9993 2616 2160 9994 2618 2160 9995 2619 2160 9996 2657 2160 9997 2617 2160 9998 2617 2160 9999 2618 2160 10000 2620 2160 10001</p>
        </triangles>
      </mesh>
    </geometry>
  </library_geometries>
  <library_visual_scenes>
    <visual_scene id="Scene" name="Scene">
      <node id="Layer_1" name="Layer 1" type="NODE">
        <matrix sid="transform">1 0 0 0 0 0.2535461 0 0 0 0 1 0 0 0 0 1</matrix>
        <instance_geometry url="#Layer_1-mesh" name="Layer 1">
          <bind_material>
            <technique_common>
              <instance_material symbol="Layer_1_Front_Inflation_Material-material" target="#Layer_1_Front_Inflation_Material-material">
                <bind_vertex_input semantic="UVMap" input_semantic="TEXCOORD" input_set="0"/>
              </instance_material>
              <instance_material symbol="Layer_1_Front_Bevel_Material-material" target="#Layer_1_Front_Bevel_Material-material">
                <bind_vertex_input semantic="UVMap" input_semantic="TEXCOORD" input_set="0"/>
              </instance_material>
              <instance_material symbol="Layer_1_Extrusion_Material-material" target="#Layer_1_Extrusion_Material-material">
                <bind_vertex_input semantic="UVMap" input_semantic="TEXCOORD" input_set="0"/>
              </instance_material>
              <instance_material symbol="Layer_1_Back_Bevel_Material-material" target="#Layer_1_Back_Bevel_Material-material">
                <bind_vertex_input semantic="UVMap" input_semantic="TEXCOORD" input_set="0"/>
              </instance_material>
              <instance_material symbol="Layer_1_Back_Inflation_Material-material" target="#Layer_1_Back_Inflation_Material-material">
                <bind_vertex_input semantic="UVMap" input_semantic="TEXCOORD" input_set="0"/>
              </instance_material>
            </technique_common>
          </bind_material>
        </instance_geometry>
      </node>
      <node id="Camera" name="Camera" type="NODE">
        <matrix sid="transform">0.6859207 -0.3240135 0.6515582 7.358891 0.7276763 0.3054208 -0.6141704 -6.925791 0 0.8953956 0.4452714 4.958309 0 0 0 1</matrix>
        <instance_camera url="#Camera-camera"/>
      </node>
      <node id="Light" name="Light" type="NODE">
        <matrix sid="transform">-0.2908646 -0.7711008 0.5663932 4.076245 0.9551712 -0.1998834 0.2183912 1.005454 -0.05518906 0.6045247 0.7946723 5.903862 0 0 0 1</matrix>
        <instance_light url="#Light-light"/>
      </node>
    </visual_scene>
  </library_visual_scenes>
  <scene>
    <instance_visual_scene url="#Scene"/>
  </scene>
</COLLADA>